date,sigma,VaR_0.95,ES_0.95,VaR_0.99,ES_0.99
2014-01-01,0.01080085873153815,0.015961300924776167,0.023911499947991723,0.028396434519719214,0.03798141131411166
2014-01-02,0.01028017384036665,0.015166306149595698,0.02273324411773353,0.02700197017054276,0.03612487698299046
2014-01-03,0.009908613937164154,0.014598999153135814,0.021892442647090678,0.026006882647581244,0.03480005706203697
2014-01-06,0.009445668873492744,0.013892162997421173,0.02084484604959228,0.024767053342251214,0.03314939767340882
2014-01-07,0.009117082632280268,0.01339046926789433,0.02010128951277757,0.023887055080788748,0.03197780301435792
2014-01-08,0.00885153676187392,0.012985027160540646,0.01950038678770846,0.023175887432886483,0.031030982714295725
2014-01-09,0.008527697935598856,0.012490581903429367,0.018767573157829412,0.022308603388781226,0.0298763152581747
2014-01-10,0.008162484654473933,0.011932965089030197,0.017941133433786352,0.02133051297553987,0.02857412461257267
2014-01-13,0.00789041978826401,0.011517569615079673,0.017325478898278287,0.020601886577835852,0.02760406042792889
2014-01-14,0.00758275987822364,0.011047826733805968,0.016629276475492068,0.0197779318530178,0.02650707990288524
2014-01-15,0.007337998878238367,0.010674119488876234,0.016075407753464017,0.019122428890793717,0.025634369349733153
2014-01-16,0.007127878885416462,0.010353303004114144,0.015599928032823007,0.01855969921684424,0.02488517345996742
2014-01-17,0.006892522698648677,0.009993955264321248,0.015067341426319884,0.017929383612588126,0.024045996352690367
2014-01-20,0.006641209955423896,0.009610244653186644,0.014498646789806516,0.017256334198513107,0.023149925151939168
2014-01-21,0.006419931664722205,0.009272391398845205,0.013997916999967157,0.016663721098225205,0.02236094365778593
2014-01-22,0.007937191661280617,0.011588982086046418,0.017431318789176448,0.02072714796062559,0.027770828447240537
2014-01-23,0.007773259431870665,0.011338686239029661,0.017060357180064042,0.0202881153451816,0.02718631789769865
2014-01-24,0.007461825225806904,0.010863180667750046,0.016355613917376215,0.019454052546676183,0.026075879885675734
2014-01-27,0.007308878804790479,0.010629658229030847,0.01600951205166955,0.019044441407467444,0.025530539918540825
2014-01-28,0.007411455927576024,0.010786275557573024,0.016241633426847635,0.01931915677407566,0.025896285023244228
2014-01-29,0.007159080592394099,0.010400942554338318,0.015670534255096315,0.018643261595456515,0.02499642508484794
2014-01-30,0.006948984781218642,0.01008016299072164,0.015195109255009706,0.018080596683216942,0.02424731541624509
2014-01-31,0.006693489816878097,0.00969006685930009,0.014616950686477899,0.01739634671705142,0.023336332246252214
2014-02-03,0.006475249912582197,0.009356852689669078,0.014123096449507273,0.016811870825262816,0.022558184307612507
2014-02-04,0.006528993025218883,0.009438909024455308,0.014244711531630982,0.016955802127776736,0.022749808714932707
2014-02-05,0.006504347534767221,0.009401279670362184,0.01418894134642567,0.016889798181079746,0.02266193368743213
2014-02-06,0.006392370269970039,0.009230309968797638,0.01393554842617635,0.016589907966622706,0.02226267179232839
2014-02-07,0.006180016260174445,0.008906082530785588,0.013455013357149447,0.01602119529397654,0.02150551037623707
2014-02-10,0.006168369132201437,0.008888299403136988,0.013428657116220152,0.01599000271473324,0.021463981817779768
2014-02-11,0.006427318895128039,0.009283670407849057,0.014014633535135962,0.01668350509736701,0.022387283286787796
2014-02-12,0.006212151988455913,0.008955148168205768,0.01352773317262564,0.016107259107586543,0.02162009231210983
2014-02-13,0.006036461137781527,0.00868689896278155,0.013130163024845157,0.015636735318830745,0.02099365566785266
2014-02-14,0.006161407193267054,0.008877669739838123,0.013412902971480359,0.015971357703499483,0.02143915859194394
2014-02-17,0.006062202891882971,0.008726202119761169,0.01318841394083171,0.01570567520740513,0.021085439491510545
2014-02-18,0.0058776428935687864,0.008444411276863892,0.012770773833094256,0.015211398645329069,0.020427379350278028
2014-02-19,0.005856498746046499,0.008412127861134194,0.012722926823287763,0.0151547717671279,0.02035198857854064
2014-02-20,0.006215401711183737,0.008960109926522956,0.013535086957641686,0.01611596230325343,0.0216316794004105
2014-02-21,0.006055535805577508,0.00871602264486495,0.0131733270169677,0.015687819851270383,0.021061667581043178
2014-02-24,0.006821471168208637,0.009885472002321233,0.014906559192363781,0.017739098033280956,0.02379265770627055
2014-02-25,0.006691853640435922,0.009687568703995689,0.014613248189122952,0.01739196481591263,0.023330498357487295
2014-02-26,0.007174616263429243,0.010424662807242285,0.015705689865110173,0.018684868217362326,0.02505181848519965
2014-02-27,0.00690047115213922,0.010006091162832784,0.015085327951040617,0.017950670642827685,0.024074337057471164
2014-02-28,0.006653111257035116,0.009628415859532731,0.014525578199280548,0.01728820748903303,0.02319235998229606
2014-03-03,0.007439010142434604,0.010828346025178653,0.016303985753284962,0.01939295067695498,0.02599453128834508
2014-03-04,0.00714442610991531,0.010378567722263973,0.01563737268326503,0.01860401491532657,0.02494417361704469
2014-03-05,0.007036998490013332,0.010214544532845142,0.015394275136886303,0.018316309263385837,0.024561133763497316
2014-03-06,0.00677383497989971,0.009812739873048374,0.0147987634457271,0.017611521897591673,0.023622807917081743
2014-03-07,0.006618890515049906,0.009576166770799175,0.01444814021434283,0.017196559727575278,0.02307034380051471
2014-03-10,0.00644815137251315,0.009315477957781926,0.014061775267792162,0.01673929728091434,0.02246156277928612
2014-03-11,0.0062753693016326245,0.009051669950436395,0.013670787386578592,0.01627656359667457,0.021845497570114808
2014-03-12,0.0061719749434574036,0.008893804846366444,0.013436816692591943,0.015999659563494476,0.021476838561852334
2014-03-13,0.006070152373008971,0.008738339587292341,0.013206402790984752,0.015726964989791013,0.021113783860389413
2014-03-14,0.006026007607129091,0.008670938249513729,0.013106507770684998,0.015608739354159965,0.020956382954803485
2014-03-17,0.005844514368048384,0.00839382981167312,0.012695807420578523,0.015122675986841621,0.0203092575341645
2014-03-18,0.005811781515684509,0.008343852470199881,0.012621736375321303,0.015035012994421039,0.020192546515274884
2014-03-19,0.005687799506344129,0.008154553623021477,0.012341177964986495,0.014702972455323704,0.01975048095761308
2014-03-20,0.005543630802226812,0.007934433223023053,0.012014939160966642,0.014316869225582875,0.019236438485466724
2014-03-21,0.005451360649705835,0.007793552835665854,0.011806141389012769,0.014069757315164109,0.018907443523643336
2014-03-24,0.005324874946014725,0.007600431285041992,0.011519917378396579,0.013731011544990315,0.018456450888212277
2014-03-25,0.005776534105019943,0.008290035837929404,0.012541975145792267,0.014940615675801072,0.020066869682527414
2014-03-26,0.005671188970381307,0.008129192239337613,0.012303590047277043,0.01465848720020375,0.019691255059577285
2014-03-27,0.00561559634612407,0.008044312023736126,0.012177789712446763,0.01450960265617663,0.01949303610365854
2014-03-28,0.005581567442624195,0.007992355838822341,0.012100785838076968,0.014418468664050648,0.01937170393391613
2014-03-31,0.005633490837060874,0.008071633782136423,0.012218283086910451,0.014557526515849017,0.01955684002292988
2014-04-01,0.005527331345595325,0.007909546803078819,0.011978055183475226,0.014273217082859054,0.01917832176011506
2014-04-02,0.009000511786610207,0.013212485971629367,0.019837501796103378,0.023574862637342736,0.031562162421239534
2014-04-03,0.00872718743299801,0.012795167480665691,0.019218997171414644,0.022842863162542595,0.03058760745600737
2014-04-04,0.009238783723761586,0.013576285552372499,0.020376686442894015,0.024212987014294116,0.032411735817673246
2014-04-07,0.0091096121209295,0.01337906310345114,0.020084384521479957,0.023867048044046574,0.031951166441972406
2014-04-08,0.008816701418029533,0.012931839682245292,0.01942155802259613,0.023082593684775204,0.0309067751313985
2014-04-09,0.010142716104417216,0.014956432224423662,0.022422191537674767,0.0266338398184814,0.035634762884818434
2014-04-10,0.01208107989615323,0.01791597476725034,0.026808507479425574,0.031825039427190754,0.04254611942036821
2014-04-11,0.011479541375505303,0.016997530638962054,0.02544728828314039,0.030214038155745006,0.04040129644968037
2014-04-14,0.01093001058893258,0.016158493225867168,0.024203757187531136,0.02874232060902219,0.038441910286227704
2014-04-15,0.011472234074413489,0.016986373668043245,0.025430752619707734,0.03019446821808404,0.040375241813613884
2014-04-16,0.011247323462080995,0.01664297449376592,0.0249218032632717,0.029592127270676352,0.039573309050999435
2014-04-17,0.01070587659201411,0.01581627980751812,0.023696565231117565,0.028142059542414267,0.037642746594125295
2014-04-18,0.011983280995887769,0.01776665294891506,0.02658719872554306,0.03156312078480032,0.04219741136494488
2014-04-21,0.011624935311844557,0.01721952175430355,0.02577629966042556,0.030603422722589944,0.04091970756344124
2014-04-22,0.011128900052947217,0.016462162657054868,0.024653823387886825,0.029274973412469627,0.039151063027746076
2014-04-23,0.01079872837067177,0.01595804823627543,0.023906679162610918,0.02839072912605518,0.03797381538007714
2014-04-24,0.010340226684045255,0.01525799634028244,0.022869137465874864,0.02716279978360887,0.03633899912838235
2014-04-25,0.009855350161344091,0.014517674681845585,0.021771912254398944,0.02586423507369737,0.034610141759919014
2014-04-28,0.010121058928942205,0.014923365504724801,0.022373183598894474,0.0265758389822447,0.03555754288003971
2014-04-29,0.010080446427637575,0.014861357317255509,0.02228128172646663,0.026467073227446687,0.03541273648326659
2014-04-30,0.009766174204736225,0.014381518590556922,0.02157011632643248,0.025625409837164017,0.03429217934587511
2014-05-01,0.009975383412329999,0.014700944465547244,0.02204353503469661,0.026185700305459716,0.03503812777432024
2014-05-02,0.009501054013680994,0.013976726421132641,0.020970176869523786,0.024915382215963847,0.03334687683198801
2014-05-05,0.009093807121383015,0.013354931633008594,0.020048619449017462,0.023824720124070373,0.03189481273407935
2014-05-06,0.009430503773126065,0.013869008541125213,0.020810529002513595,0.02472643915856434,0.033095325565800145
2014-05-07,0.008992440126098296,0.013200161957541763,0.019819236466689604,0.023553245642086374,0.031533382414168844
2014-05-08,0.008593266977110176,0.01259069436357356,0.018915949088752493,0.022484206123463017,0.030110105749676368
2014-05-09,0.008310949126145706,0.012159644374871263,0.018277093113622446,0.021728120850044944,0.029103483910842828
2014-05-12,0.00795193963743853,0.011611499666619281,0.01746469192749332,0.02076664502943518,0.027823413272565736
2014-05-13,0.007737552951742087,0.011284168687966414,0.016979557124017018,0.020192488576634787,0.02705900422425394
2014-05-14,0.007549285176836809,0.01099671671860391,0.01655352670294452,0.019688282088880727,0.02638772377521106
2014-05-15,0.0075070971229908925,0.010932302937925398,0.016458059518753027,0.0195752967919252,0.026237299647958373
2014-05-16,0.007271249854405865,0.010572205402074437,0.015924361645101363,0.01894366600434366,0.025396371557949618
2014-05-19,0.007555319111300112,0.011005929481358201,0.016567180869949034,0.01970444177900619,0.026409238143445663
2014-05-20,0.0072539823818696504,0.010545840991123361,0.01588528714815592,0.01889742138449698,0.025334803311744033
2014-05-21,0.007060021979452229,0.010249697375035675,0.01544637490226116,0.01837796927265545,0.024643225445607295
2014-05-22,0.007159053038489033,0.010400900484343712,0.015670471903470908,0.018643187802383304,0.024996326839687426
2014-05-23,0.00799408327953079,0.01167584563831637,0.017560058612498902,0.020879511385725805,0.02797367904695133
2014-05-26,0.00784361163302827,0.01144610174750909,0.01721955690448651,0.020476528026370882,0.027437163042110607
2014-05-27,0.007547062158997356,0.010993322559108478,0.016548496244457027,0.019682328547348676,0.026379797466982
2014-05-28,0.007601953725277706,0.011077132381775247,0.016672710157897667,0.019829335563581057,0.02657551675712541
2014-05-29,0.0073286732314904,0.010659880857094288,0.01605430478343737,0.019097453551306154,0.025601118176824034
2014-05-30,0.00704752077816483,0.010230610226790216,0.015418085982125667,0.01834448936991056,0.024598651635681496
2014-06-02,0.006857765092876402,0.009940886478467734,0.014988688574390844,0.017836298057516388,0.023922065949719348
2014-06-03,0.006618259649649582,0.009575203549654097,0.014446712631463736,0.01719487018496554,0.023068094410732376
2014-06-04,0.006388519853779886,0.009224431056608435,0.013926835334243222,0.016579596032864498,0.022248942894164972
2014-06-05,0.00618680685696471,0.00891645058459347,0.013470379772412736,0.01603938142784409,0.02152972267101206
2014-06-06,0.006016619903964275,0.008656604868435239,0.013085264373432218,0.015583597819220217,0.020922910515884345
2014-06-09,0.006590374813048682,0.009532628280464701,0.014383612142361998,0.01712019083247832,0.0229686692932668
2014-06-10,0.006938811711073212,0.010064630491603097,0.015172088653848208,0.018053351829602014,0.024211042702559464
2014-06-11,0.006745259475068103,0.009769110074249798,0.014734100046152245,0.017534992842450966,0.023520920179126378
2014-06-12,0.006889991532394592,0.009990090616083459,0.015061613659974448,0.01792260480805009,0.02403697132214279
2014-06-13,0.006639703425942729,0.009607944446119971,0.014495237670059165,0.01725229950941786,0.02314455352746906
2014-06-16,0.0066006790412350864,0.00954836103497584,0.014406929540548116,0.0171477869450127,0.023005409659096747
2014-06-17,0.006526606066156591,0.009435264555381465,0.014239310091183184,0.01694940952954363,0.022741297864087476
2014-06-18,0.00630357394803865,0.009094733513272169,0.013734611572053804,0.01635209944294397,0.02194606298931126
2014-06-19,0.006215416105473908,0.008960131904086878,0.013535119530425351,0.016116000853103475,0.021631730724146467
2014-06-20,0.006268691407797408,0.009041473974332186,0.013655676006397218,0.016258679296517822,0.021821687124728602
2014-06-23,0.006370184151259342,0.009196435645275683,0.013885343543789879,0.016530490549076644,0.022183565807578062
2014-06-24,0.007310926639477522,0.010632784914487322,0.016014146088877707,0.01904992578489515,0.025537841600355334
2014-06-25,0.007592040216592557,0.011061996187616305,0.016650276917362664,0.019802785850556757,0.026540169525953717
2014-06-26,0.007349700544416114,0.010691985886826221,0.016101887408686285,0.019153767530703393,0.025676092367548073
2014-06-27,0.007062472703359307,0.010253439201876765,0.01545192063593008,0.018384532641741128,0.024651963653968503
2014-06-30,0.007030297518132485,0.01020431332060098,0.01537911153348456,0.018298363157110982,0.02453724103190551
2014-07-01,0.011259823519050702,0.016662059894838373,0.024950089593935108,0.029625604108784162,0.0396178787807894
2014-07-02,0.010704929350069853,0.01581483353471612,0.0236944217209785,0.028139522700758778,0.03763936914411819
2014-07-03,0.01018078349377787,0.015014554471025423,0.022508334086109354,0.02673578942030337,0.03577049452682019
2014-07-04,0.010922725575957372,0.01614737028500483,0.024187271959791506,0.028722810361942883,0.03841593511982579
2014-07-07,0.01046764090200186,0.0154525355698178,0.023157462607838145,0.027504032240189148,0.0367933024391183
2014-07-08,0.010026717843607376,0.014779323165110724,0.022159699521070452,0.02632318083450002,0.03522116387859552
2014-07-09,0.009552500572459448,0.014055276319782217,0.021086595088786977,0.025053163037571626,0.033530312733835194
2014-07-10,0.009490661338230417,0.013960858623116138,0.020946659324365,0.024887549229729536,0.03330982110194218
2014-07-11,0.00922258130657467,0.01355154729469056,0.020340022055587124,0.02416959475628793,0.03235396509249054
2014-07-14,0.00944862986387001,0.013896683911930503,0.02085154646328683,0.024774983273749825,0.03315995526857381
2014-07-15,0.009014317467764963,0.0132335648325142,0.019868742618695097,0.023611836113072156,0.03161138743518348
2014-07-16,0.010137035877134265,0.014947759510679996,0.022409337773283276,0.02661862740387979,0.035614509681512224
2014-07-17,0.010010747295464443,0.014754938930911354,0.022123559829328118,0.02628040955305949,0.035164219896895825
2014-07-18,0.010009888510888767,0.014753627717042382,0.022121616489026944,0.026278109612164896,0.0351611578471325
2014-07-21,0.009533248922965835,0.014025882417595822,0.021043030605464058,0.025001604524281018,0.033461669781405384
2014-07-22,0.009410284191594079,0.013838136775981235,0.020764774189517502,0.024672288392756286,0.033023231391547114
2014-07-23,0.009287634913604547,0.013650872776517078,0.020487231611811853,0.024343817087925778,0.03258591777032319
2014-07-24,0.008859502428528765,0.012997189340543953,0.019518412264032243,0.023197220562301113,0.031059384793683344
2014-07-25,0.008495562949355228,0.012441517398971206,0.01869485502150778,0.022222541562448617,0.02976173596808396
2014-07-28,0.008264008085753923,0.012087973614905403,0.018170870414524025,0.021602406414213477,0.028936112714744132
2014-07-29,0.008011452032545895,0.01170236468684751,0.017599362296649056,0.020926027248351898,0.028035608414997245
2014-07-30,0.007973442530062573,0.011644330823384591,0.017513350740205724,0.02082423267539305,0.027900083172253294
2014-07-31,0.007652885496597702,0.011154896289998092,0.01678796346660832,0.01996573771495969,0.026757117152304236
2014-08-01,0.007730783435433011,0.0112738328203669,0.01696423841169323,0.02017435889913841,0.027034867093244416
2014-08-04,0.00750511683292708,0.010929279381296876,0.016453578328012038,0.019569993308106413,0.026230238800694732
2014-08-05,0.007438773921210245,0.01082798535667773,0.016303451209188233,0.01939231804466341,0.025993689026892523
2014-08-06,0.008347830701540373,0.0122159560909136,0.01836055228821094,0.021826894682167503,0.029234987459470823
2014-08-07,0.008004600520177416,0.011691903625604173,0.017583858035758973,0.02090767797435186,0.02801117892194327
2014-08-08,0.007730757193544379,0.011273792753591954,0.016964179029024747,0.020174288619822123,0.027034773526160016
2014-08-11,0.007414673327176702,0.010791187964127497,0.01624891406798404,0.019327773404049512,0.02590775686142673
2014-08-12,0.009402913985153421,0.01382688375959518,0.020748096177813775,0.024652549986088783,0.032996952462550834
2014-08-13,0.00923127774989575,0.01356482524287023,0.020359701203607947,0.024192885004154722,0.03238497280148687
2014-08-14,0.008832637236502626,0.012956170890312091,0.019457619124702646,0.023125271955476853,0.030963595282302532
2014-08-15,0.008494087073609349,0.012439263994797809,0.018691515267979682,0.022218588968189904,0.029756473641411627
2014-08-18,0.008299779097771284,0.012142589694877949,0.018251816499533068,0.021698206007860113,0.029063656480647848
2014-08-19,0.00799197106453212,0.011672620655382406,0.017555278889332088,0.02087385458914234,0.02796614781313558
2014-08-20,0.007656663269961166,0.011160664289294197,0.016796512175369354,0.019975855101432658,0.02677058703795558
2014-08-21,0.007493130810794062,0.010910978821529319,0.016426455204796273,0.019537893124605164,0.026187501894053444
2014-08-22,0.007202308011078724,0.010466943263368871,0.015768353413969118,0.01875903045160099,0.025150555132011768
2014-08-25,0.006933433251030575,0.010056418523664495,0.015159917757379925,0.01803894758836111,0.024191865469098257
2014-08-26,0.006693923203119477,0.0096907285643032,0.014617931394530537,0.017397507383844858,0.02333787751182339
2014-08-27,0.006457302133418028,0.009329449569464254,0.014082482489319589,0.016763804252532013,0.022494190385855546
2014-08-28,0.0073850283033368245,0.010745925196833102,0.016181830457973983,0.019248380032787702,0.02580205568699509
2014-08-29,0.007118050309693872,0.010338296487736563,0.015577686986761118,0.018533376965746272,0.02485012906255086
2014-09-01,0.00738031999887304,0.01073873643927141,0.016171176053978116,0.019235770558552634,0.025785267934888972
2014-09-02,0.007434946355249265,0.010822141332792589,0.01629478982495049,0.01938206730690012,0.025980041602640974
2014-09-03,0.0071777867889312175,0.010429503645245045,0.015712864435029568,0.018693359312179216,0.025063123190870805
2014-09-04,0.006997679158826491,0.0101545107900054,0.015305299574126043,0.018211006792537968,0.02442093824512755
2014-09-05,0.006740823911631749,0.009762337744541997,0.014724062826774503,0.01752311380546453,0.02350510490209975
2014-09-08,0.006533014768415709,0.00944504952302326,0.014253812318786148,0.01696657289836103,0.022764148490183458
2014-09-09,0.006391771213501193,0.009229395314328408,0.013934192823605508,0.016588303612620675,0.02226053581926762
2014-09-10,0.006194167697862546,0.008927689301433415,0.013487036590865763,0.016059094752325042,0.021555968206583502
2014-09-11,0.007226223438946413,0.010503457939564375,0.01582247154337138,0.0188230791922544,0.0252358270760083
2014-09-12,0.006971095251325099,0.010113921812053808,0.015245142952461668,0.01813981150360018,0.024326151671196734
2014-09-15,0.0067127743267634985,0.009719510933558356,0.014660589529454544,0.017447993234902225,0.023405092364450656
2014-09-16,0.0068763500534238945,0.009969262463219181,0.015030744409871174,0.017886071087911067,0.023988331781288463
2014-09-17,0.006904163147781526,0.010011728194548875,0.015093682553727564,0.017960558304996887,0.02408750109732811
2014-09-18,0.007484234234808802,0.010897395305769213,0.016406323177342235,0.01951406689447724,0.02615578059960816
2014-09-19,0.007212573527196842,0.010482616911321421,0.015791583210765348,0.01878652288799645,0.025187157467556946
2014-09-22,0.007022501786546241,0.010192410601730397,0.015361470602571519,0.018277485136724586,0.02450944486656354
2014-09-23,0.006988484881539295,0.010140472736417105,0.015284493879545055,0.01818638327818058,0.02438815547819317
2014-09-24,0.0068153292135335036,0.009876094311593277,0.014892660586838899,0.017722649050462457,0.02377075818525906
2014-09-25,0.00656913406904853,0.009500197378805402,0.014335546544758632,0.01706330525588409,0.02289293410078577
2014-09-26,0.006687165781173794,0.009680411162681615,0.01460264005049499,0.017379410096684485,0.023313783504018006
2014-09-29,0.006763724155558596,0.00979730241238792,0.014775883700355902,0.0175844437466341,0.023586757144678915
2014-09-30,0.006540953410401821,0.009457170441083296,0.014271776641091381,0.016987833652068716,0.02279245421143559
2014-10-01,0.006445106070349822,0.00931082831391912,0.014054884065282394,0.01673114155108382,0.022450704565209395
2014-10-02,0.006603154058396319,0.009552139953367796,0.014412530247328085,0.017154415374708774,0.023014234486565054
2014-10-03,0.006848006487581206,0.009925986794696855,0.014966605864139,0.017810163196657992,0.023887271036209124
2014-10-06,0.007534261701402319,0.01097377849881305,0.01651953013837818,0.019648047195859362,0.026334156640097663
2014-10-07,0.007280889936460965,0.010586924121584185,0.01594617614957072,0.018969483443983064,0.02543074386948309
2014-10-08,0.007945457162512245,0.011601602061015553,0.0174500227600066,0.020749284087467384,0.027800299605441257
2014-10-09,0.00764872497250272,0.011148543897267663,0.01677854863269445,0.019954595270416525,0.026742282545138253
2014-10-10,0.007671081506610744,0.011182678415300316,0.01682913914742569,0.020014469083375924,0.026821996156576152
2014-10-13,0.007448493787905646,0.01084282589338105,0.01632544625801214,0.019418349158327932,0.026028345815518238
2014-10-14,0.007333829035924524,0.010667752868855105,0.016065971833388655,0.019111261490803947,0.025619501517878854
2014-10-15,0.00708022386570326,0.010280542122580057,0.015492089672674288,0.018432072648115028,0.024715256526236618
2014-10-16,0.00804827227024129,0.011758582750949355,0.017682682670394648,0.021024636809844857,0.0281668932602474
2014-10-17,0.007708502943035028,0.011239814404727853,0.016913819971454108,0.02011468873613218,0.026955424613248364
2014-10-20,0.007445508280321079,0.010838267545383563,0.016318690364423828,0.019410353566442197,0.026017700802727292
2014-10-21,0.007393306753637948,0.010758564942766918,0.01620056373120351,0.019270550838983696,0.02583157301590766
2014-10-22,0.007275999939916539,0.01057945795198836,0.015935110595266946,0.018956387373856166,0.025413308282974393
2014-10-23,0.007025001845208684,0.010196227754115626,0.015367127975667909,0.01828418063093757,0.024518358981060313
2014-10-24,0.007006803117673746,0.010168441479632691,0.015325946145380735,0.018235441984631263,0.024453470287295234
2014-10-27,0.006882827206902643,0.009979151943903097,0.015045401535474803,0.0179034177783248,0.024011426474461105
2014-10-28,0.00684517134979638,0.009921658035087984,0.014960190241790058,0.017802570315372256,0.023877162176282066
2014-10-29,0.006596438271761531,0.009541886121585064,0.014397333119676836,0.017136429592525204,0.022990288932047586
2014-10-30,0.0064130072609594165,0.009261819045189482,0.013982247793422272,0.016645176611242325,0.022336254265936595
2014-10-31,0.006357366110034649,0.009176864737852671,0.013856337647783361,0.016496162106256086,0.022137862285169667
2014-11-03,0.006151505157775555,0.008862551063239531,0.013390495693590975,0.015944838717234854,0.02140385226915707
2014-11-04,0.006207856749689171,0.008948590089729494,0.013518013493401072,0.016095755878987098,0.02160477737141148
2014-11-05,0.006014917608446243,0.00865400576086443,0.013081412255475749,0.0155790388422806,0.020916840875446287
2014-11-06,0.005919797924200224,0.00850877463686876,0.012866166289181184,0.015324295501663279,0.020577685731207666
2014-11-07,0.005764249436210027,0.008271279296911415,0.012514176216164203,0.014907715676228728,0.02002306793260387
2014-11-10,0.005659453230673016,0.008111273817065022,0.012277033287194039,0.014627057306784708,0.01964941055047213
2014-11-11,0.0056570880980120275,0.008107662673089124,0.012271681237625492,0.014620723162597424,0.01964097752301688
2014-11-12,0.005566105133781344,0.00796874759715695,0.012065796239084856,0.01437705851598816,0.01931657211101924
2014-11-13,0.005434049721106112,0.007767122074905084,0.011766968555508968,0.01402339631411962,0.018845720332143264
2014-11-14,0.0053296773022881066,0.007607763643269832,0.011530784611869321,0.013743872902653692,0.018473573987889222
2014-11-17,0.007351356238971681,0.010694513842876584,0.016105634073504682,0.019158201703981723,0.025681995849359006
2014-11-18,0.007065938868149533,0.010258731429373408,0.015459764206853618,0.01839381549843679,0.024664322479890838
2014-11-19,0.007035446114330898,0.010212174326646388,0.015390762271947078,0.018312151791981562,0.024555598671548034
2014-11-20,0.006808768414639311,0.00986607711898729,0.014877814180347556,0.017705078346347183,0.02374736524916052
2014-11-21,0.006609906372653761,0.009562449556442632,0.01442781003319563,0.0171724989827913,0.02303831028259066
2014-11-24,0.006583138828610199,0.009521580197604188,0.014367237861108863,0.017100811890431514,0.022942868941158875
2014-11-25,0.0066182548556125275,0.009575196229997862,0.014446701783055793,0.017194857345887868,0.02306807731729539
2014-11-26,0.006397644809924204,0.00923836326893394,0.01394748416227759,0.016604033895853805,0.022281478492257298
2014-11-27,0.006198002093500883,0.008933543753041555,0.01349571342995403,0.016069363780885228,0.021569639982474017
2014-11-28,0.0064688310535894284,0.00934705221447113,0.014108571238270935,0.01679468025534313,0.02253529746705163
2014-12-01,0.006289401789226078,0.009073095105090835,0.013702541448584907,0.016314144490630043,0.021895531276508062
2014-12-02,0.006195948883059652,0.008930408859748506,0.013491067227972473,0.016063865006462928,0.02156231913307394
2014-12-03,0.006599114062582928,0.009545971586246232,0.014403388156397356,0.017143595721156084,0.022999829630475855
2014-12-04,0.006806312647452472,0.009862327591939932,0.01487225703426033,0.017698501470678255,0.02373860905867197
2014-12-05,0.006738630777959167,0.00975898921294345,0.014719099993052862,0.017517240297761024,0.02349728514772446
2014-12-08,0.006539789932341994,0.009455394013546638,0.014269143811081113,0.016984717700937835,0.02278830575812304
2014-12-09,0.006316279172811166,0.00911413216970124,0.013763362176146186,0.01638612574809311,0.021991364257649807
2014-12-10,0.006111944693174729,0.008802149151844317,0.013300974470959046,0.015838890458589227,0.021262796974617425
2014-12-11,0.005968373331210942,0.008582940788855423,0.012976087390192528,0.015454386991682854,0.02075088436303407
2014-12-12,0.007195352902462805,0.010456324028771863,0.015752614725530613,0.018740403732881095,0.025125756260100815
2014-12-15,0.00854820144808353,0.01252188718148629,0.0188139704770823,0.022363514559966633,0.029949421805880984
2014-12-16,0.008255272093646373,0.0120746352826448,0.018151101771706965,0.021579010249363643,0.02890496399209236
2014-12-17,0.007919820141714483,0.011562458813475653,0.01739200884460865,0.020680624688802794,0.027708889214885034
2014-12-18,0.007791308323023988,0.011366243739560182,0.017101199946181665,0.020336452709453584,0.027250672340535315
2014-12-19,0.0075223094584323255,0.010955529513920374,0.016492483453900027,0.01961603747751157,0.026291540175160936
2014-12-22,0.007365737583744638,0.010716471641438487,0.016138177563075826,0.01919671688450479,0.02573327342770128
2014-12-23,0.007500833693261077,0.010922739776031625,0.016443886027795833,0.019558522482530226,0.02621496700009182
2014-12-24,0.0076410507896071565,0.011136826761992187,0.016761182753844344,0.01993404277381374,0.026714919769205075
2014-12-25,0.00733142086260115,0.010664076009314388,0.016060522387271344,0.019104812077919073,0.025610915026267632
2014-12-26,0.007316540179963321,0.01064135580915345,0.016026848947973352,0.019064959603261752,0.02555785702774286
2014-12-29,0.007040664729437388,0.010220142239320027,0.015402571455926398,0.018326127946929522,0.024574205967957785
2014-12-30,0.00681024397680335,0.00986833004437605,0.014881153224272518,0.017709030100791442,0.02375262645773732
2014-12-31,0.006591333120831907,0.009534091448867698,0.01438578069334535,0.017122757309942723,0.022972086199210307
2015-01-01,0.006437828316090412,0.009299716455846457,0.014038415263262726,0.01671165074382421,0.022424755280209676
2015-01-02,0.006373461618833108,0.009201439765120806,0.01389276011251071,0.01653926804918216,0.02219525182185081
2015-01-05,0.006178978343466182,0.008904497813475496,0.013452664659436935,0.016018415613076195,0.021501809619725008
2015-01-06,0.006787781017180915,0.009834033033193822,0.01483032187965555,0.017648871265953738,0.02367253337951527
2015-01-07,0.006640254755714345,0.009608786230268632,0.014496485272071084,0.017253776044889108,0.023146519328025462
2015-01-08,0.006581528505723226,0.009519121516157494,0.014363593867664181,0.01709649922859972,0.02293712723485138
2015-01-09,0.006385975236432877,0.009220545870903981,0.013921077129471535,0.01657278120448583,0.022239869902909822
2015-01-12,0.006212367385202604,0.008955477041370927,0.013528220593092239,0.016107835969118887,0.021620860322593378
2015-01-13,0.006098048454868745,0.008780932026025545,0.01326952872693939,0.01580167445859784,0.021213249073524204
2015-01-14,0.005931008981217396,0.008525891960424758,0.012891535746827863,0.01535432022408581,0.020617659451577595
2015-01-15,0.0058921510762499265,0.008466562734731089,0.012803604343678197,0.015250253514873434,0.020479109177062735
2015-01-16,0.0057304096558146314,0.008219611869905677,0.012437600307737467,0.014817088181278432,0.019902410093041244
2015-01-19,0.005931583622991139,0.008526769337924033,0.012892836101479403,0.015355859192242211,0.020619708372526024
2015-01-20,0.0057585659838449215,0.008262601659031275,0.01250131515374675,0.014892494624422228,0.02000280323006685
2015-01-21,0.00601201889062034,0.008649579925651255,0.013074852758097288,0.015571275685071544,0.020906505316932358
2015-01-22,0.0066769909167956575,0.00966487592408349,0.014579615389171224,0.017352160437872428,0.02327750439288418
2015-01-23,0.006443322302793829,0.00930810481279359,0.014050847584565727,0.01672636438104062,0.022444344431157896
2015-01-26,0.006288736265115795,0.009072078966156513,0.013701035436644839,0.016312362127321556,0.021893158308941923
2015-01-27,0.006246947777515483,0.009008275253261762,0.013606472429368098,0.016200446922650397,0.021744158859964134
2015-01-28,0.006096881553227512,0.008779150371278768,0.013266888149719974,0.015798549338654308,0.021209088413219432
2015-01-29,0.005984871162723399,0.008608130092552527,0.013013420269436315,0.015498570409087344,0.020809708406349436
2015-01-30,0.0060047019594214246,0.008638408251242947,0.013058295302732444,0.015551679956685209,0.020880416344120658
2015-02-02,0.005824746958232832,0.00836364843366759,0.012651075825214055,0.015069736197862286,0.02023877560626115
2015-02-03,0.0056785072140198385,0.008140365917611705,0.012320150472556426,0.01467808644348035,0.019717348711973986
2015-02-04,0.005528147756087709,0.007910793319132678,0.011979902635626892,0.01427540354024475,0.019181232722451584
2015-02-05,0.005556146942295767,0.007953543180175562,0.012043261886013252,0.014350389136399164,0.019281065560546352
2015-02-06,0.0055771116638923856,0.007985552643893487,0.012090702873585175,0.014406535487777095,0.01935581657799752
2015-02-09,0.005986332594991557,0.008610361444061212,0.013016727338874438,0.015502484321765122,0.020814919233904543
2015-02-10,0.005808376919110909,0.00833865424660342,0.012614032126877495,0.015025895025711535,0.02018040721465434
2015-02-11,0.007087917302281867,0.010292288654862595,0.015509499120609432,0.018452676708677222,0.024742687952372975
2015-02-12,0.0073068863406690315,0.01062661608474523,0.016005003312300536,0.019039105319880727,0.025523435663918282
2015-02-13,0.007148037472715366,0.01038408164173044,0.015645544822204514,0.018613686631871466,0.024957050155492645
2015-02-16,0.0068802462113513405,0.009975211215042246,0.015039561010605048,0.01789650552420969,0.024002223774458264
2015-02-17,0.006638793508459732,0.009606555161243275,0.0144931786212994,0.017249862627702554,0.023141309160147647
2015-02-18,0.006509032628872128,0.00940843298976473,0.014199543227790028,0.01690234549484399,0.02267863868156154
2015-02-19,0.0063923933776009806,0.009230345250109191,0.013935600716345208,0.01658996985197427,0.022262754184022255
2015-02-20,0.007520515861045537,0.010952791004362195,0.0164884247292972,0.019611233981856022,0.02628514499223698
2015-02-23,0.007375741899490731,0.010731746482099801,0.0161608162905585,0.01922350979108298,0.025768944437090876
2015-02-24,0.007170607994433813,0.01041854288142359,0.015696619568673333,0.01867413353250627,0.025037526753051167
2015-02-25,0.007107849943119476,0.01032272231174439,0.01555460461661588,0.018506059008613844,0.024813759021751747
2015-02-26,0.006947800886367771,0.010078355390315399,0.015192430223921801,0.01807742605316659,0.02424309416559552
2015-02-27,0.007425194282227659,0.010807251622661166,0.016272721896555337,0.019355949940351228,0.025945269980358104
2015-03-02,0.007890391779898122,0.011517526851202865,0.017325415518255238,0.020601811567655275,0.027603960562360072
2015-03-03,0.007797484453577258,0.011375673610877622,0.01711517588816925,0.020352993219882102,0.02727269371776375
2015-03-04,0.007482850428001518,0.010895282474764699,0.016403191766259873,0.01951036087325092,0.02615084655045689
2015-03-05,0.007571615859782053,0.011030811766431663,0.016604058719179297,0.019748086668940356,0.026467345212721857
2015-03-06,0.00793355569260839,0.011583430597716042,0.017423090969703812,0.020717410346237093,0.02775786417502652
2015-03-09,0.007672681662084455,0.011185121572884961,0.01683276013307015,0.020018754515503997,0.026827701610339923
2015-03-10,0.007376261490800145,0.010732539807166878,0.01616199207172682,0.019224901326672747,0.02577079707218829
2015-03-11,0.0073558945595110685,0.01070144306471129,0.016115903821534213,0.019170355938346147,0.025698177513221097
2015-03-12,0.007233668666592379,0.010514825500211766,0.015839319320270998,0.018843018515825788,0.02526237349777339
2015-03-13,0.006958670800522347,0.010094951848376828,0.015217027710701606,0.018106537149002427,0.024281851519892678
2015-03-16,0.011015618518720372,0.01628920156415251,0.024397479041379927,0.02897159018860858,0.03874715067895287
2015-03-17,0.010777923816395215,0.015926283320046333,0.02385960061704928,0.028335011724357796,0.03789963544915731
2015-03-18,0.010396901469377981,0.015344528826605634,0.022997386618825454,0.0273145825009178,0.03654107659685353
2015-03-19,0.010215409843269734,0.015067422851491909,0.02258668991870813,0.026828523453357202,0.035893956927368076
2015-03-20,0.009730299377179409,0.014326744002410144,0.02148893531763996,0.02552933221150394,0.034164265419215106
2015-03-23,0.009585618759423561,0.014105841999805468,0.02116153810622359,0.02514185800801125,0.033648397687183904
2015-03-24,0.012129817652630893,0.017990388798482523,0.026918795960418962,0.03195556571097447,0.04271989691930625
2015-03-25,0.011534541445829556,0.017081506128329454,0.025571747729963127,0.03036133576043795,0.04059740261773399
2015-03-26,0.010957433174548394,0.01620036271863747,0.024265811650663126,0.02881576199104012,0.03853968721908497
2015-03-27,0.010486815234416304,0.01548181142234496,0.023200852130641075,0.027555383687916084,0.03686166971269839
2015-03-30,0.010236453494222158,0.015099552826533545,0.02263430951521462,0.026884881188193033,0.03596898937234147
2015-03-31,0.009803615631508696,0.014438685101750372,0.02165484238654264,0.025725683026768274,0.03442567907937584
2015-04-01,0.009566995494984454,0.014077407531709836,0.02111939559301479,0.025091982394629824,0.03358199528070931
2015-04-02,0.009121799052619643,0.013397670416978803,0.020111962282156975,0.023899686290433014,0.031994619704122707
2015-04-03,0.00871719339737442,0.012779908335953723,0.019196381706781496,0.022816097787518672,0.030551973101033296
2015-04-06,0.008439636820273816,0.012356127979824133,0.01856829999989829,0.022072763847531627,0.029562327879993005
2015-04-07,0.008291108938757582,0.012129351878239235,0.018232196830169942,0.021674986152912724,0.02903274248998259
2015-04-08,0.007965123966267387,0.011631629831160104,0.017494526694305332,0.020801954439850938,0.027870422816185274
2015-04-09,0.007655427157060054,0.011158776961056757,0.016793714980257134,0.01997254462440253,0.02676617960060342
2015-04-10,0.00807854050937995,0.011804797059021571,0.017751176551898555,0.021105699235712917,0.028274816547549007
2015-04-13,0.0077861334379457515,0.011358342594992493,0.017089489718714473,0.020322593669417965,0.027232220966258377
2015-04-14,0.0074940414146758986,0.010912369154417012,0.01642851580680532,0.019540331844589115,0.026190748708772568
2015-04-15,0.008606167857286668,0.012610391751589688,0.018945142440703253,0.022518756420166732,0.030156104639514424
2015-04-16,0.009764535310325855,0.014379016285390383,0.021566407678597795,0.025621020656939903,0.034286335766025716
2015-04-17,0.00931652577211751,0.013694984065240293,0.020552608624014902,0.02442119070274833,0.032688929921423256
2015-04-20,0.010232199882277691,0.015093058304935486,0.02262468403316549,0.026873489441836724,0.035953822854664336
2015-04-21,0.010469146101957424,0.015454833746931376,0.02316086871900714,0.027508063368635552,0.036798669323082255
2015-04-22,0.009971724357907101,0.014695357729312665,0.0220352549745679,0.026175900864317977,0.03502508118842783
2015-04-23,0.009627498221861973,0.014169784615368972,0.021256306980110284,0.025254016855566143,0.033797721512599466
2015-04-24,0.009295075507378523,0.013662233262052275,0.02050406890274043,0.02436374400136313,0.03261244766972978
2015-04-27,0.00886639603580492,0.013007714673350056,0.01953401178132641,0.023215682572140104,0.031083964378746116
2015-04-28,0.008473215329965955,0.012407396492155144,0.01864428467985919,0.02216269162430812,0.029682054142629668
2015-04-29,0.008187358989155272,0.0119709438482434,0.017997421469715606,0.021397129797941936,0.02866281559839291
2015-04-30,0.007891457874499708,0.01151915459122851,0.017327827979613776,0.020604666712753527,0.027607761788901553
2015-05-01,0.00789613214486584,0.011526291384674727,0.017338405367981445,0.020617185039085828,0.02762442819031785
2015-05-04,0.007638247144779905,0.011132546086622268,0.016754838396787524,0.019926534234914986,0.026704923199374998
2015-05-05,0.007522468979556703,0.010955773074781391,0.01649284443363659,0.019616464696592933,0.026292108957641412
2015-05-06,0.008032834437344146,0.011735011879772883,0.017647748457925595,0.02098329221166538,0.028111848707855693
2015-05-07,0.007730177166856116,0.011272907154269884,0.016962866488870926,0.02017273523013852,0.02703270540496429
2015-05-08,0.007638060218831437,0.011132260683387227,0.016754415402780318,0.019926033622019366,0.026704256703291487
2015-05-11,0.007583553634551627,0.011049038660912391,0.016631072663622574,0.01978005763949649,0.026509910090391043
2015-05-12,0.00749257388894229,0.010910128499252162,0.016425194948487758,0.019536401612789203,0.026185516154587796
2015-05-13,0.007509178660216329,0.01093548108126434,0.016462769821305213,0.01958087142929527,0.026244721498267558
2015-05-14,0.007249546615387034,0.010539068351399426,0.015875249469305575,0.01888554180372527,0.02531898731074334
2015-05-15,0.007007868187814358,0.01017006765548558,0.01532835628849049,0.01823829438608488,0.024457267861057452
2015-05-18,0.006764303611852444,0.009798187140817465,0.014777194949766401,0.017585995608724543,0.023588823232097916
2015-05-19,0.007059265479031096,0.010248542331183972,0.01544466302037846,0.018375943262519005,0.0246405280963522
2015-05-20,0.0068753299875474,0.009967705001007576,0.015028436106736966,0.017883339213945255,0.023984694673026195
2015-05-21,0.006624364437993854,0.00958452449389421,0.01446052713344198,0.017211219631338377,0.023089861412881926
2015-05-22,0.006578982877004129,0.009515234786264721,0.014357833374262496,0.017089681691630224,0.022928050637486208
2015-05-25,0.006693405498780168,0.009689938120309497,0.014616759883379581,0.017396120901815474,0.023336031604835123
2015-05-26,0.006585640660465472,0.009525400057344782,0.01437289924675646,0.017107512133494,0.022951789378084855
2015-05-27,0.006370135899471622,0.009196361973233761,0.013885234355005709,0.016530361324282723,0.022183393762830923
2015-05-28,0.0070257256259822895,0.010197332840787332,0.015368765816386527,0.018286119013445925,0.024520939666379183
2015-05-29,0.00686298325042968,0.009948853692537632,0.015000496722974765,0.017850272987075148,0.02394067161469469
2015-06-01,0.00884777212778825,0.01297927922262403,0.019491867811768426,0.023165805235171182,0.031017559677555734
2015-06-02,0.008489815011300155,0.01243274130271928,0.018681848034671433,0.022207147809268954,0.029741241337812682
2015-06-03,0.008194921532268792,0.011982490529094458,0.018014534719333886,0.021417383308154587,0.02868978031574671
2015-06-04,0.007981409147086322,0.011656494454435024,0.017531378367115637,0.02084556835002376,0.027928488640240293
2015-06-05,0.0076965465420983,0.01122155907134709,0.01688676387792908,0.0200826678821888,0.026912793322822894
2015-06-08,0.0073991454791336375,0.010767479655564408,0.016213776160588767,0.019286187733171364,0.025852391354439345
2015-06-09,0.007114266394509738,0.010332519110954331,0.015569124379697801,0.018523243130649368,0.0248366372778563
2015-06-10,0.007003398912158862,0.010163243853114502,0.015318242781862189,0.01822632506322973,0.024441332381018838
2015-06-11,0.006746160238635956,0.009770485382698837,0.014736138380552766,0.017537405208747175,0.023524131907594586
2015-06-12,0.006625400700490621,0.009586106685512623,0.014462872087845684,0.017213994882037276,0.02309355627120012
2015-06-15,0.006395320506593451,0.009234814464205373,0.01394222450524282,0.01659780909811843,0.022273191044315847
2015-06-16,0.006182709985920406,0.008910195378940236,0.013461108978741525,0.016028409454753798,0.02151511502275322
2015-06-17,0.006536454111761654,0.00945030079886483,0.014261595195566964,0.01697578392361223,0.022776411682579715
2015-06-18,0.006320428950158196,0.00912046815402686,0.013772752691285604,0.016397239411396137,0.02200616054661824
2015-06-19,0.00623339654849782,0.008987584896293505,0.013575807405535156,0.016164154904055157,0.02169584111092484
2015-06-22,0.006854230281159664,0.009935489439118792,0.014980689662602298,0.017826831355094983,0.023909462358915307
2015-06-23,0.007377588847475744,0.010734566448691904,0.016164995742024103,0.01922845616683452,0.025775529844887627
2015-06-24,0.007089300998106272,0.010294401316415663,0.015512630280549063,0.018456382432676426,0.024747621605807887
2015-06-25,0.007220782971562304,0.010495151297258747,0.015810160330729444,0.01880850888699179,0.02521642875151838
2015-06-26,0.008460158743919654,0.012387461368504545,0.018614738981696702,0.02212772432628924,0.029635500073838354
2015-06-29,0.008122864763624048,0.011872472444144706,0.017851477735724826,0.02122440556538606,0.028432857430049686
2015-06-30,0.007895667552203334,0.011525582032923712,0.0173373540430389,0.02061594079728865,0.027622771656313206
2015-07-01,0.007589336753620051,0.011057868472419498,0.016644159261438224,0.019795545612173816,0.026530530160751322
2015-07-02,0.008531178078399504,0.01249589547290355,0.018775448359538777,0.022317923680473632,0.029888723923561688
2015-07-03,0.01018900867534866,0.015027112884923276,0.02252694681773464,0.026757817565656625,0.03579982192276502
2015-07-06,0.010385010194330486,0.015326372929068983,0.02297047789842377,0.027282736062887544,0.036498677516832584
2015-07-07,0.011090811448316007,0.016404008018444945,0.02456763283149839,0.029172966993292377,0.03901525574137899
2015-07-08,0.010668235465541501,0.01575880838980461,0.023611387271326854,0.028041251530084972,0.03750853481893581
2015-07-09,0.010203528540985995,0.015049282180621546,0.022559803765635055,0.026796703723733044,0.03585159340585593
2015-07-10,0.009717108657858653,0.014306604080705713,0.021459086089808496,0.025494005686489164,0.03411723308989964
2015-07-13,0.009548082010799281,0.014048529948813508,0.021076596342662936,0.02504132953363438,0.03351455807769793
2015-07-14,0.009424701840723637,0.01386015000494702,0.02079739983207705,0.024710900801241713,0.033074638415328546
2015-07-15,0.00905069551355057,0.013289107746897146,0.019951062358075,0.023709261425004298,0.03174109561770463
2015-07-16,0.008640478789682852,0.012662778545308947,0.019022784517173805,0.0226106457237066,0.030278442400809888
2015-07-17,0.008410721337292966,0.0123119790938446,0.018502867265081914,0.021995324285063636,0.029459227928822697
2015-07-20,0.008046447930427117,0.011755797303080573,0.017678554378871565,0.021019750981823376,0.02816038846328849
2015-07-21,0.008315213825203229,0.012166155824552122,0.01828674368465691,0.021739542289185038,0.029118689960310435
2015-07-22,0.008266642266896967,0.012091995548864129,0.018176831292864026,0.021609461106514963,0.028945505051278905
2015-07-23,0.008152764302349756,0.011918123811162026,0.01791913728648754,0.02130448056183163,0.028539466093120497
2015-07-24,0.008090300708961579,0.01182275282724338,0.017777788662134513,0.021137194635970996,0.028316748269852313
2015-07-27,0.007747287223552825,0.011299031218761788,0.017001584770120814,0.020218558269140607,0.02709371237521342
2015-07-28,0.008248288272196664,0.01206397220857169,0.018135298109107714,0.021560306633803143,0.028880062742788516
2015-07-29,0.009375151122526616,0.013784494723334293,0.020685271703147164,0.024578197296351505,0.03289796225086849
2015-07-30,0.009373504068549149,0.013781979959935686,0.020681544591059593,0.024573786263706442,0.03289208957757563
2015-07-31,0.009751612262204687,0.014359285050799305,0.021537164162890598,0.02558641099149116,0.034240257835003556
2015-08-03,0.00943089014519315,0.013869598463705675,0.02081140332237271,0.024727473915059497,0.03309670319941174
2015-08-04,0.009181366483287377,0.01348861946688349,0.020246757191069824,0.02405921590200155,0.032207011079264235
2015-08-05,0.008777073249095166,0.012871334398172406,0.019331883592089184,0.02297646410479491,0.030765478432850955
2015-08-06,0.008429578642283617,0.012340770900935109,0.018545539387751348,0.022045826690600786,0.029526464821425437
2015-08-07,0.00812800958407141,0.011880327685278535,0.017863119930054867,0.02123818408828619,0.028451201607017237
2015-08-10,0.007812677145921135,0.011398870195297676,0.01714955537302662,0.02039368129860449,0.027326864206281495
2015-08-11,0.0075597201472222125,0.01101264909358966,0.016577139957148056,0.01971622834665367,0.026424930310474926
2015-08-12,0.007644004243235922,0.01114133616920453,0.016767866112659808,0.019941952520883592,0.026725450491625002
2015-08-13,0.0074044997184386846,0.010775654642672258,0.016225892248043456,0.019300527108011008,0.02587148222735577
2015-08-14,0.007138500438161689,0.01036952025773516,0.015623963503528335,0.018588145167336083,0.024923045266228135
2015-08-17,0.008827429506695962,0.012948219597587747,0.019445834573026288,0.023111324952829637,0.03094502679810565
2015-08-18,0.008547449314657184,0.012520738805271957,0.018812268477255242,0.022361500245231085,0.029946740027417134
2015-08-19,0.008247795340738804,0.012063219588435856,0.01813418265641456,0.021558986496890725,0.028878305165048267
2015-08-20,0.007895798674867638,0.011525782234302312,0.01733765076000979,0.020616291961464608,0.027623239182319813
2015-08-21,0.007635530247656178,0.011128397859825816,0.016748690340774145,0.019919258018063577,0.02669523593387172
2015-08-24,0.007346965235452381,0.010687809548369807,0.01609569768859123,0.019146442004461743,0.02566633945348527
2015-08-25,0.007691409960374157,0.011213716409302885,0.016875140326974004,0.02006891142370038,0.026894478521534874
2015-08-26,0.007382545891311536,0.010742134987776892,0.01617621301738469,0.01924173179864854,0.025793204492679526
2015-08-27,0.007131647821181919,0.010359057509943547,0.015608456743017626,0.01856979293503806,0.02489861183461397
2015-08-28,0.006926112909327716,0.010045241642013071,0.015143352584398872,0.018019342726185335,0.02416576433592284
2015-08-31,0.006690964432588838,0.009686211039111478,0.014611236004118348,0.017389583397394843,0.023327327831659476
2015-09-01,0.006491032761325075,0.009380950339708087,0.01415881139700179,0.016854139422400077,0.022614459035439006
2015-09-02,0.007147293324446192,0.010382945457454721,0.015643860891958798,0.01861169370246357,0.02495439684860283
2015-09-03,0.006925744479210891,0.010044679113653095,0.015142518865309741,0.01801835602065232,0.024164450675449676
2015-09-04,0.01054681334893206,0.015573418051170674,0.023336621632371064,0.02771606672890425,0.03707559671785966
2015-09-07,0.010055265529265164,0.0148229104888957,0.02222429996874426,0.02639963538614202,0.03532295242555815
2015-09-08,0.009659881726707474,0.014219228564273042,0.021329587488216745,0.025340744248225515,0.03391318691120636
2015-09-09,0.009532950946261297,0.01402542745927602,0.021042356315129622,0.025000806502486244,0.033460607326951206
2015-09-10,0.00908866109278671,0.013347074547242599,0.020036974520771838,0.02381093836558446,0.031876464249381675
2015-09-11,0.008700156923856516,0.012753896620108153,0.019157829936622878,0.02277047181419159,0.030491228496180134
2015-09-14,0.008419541348198622,0.012325445708117305,0.018522826033712875,0.022018945463584128,0.029490676225719447
2015-09-15,0.008119752799836585,0.01186772101963915,0.017844435684883135,0.02121607130673726,0.028421761529810227
2015-09-16,0.008097317873261897,0.011833466810018616,0.017793667776141695,0.021155987548181474,0.02834176840516169
2015-09-17,0.0077901414915291555,0.011364462191914695,0.017098559527696268,0.02033332777737157,0.027246511930341895
2015-09-18,0.007472235312065809,0.010879075049026191,0.016379170861385958,0.019481932161402923,0.026112997695040448
2015-09-21,0.007250612354400259,0.010540695548503828,0.015877661126004583,0.018888395996509943,0.025322787269412422
2015-09-22,0.007378598426926154,0.010736107899964667,0.01616728031546521,0.019231159956737257,0.02577912956314614
2015-09-23,0.0070896579635510645,0.010294946340226305,0.01551343805627611,0.018457338434271806,0.024748894388280585
2015-09-24,0.006855273557691086,0.009937082339941557,0.014983050489037943,0.017829625390324483,0.02391318222620986
2015-09-25,0.006758798054613325,0.009789781117685685,0.014764736445542829,0.017571250984053318,0.023569192825685738
2015-09-28,0.006586062208334231,0.00952604368722311,0.0143738531658014,0.017108641095529238,0.022953292433202897
2015-09-29,0.006584607156519217,0.009523822077550606,0.014370560534666066,0.01710474427056534,0.022948104355549913
2015-09-30,0.006374167652371305,0.009202517754867554,0.013894357793078828,0.016541158902201005,0.02219776922829914
2015-10-01,0.006289602427861693,0.009073401445201173,0.013702995472978926,0.0163146818279509,0.021896246666029604
2015-10-02,0.006246950538574136,0.00900827946891549,0.013606478677357065,0.01620045431713778,0.021744168704690318
2015-10-05,0.006804214983003892,0.009859124825151461,0.01486751023747715,0.01769288364242997,0.023731129705746635
2015-10-06,0.006559039892261245,0.009484785336048438,0.014312704471072728,0.017036271689320474,0.02285694268627048
2015-10-07,0.006649162018186684,0.009622386062425735,0.014516641481935478,0.017277630894870423,0.02317827872580441
2015-10-08,0.006818915357029534,0.009881569725592666,0.014900775657112657,0.01773225322631053,0.02378354480271156
2015-10-09,0.008361404536210105,0.012236680962759452,0.018391268466286685,0.021863247241747194,0.029283385810367123
2015-10-12,0.008083251043311352,0.01181198922059044,0.01776183600094809,0.021118314680762893,0.02829161224896044
2015-10-13,0.00786093067467852,0.011472544895479261,0.017258748096981028,0.020522910755258666,0.027498915161196416
2015-10-14,0.00770583218887968,0.011235736630174964,0.016907776332185747,0.020107536096372135,0.026945901873365836
2015-10-15,0.00909489182466705,0.013356587785238187,0.02005107401989168,0.023827625105729472,0.031898680311034315
2015-10-16,0.00868298249155959,0.012727674265332261,0.019118965980075765,0.022724476368651537,0.03042999199072859
2015-10-19,0.009703446815528162,0.014285744836552032,0.02142817075953695,0.025457417430526756,0.03406852094222073
2015-10-20,0.00960051837289227,0.014128591104034673,0.0211952543840257,0.025181761181986353,0.03370152318476241
2015-10-21,0.009181529071497895,0.01348886771064869,0.020247125111303776,0.02405965133515317,0.03220759079763091
2015-10-22,0.009088965937030409,0.013347539991093754,0.02003766435163413,0.02381175477957514,0.03187755119047343
2015-10-23,0.008731211088534842,0.01280131089904242,0.019228102285996626,0.02285363905463129,0.03060195404982523
2015-10-26,0.008342088511407313,0.012207188770733433,0.01834755830832513,0.021811516322698055,0.029214513323772617
2015-10-27,0.008120986170356207,0.011869604160739625,0.01784722667427087,0.021219374439299967,0.028426159189030794
2015-10-28,0.00808297484016404,0.011811567506684922,0.01776121098191225,0.02111757497149038,0.0282906274294774
2015-10-29,0.007895514938597423,0.011525349018635458,0.017337008694299213,0.020615532077473173,0.02762222750301901
2015-10-30,0.007567324407871643,0.01102425946982279,0.016594347609217307,0.0197365935820528,0.026452043774295046
2015-11-02,0.007339077397590205,0.010675766199322763,0.016077848330741936,0.01912531731104853,0.02563821487749364
2015-11-03,0.009110246167903709,0.01338003118230317,0.020085819303930313,0.023868746107340185,0.0319534271758541
2015-11-04,0.00869763113002106,0.012750040174614119,0.01915211432750282,0.022763707397715077,0.030482222621324984
2015-11-05,0.00831714848150304,0.012169109706403121,0.0182911216109295,0.021744723559630443,0.029125588097553175
2015-11-06,0.008197538411832305,0.011986486046566817,0.018020456445996348,0.021424391664493093,0.028699110962424668
2015-11-09,0.009388491376109347,0.01380486295770728,0.020715459311482817,0.024613924294283475,0.032945527753886025
2015-11-10,0.009206954934970061,0.013527688557878087,0.020304661199604754,0.02412774522602677,0.03229824829362291
2015-11-11,0.008991166928044005,0.013198218006760604,0.01981635535172741,0.023549835846015364,0.03152884274739881
2015-11-12,0.008700289865269792,0.012754099598398384,0.019158130769233794,0.022770827849222536,0.030491702507049197
2015-11-13,0.008414790661548965,0.012318192240369279,0.018512075723232206,0.022006222484140362,0.029473737357296276
2015-11-16,0.008050429902569798,0.011761877078203722,0.017687565168261827,0.02103041524016183,0.028174586432374592
2015-11-17,0.007721957340837018,0.011260356917362924,0.01694426587630289,0.020150721427674854,0.027003397104571773
2015-11-18,0.007547899183062812,0.010994600548483661,0.016550390342983626,0.01968457021066265,0.026382781928294095
2015-11-19,0.0076858105087518865,0.011205167025867609,0.016862469349513253,0.02005391533721009,0.02687451332886564
2015-11-20,0.007654496493399667,0.011157356000395132,0.01679160898505264,0.019970052181626702,0.026762861261497503
2015-11-23,0.007651984746795126,0.011153521002566225,0.016785925163357193,0.01996332538552875,0.026753905472916974
2015-11-24,0.007530046265721891,0.010967342265694187,0.016509991045249577,0.01963675769068594,0.026319126242261962
2015-11-25,0.007268528485003905,0.010568050346891202,0.01591820346878683,0.018936377810128083,0.025386668346260424
2015-11-26,0.00699429819786576,0.010149348653856562,0.01529764881061936,0.01820195212318682,0.024408883218753237
2015-11-27,0.0067397692447780525,0.009760727452688977,0.014721676225222552,0.017520289265416076,0.023501344421903412
2015-11-30,0.006616162580583811,0.00957200169191106,0.014441967181970015,0.0171892539512327,0.023060617180681437
2015-12-01,0.006500450226491117,0.009395329162157885,0.01418012214257226,0.0168793606639923,0.022648037592622714
2015-12-02,0.006529188075713577,0.009439206832451672,0.014245152910642482,0.016956324499302688,0.022750504179590587
2015-12-03,0.0063541053079029935,0.009171886063223316,0.013848958791227151,0.01648742923845176,0.022126235692566238
2015-12-04,0.006167402193662332,0.008886823057079048,0.013426469034732633,0.015987413122940795,0.021460534138339912
2015-12-07,0.006251502308340227,0.00901522922536747,0.013616778859589784,0.016212644570344846,0.02176039832260586
2015-12-08,0.006062295182504708,0.008726343031401438,0.013188622784923373,0.01570592237413487,0.021085768559456628
2015-12-09,0.006276748420496985,0.009053775623771857,0.01367390818933301,0.016280257062957604,0.021850414904114306
2015-12-10,0.007362122203846176,0.010710951588565235,0.016129996333859864,0.019187034409628687,0.025720382566039368
2015-12-11,0.00709164109943264,0.010297974241920894,0.015517925686807127,0.018462649539574303,0.024755965382484278
2015-12-14,0.006824558475760768,0.00989018578106714,0.014913545448705719,0.01774736625920682,0.023803665693170967
2015-12-15,0.007721890195254369,0.011260254397800158,0.016944113932823114,0.02015054160275042,0.027003157692824888
2015-12-16,0.007408018730018383,0.010781027557974956,0.01623385540576289,0.019309951495534886,0.025884029481789493
2015-12-17,0.00731455005136333,0.010638317230800675,0.01602234549364683,0.019059629770516423,0.02555076110056718
2015-12-18,0.007521833633246812,0.010954803012070993,0.016491406710924535,0.019614763153503155,0.026289843590897602
2015-12-21,0.007530968329917367,0.010968750096476704,0.016512077580758122,0.019639227102935163,0.026322413919441432
2015-12-22,0.007234219707950641,0.010515666844003672,0.01584056626963345,0.018844494278887184,0.025264338269974058
2015-12-23,0.007197231894971001,0.010459192921747146,0.01575686669042403,0.018745435928186692,0.025132455924635994
2015-12-24,0.006931075536048348,0.010052818705186917,0.015154582493248012,0.018032633309717768,0.024183458889837518
2015-12-25,0.007090868167811539,0.010296794110500208,0.015516176622825447,0.018460579524468713,0.024753209446764776
2015-12-28,0.007285035421624074,0.010593253552495546,0.01595555695194371,0.01898058561223878,0.025445524854403066
2015-12-29,0.007017278287204338,0.010184435231683404,0.01534965036607474,0.018263495901135587,0.024490820155108953
2015-12-30,0.008680095125062017,0.012723265761612406,0.019112432169574364,0.022716743611830393,0.03041969690608111
2015-12-31,0.008883980626679038,0.013034563268547735,0.019573803884134537,0.02326277647765682,0.031146663330088968
2016-01-01,0.008563905490310239,0.01254586450775623,0.01884950709361559,0.0224055721026271,0.030005415544177603
2016-01-04,0.008339809306537447,0.012203708823468145,0.018342400704423407,0.02180541230472214,0.029206386677195554
2016-01-05,0.008130711528383633,0.011884453081746661,0.017869234149408816,0.021245420259492116,0.028460835557342034
2016-01-06,0.010725147918103363,0.015845703752425156,0.023740174240532805,0.02819367075228125,0.03771145970467943
2016-01-07,0.010300159935308752,0.015196821421547383,0.022778470574826692,0.02705549562777912,0.036196138646300065
2016-01-08,0.009995300995862304,0.014731355132556953,0.022088606457585015,0.026239042279902366,0.0351091451559414
2016-01-11,0.009520385804597745,0.01400624268525761,0.02101392270456376,0.024967155358792115,0.033415805533641436
2016-01-12,0.009081659931349146,0.013336384998040327,0.02002113161958101,0.02379218831119831,0.031851501173273754
2016-01-13,0.008702512072648987,0.01275749252046273,0.0191631593937339,0.022776779220232732,0.03049962592553185
2016-01-14,0.008317132059190978,0.012169084632404417,0.018291084448942927,0.02174467957846431,0.02912552954277915
2016-01-15,0.008468818375873823,0.012400683112164246,0.018634334829417447,0.0221509159883517,0.029666376529618774
2016-01-18,0.008132220767040206,0.01188675742525042,0.01787264939973874,0.02124946220412442,0.028466216841545388
2016-01-19,0.011148585543012762,0.016492218957927678,0.024698369607365236,0.029327693809312154,0.03922125286569087
2016-01-20,0.010650785525252822,0.01573216538250417,0.02357189986880873,0.027994518236992727,0.03744631597262157
2016-01-21,0.011211219751406204,0.01658785044112343,0.02484010431575506,0.029495436665163095,0.03944457902736113
2016-01-22,0.010756505997670529,0.015893582056248225,0.02381113431773532,0.028277651917774007,0.03782326888574379
2016-01-25,0.012197693665714878,0.018094023600791535,0.02707239232840834,0.03213734682660641,0.042961913061289034
2016-01-26,0.01201298952278479,0.01781201267427275,0.026654426036375987,0.031642684225812095,0.04230333896347239
2016-01-27,0.011402660889086681,0.016880147580508747,0.02527331572720158,0.030008141846334324,0.04012717429854913
2016-01-28,0.010834936259243607,0.016013331350348825,0.02398861385388863,0.02848769873402437,0.038102916856480235
2016-01-29,0.010306801609145702,0.015206962096048132,0.022793499992913805,0.0270732829258965,0.036219819947031995
2016-02-01,0.010051058282874257,0.01481648675938985,0.0222147794071273,0.026388367812990202,0.03530795122714306
2016-02-02,0.010323737383651149,0.0152328200621112,0.02283182389166586,0.027118639213689684,0.03628020550329952
2016-02-03,0.010110937154163026,0.014907911324660357,0.02235027907381925,0.026548731504537404,0.03552145306316958
2016-02-04,0.010252995073750045,0.01512480892579987,0.022671741391673647,0.02692918176868195,0.03602796940192405
2016-02-05,0.009759064494188672,0.014370663305845986,0.021554027789879682,0.02560636907362425,0.03426682923117105
2016-02-08,0.00936715001577893,0.013772278432506727,0.020667166029574097,0.024556769253589402,0.03286943380762785
2016-02-09,0.00920797977363855,0.013529253307308437,0.020306980303071546,0.02413048988217312,0.032301902419571586
2016-02-10,0.008785479735112556,0.012884169632254996,0.0193509065968468,0.022998977807903765,0.030795452281065103
2016-02-11,0.00839919874378379,0.01229438610854458,0.01847679283271009,0.021964465225907056,0.029418143405733867
2016-02-12,0.008065655638063952,0.0117851241137359,0.017722019426336406,0.021071191812896288,0.02822887473829772
2016-02-15,0.008117374918333285,0.01186409041041047,0.017839054786008533,0.021209703019431172,0.028413283045565594
2016-02-16,0.007773264647811111,0.011338694202858598,0.01706036898319554,0.020288129314173446,0.02718633649545839
2016-02-17,0.007548730472477108,0.010995869782049365,0.016552271464590252,0.019686796515807545,0.026385745942351168
2016-02-18,0.008434523056818086,0.0123483201572855,0.018556728084314723,0.022059068499442894,0.029544094438658776
2016-02-19,0.008106847760606462,0.011848017281475432,0.017815232921425964,0.021181509871527105,0.028375747810608035
2016-02-22,0.009203587028601771,0.013522546353809013,0.02029703997728491,0.024118725518634497,0.03228623981420907
2016-02-23,0.009013673920424209,0.013232582248263812,0.019867286337901958,0.023610112606515878,0.03160909282715457
2016-02-24,0.008608552154162423,0.01261403215597023,0.018950537856899416,0.022525141888705316,0.030164605998168146
2016-02-25,0.008374961774751576,0.012257380495219659,0.01842194708904785,0.02189955535465753,0.029331724986736942
2016-02-26,0.008045086884689209,0.011753719224248699,0.01767547447372523,0.021016105917810012,0.028155535570144292
2016-02-29,0.008048138745861274,0.011758378882570857,0.017682380518590547,0.021024279213550368,0.028166417170774196
2016-03-01,0.007728293657837363,0.01127003136537279,0.016958604303583206,0.020167690939008633,0.027025989636530096
2016-03-02,0.007775646049857453,0.011342330187340856,0.0170657578486934,0.020294507029968517,0.027194827532417976
2016-03-03,0.007474018818606445,0.010881798151626914,0.01638320675145198,0.019486708632411795,0.026119356898425476
2016-03-04,0.007177530390083834,0.010429112169042281,0.01571228423106759,0.018692672641492377,0.025062208984849663
2016-03-07,0.006960430167823942,0.010097638094580835,0.01522100897617679,0.018111248971874147,0.02428812465332106
2016-03-08,0.006705195930609303,0.00970794004788645,0.01464344040605172,0.01742769726810898,0.02337807112209533
2016-03-09,0.006774494980832202,0.009813747579056061,0.014800256959289465,0.01761328946908527,0.023625161191414296
2016-03-10,0.006565232288439425,0.0094942400421307,0.014326717220480137,0.017052855761285804,0.022879022059595158
2016-03-11,0.0063449090785568886,0.009157845029182429,0.013828148679339593,0.01646280049621739,0.022093445965444533
2016-03-14,0.0065095081221858055,0.009409158984903857,0.01420061921977403,0.01690361893005488,0.022680334082515227
2016-03-15,0.006403559966590747,0.00924739467876359,0.013960869547464328,0.016619875483023214,0.022302569350877547
2016-03-16,0.006307686041097934,0.009101011960280361,0.01374391681156395,0.01636311218264296,0.0219607249126103
2016-03-17,0.006339523929697873,0.009149622848590912,0.013815962646774548,0.016448378341424288,0.022074244882592933
2016-03-18,0.006162651936398742,0.00887957024492846,0.013415719695908036,0.01597469129345082,0.021443596800919444
2016-03-21,0.006004372587001564,0.008637905357156108,0.013057549967155004,0.015550797852931317,0.020879241946292787
2016-03-22,0.007568957531985246,0.011026752964755231,0.01659804319946971,0.019740967308644088,0.026457866779792796
2016-03-23,0.0072665088514213974,0.010564966719589747,0.015913633247749265,0.01893096895906104,0.025379467217236353
2016-03-24,0.007325153994863865,0.010654507598184426,0.016046341116460316,0.0190880285610765,0.025588570119971833
2016-03-25,0.007078044404736249,0.010277214466811933,0.015487157778865304,0.018426235757760707,0.024707485522742566
2016-03-28,0.007046939333530344,0.01022972246251222,0.015416770233306808,0.01834293218277577,0.02459657845871041
2016-03-29,0.007621306200169614,0.011106680226713215,0.016716502798625178,0.019881164100883877,0.02664451920877741
2016-03-30,0.007325847349879789,0.01065556623004479,0.016047910106849327,0.019089885459303093,0.025591042320361253
2016-03-31,0.007043946847129696,0.010225153459082984,0.015409998547382526,0.01833491790067953,0.024585908562517116
2016-04-01,0.006801751394064752,0.009855363355656156,0.014861935391576837,0.01768628581905367,0.02372234562631427
2016-04-04,0.007189921695869162,0.010448031526073816,0.015740324469095672,0.018725858229264106,0.025106390955534703
2016-04-05,0.007049980408066554,0.010234365651527716,0.01542365186913549,0.018351076590450807,0.02460742159891997
2016-04-06,0.00784962516228191,0.011455283355076541,0.017233164896620846,0.020492633068593374,0.02745860465430232
2016-04-07,0.007531569965105148,0.010969668688198802,0.01651343901870209,0.019640838363094226,0.026324559087084788
2016-04-08,0.007243225251041601,0.010529416733478798,0.01586094487833034,0.018868612337617604,0.02529644809340516
2016-04-11,0.007017945397020707,0.010185453791713622,0.015351159966302992,0.018265282511178794,0.02449319877660867
2016-04-12,0.006755675037412293,0.009785012816550552,0.014757669381974238,0.017562887122872507,0.02355805751381342
2016-04-13,0.007557616403664352,0.011009437045064387,0.016572379403971948,0.019710594237731006,0.02641742928210774
2016-04-14,0.007260576475150145,0.01055590901843495,0.015900208896385503,0.01891508125546828,0.02535831496104561
2016-04-15,0.007003985986081191,0.010164140212330624,0.015319571269174777,0.01822789732635643,0.02444342562956549
2016-04-18,0.006783221407748535,0.009827071306942367,0.01482000395707225,0.017636660017063228,0.023656275808782476
2016-04-19,0.006551260432328799,0.009472907461147737,0.014295100361222259,0.017015437246617065,0.022829204538521133
2016-04-20,0.007119848216985222,0.010341041577765324,0.015581755464230341,0.018538192003907397,0.024856539612707316
2016-04-21,0.006985609937562071,0.010136083199713462,0.015277988179916997,0.01817868379054402,0.024377904686813844
2016-04-22,0.0068140415578990645,0.009874128286615467,0.0148897467558744,0.017719200535042313,0.02376616696908872
2016-04-25,0.006581061755637089,0.009518408870397871,0.014362537660696034,0.01709524920893115,0.022935463008418738
2016-04-26,0.011720098204589361,0.017364818850120877,0.025991643403065232,0.030858281781393368,0.04125901677026695
2016-04-27,0.011638084718374651,0.017239598598601125,0.025806055401702516,0.030638638606380598,0.040966592589434726
2016-04-28,0.013762194110413637,0.020482742191232386,0.030612694345354487,0.0363272899791619,0.0485402366037729
2016-04-29,0.013731734240151927,0.02043623529594635,0.030543766822521974,0.036245714339306234,0.048431630043795464
2016-05-02,0.013183691560026458,0.01959946996116704,0.029303603157247747,0.034777982142309635,0.04647754981634081
2016-05-03,0.012588306544210824,0.018690421158676883,0.027956308703293492,0.03318346078656071,0.04435466754946745
2016-05-04,0.011953555359346332,0.017721267100122354,0.026519932697361824,0.031483511521853684,0.042091422760917124
2016-05-05,0.011625384178806276,0.017220207095659464,0.025777315399740496,0.030604624848839915,0.040921308026482646
2016-05-06,0.011041347458884904,0.01632848515649127,0.02445570096075811,0.02904049575973205,0.03883888881372253
2016-05-09,0.01053219752847724,0.015551102249245993,0.023303547548684567,0.02767692359088779,0.03702348310190506
2016-05-10,0.01005569996829994,0.01482357380133022,0.022225283059159013,0.026400798872458133,0.03532450144492959
2016-05-11,0.00965716681269431,0.014215083365339626,0.021323443919776603,0.025333473342411598,0.033903506716607
2016-05-12,0.009211764224749569,0.013535031502357301,0.02031554412288174,0.02414062515255449,0.03231539611514674
2016-05-13,0.008796802591230751,0.01290145765348763,0.01937652904424761,0.023029301943394143,0.03083582462807613
2016-05-16,0.0091718465325944,0.013474084166955995,0.020225214531396075,0.02403372019034876,0.032173067103566516
2016-05-17,0.009066806796094578,0.013313706857916337,0.01998752051715026,0.023752409612147928,0.03179854139665559
2016-05-18,0.008692505239803769,0.012742213836631225,0.01914051497031733,0.022749979572523674,0.030463945941268934
2016-05-19,0.00836821136619561,0.01224707380181772,0.01840667161558482,0.02188147685030053,0.02930765598560836
2016-05-20,0.008015305127484421,0.011708247689017036,0.01760808145031154,0.020936346356159458,0.028049346864404426
2016-05-23,0.007919347940206049,0.011561737844347483,0.01739094030163803,0.020679360069490223,0.02770720555106747
2016-05-24,0.007613288187431055,0.011094438123393984,0.016698358868550627,0.019859690781598566,0.026615930486175898
2016-05-25,0.007377685996353698,0.01073471477803984,0.016165215579845005,0.019228716344629505,0.02577587623524811
2016-05-26,0.007159079851955092,0.010400941423817436,0.015670532579559745,0.01864325961246101,0.024996422444766655
2016-05-27,0.006888953718071423,0.009988506055097504,0.015059265193948772,0.017919825401350835,0.024033270930691145
2016-05-30,0.006915831514870742,0.010029543750613778,0.015120086856570937,0.017991807765457335,0.024129105385173905
2016-05-31,0.006798773072502571,0.009850815979458211,0.014855195759210845,0.017678309472304872,0.02371172623573263
2016-06-01,0.006948822442462681,0.010079915127829926,0.015194741899265514,0.018080161918138264,0.02424673658732414
2016-06-02,0.006781416426529638,0.009824315416263277,0.014815919472039685,0.017631826033970264,0.023649840036097824
2016-06-03,0.012055949041079515,0.017877604346256425,0.026751638964490645,0.03175773560858797,0.04245651379515061
2016-06-06,0.01145117285742865,0.016954216872741932,0.0253830932730943,0.03013806343904474,0.04030014673586048
2016-06-07,0.011253872657904592,0.01665297397051217,0.024936623413219384,0.02960966690020398,0.03959666061562883
2016-06-08,0.010811910322756309,0.015978174771943306,0.023936508551097392,0.02842603217122917,0.038020816449267136
2016-06-09,0.010288301636576661,0.015178715873077692,0.02275163647640184,0.027023737504768133,0.0361538571453806
2016-06-10,0.010456698668665184,0.015435828693011962,0.023132701470260336,0.027474727463831925,0.03675428722628396
2016-06-13,0.010913418356297892,0.016133159788164608,0.024166210688352265,0.028697884372683048,0.0383827496498456
2016-06-14,0.010395098925427304,0.015341776657208907,0.022993307649077737,0.02730975504515778,0.03653464951440016
2016-06-15,0.010099173451450961,0.014889950207770973,0.02232365903636295,0.026517226722423643,0.03547950885023705
2016-06-16,0.009659002471636716,0.014217886095537813,0.02132759782531127,0.025338389484584792,0.033910051872620924
2016-06-17,0.009723502247970346,0.014316365974741098,0.021473554120191387,0.025511128582937997,0.03414002983269501
2016-06-20,0.00927350833811502,0.013629303966098748,0.020455264638668712,0.024305984213897545,0.03253554858769053
2016-06-21,0.008889206419692158,0.013042542140629575,0.019585629310971058,0.02327677185600662,0.031165296219770794
2016-06-22,0.008514391598513416,0.01247026545361667,0.018737462299004554,0.022272967223802398,0.029828870686535582
2016-06-23,0.008156447793085254,0.011923747857372696,0.017927472643453703,0.021314345446713574,0.028552599808203783
2016-06-24,0.007867215450871911,0.011482140649689995,0.017272969892768247,0.020539742233361517,0.027521323921205168
2016-06-27,0.00796897148230278,0.011637504315320145,0.01750323322348945,0.020812258606603636,0.0278841413736667
2016-06-28,0.007876449947011916,0.011496240110433344,0.017293866598436,0.02056447345922995,0.027554250090958146
2016-06-29,0.015826806214760986,0.02363504383001736,0.03528469710636345,0.04185659959272293,0.05590173934210901
2016-06-30,0.0149755940989301,0.02233539178301188,0.033358492495341216,0.039576938766685506,0.052866689654858065
2016-07-01,0.01533610962602256,0.022885835948513,0.034174301689918724,0.04054244796116953,0.05415213016657238
2016-07-04,0.015157381412975566,0.022612949221897955,0.03376985830655024,0.040063789706413375,0.053514863618055616
2016-07-05,0.015725926880529345,0.023481018727699914,0.035056417650350113,0.04158643113279666,0.05554204780798304
2016-07-06,0.014881640368109949,0.022191940866003936,0.03314588496055318,0.03932531800656311,0.05253169179000341
2016-07-07,0.014099703653302275,0.020998060241975747,0.03137644338708601,0.037231186045756294,0.04974364784938055
2016-07-08,0.013534081348023133,0.020134453893785507,0.03009649885591328,0.035716373242111916,0.04772688637616782
2016-07-11,0.013229084793344037,0.019668777490399986,0.029406323329692872,0.03489955134208571,0.04663940221014672
2016-07-12,0.013202343858525896,0.019627948759195532,0.029345811371519592,0.03482793551281966,0.04654405574556149
2016-07-13,0.012546568546815648,0.018626694535496008,0.027861859950107048,0.03307168080146715,0.04420584812645317
2016-07-14,0.012686516745840433,0.018840370962269787,0.028178548189445214,0.03344648094946536,0.04470484212545999
2016-07-15,0.01465281546633055,0.021842565256244045,0.03262807797363788,0.03871249406420278,0.05171580238515996
2016-07-18,0.01424748276724504,0.02122369310641506,0.03171085217356279,0.037626958439847515,0.05027056346208468
2016-07-19,0.014470984854707155,0.02156494170952804,0.03221661418450689,0.03822552716772285,0.0510674740417581
2016-07-20,0.013817649569387943,0.02056741297943332,0.030738184289395516,0.03647580717606558,0.04873796648835288
2016-07-21,0.013093836335087,0.01946227674592161,0.029100270115595867,0.034537337733589815,0.046157165428855715
2016-07-22,0.013779773319747245,0.02050958256975879,0.03065247427029537,0.036374369472187466,0.048602916366898695
2016-07-25,0.01317983457861888,0.019593581025038907,0.02929487520890945,0.03476765262601389,0.046463797509486746
2016-07-26,0.012846615665030224,0.01908481401492215,0.028540835415657956,0.0338752474432454,0.045275684769237316
2016-07-27,0.012945659162598586,0.019236036115692714,0.028764960563972753,0.03414049928503801,0.045628830513674556
2016-07-28,0.013528873136958261,0.020126501866264038,0.03008471321519958,0.035702424950590325,0.0477083161760149
2016-07-29,0.013125309233966901,0.019510330358756447,0.029171490016977945,0.03462162640068464,0.0462693840053137
2016-08-01,0.01279338089005425,0.019003533822849382,0.028420370648864362,0.033732677537532556,0.045085872871430864
2016-08-02,0.012188642264100599,0.01808020369337071,0.027051909946636057,0.03211310595256685,0.042929639726443716
2016-08-03,0.029393416537586935,0.04434888536148523,0.06598452723538027,0.0781898113972477,0.10427433138064722
2016-08-04,0.02777963839449581,0.04188492834292961,0.06233271490496626,0.07386789592365364,0.09852030514278029
2016-08-05,0.02625908910060352,0.03956331547390829,0.05889186977751765,0.069795659879455,0.09309869215930824
2016-08-08,0.02526939171983036,0.038052220644645605,0.05665228739504527,0.06714511684015848,0.08956986465541798
2016-08-09,0.024578025812594474,0.036996625805406455,0.055087798152406345,0.06529354571485203,0.08710475655661698
2016-08-10,0.02363218842706643,0.035552497518961744,0.0529474663838636,0.06276046565702739,0.08373231459092077
2016-08-11,0.024382024876225573,0.0366973666508088,0.05464426839010975,0.0647686287779371,0.08640590303989201
2016-08-12,0.03206963604916837,0.0484350045576009,0.07204053403726182,0.08535708811824928,0.11381655833040298
2016-08-15,0.03080827738258523,0.04650913045108316,0.06918621037981049,0.08197899952397972,0.10931910563286054
2016-08-16,0.029218728039690858,0.04408216657346922,0.0655892253078325,0.0777219720443923,0.10365146868750016
2016-08-17,0.02759983318513057,0.04161039723127399,0.0619258343907867,0.073386353327532,0.09787919849697395
2016-08-18,0.028173881109716994,0.04248686802673459,0.06322484522336488,0.07492373107581554,0.09992600203933473
2016-08-19,0.026707999555913353,0.04024872323692643,0.05990770751393173,0.07099790261112655,0.09469931027981263
2016-08-22,0.02830307013044617,0.04268411706973889,0.06351718655967103,0.07526971669354018,0.10038663351962988
2016-08-23,0.027153157842696896,0.04092840209475724,0.060915054482671975,0.07219009652953172,0.0962865498103035
2016-08-24,0.026724323642951058,0.040273647263193775,0.05994464722747429,0.07104162071739946,0.09475751482640803
2016-08-25,0.025219405800678985,0.0379759008872804,0.056539174451555756,0.06701124780842879,0.08939163675491489
2016-08-26,0.024130179858674793,0.03631284334985871,0.054074369272078794,0.06409415386144367,0.08550793398195973
2016-08-29,0.02289473029889519,0.03442652791863124,0.051278675232397555,0.06078545334885099,0.08110286181453258
2016-08-30,0.04300591657848931,0.06513279246759111,0.09678820103028644,0.11464592205468016,0.15281054606024702
2016-08-31,0.0420208122249049,0.06362871038765,0.09455901219130926,0.11200767976153184,0.1492980952801762
2016-09-01,0.03981964714615374,0.06026791623635495,0.08957800423165052,0.10611266286932923,0.14144970442717444
2016-09-02,0.03784799421170307,0.05725754699396945,0.08511635841735511,0.10083231044762814,0.1344196533849254
2016-09-05,0.03611914592818137,0.05461789799361701,0.08120415431036027,0.09620222162157874,0.12825533741171463
2016-09-06,0.03526185094457501,0.053308958471246656,0.07926418480133031,0.09390627005540755,0.1251985988814642
2016-09-07,0.035592451586319136,0.05381372783812141,0.080012299717332,0.09479166315312121,0.12637737601077118
2016-09-08,0.03450317022257563,0.05215058568139554,0.07754736912421509,0.091874420779245,0.12249347562816099
2016-09-09,0.03545739905653453,0.053607526242157866,0.07970668986901891,0.09442997426749404,0.12589583782462221
2016-09-12,0.03390713480980578,0.051240543836493055,0.07619860288950384,0.09027815757275133,0.12036827433053635
2016-09-13,0.032264050669598816,0.04873184168516409,0.07248047413134485,0.08587775668717773,0.11450975573908705
2016-09-14,0.03053027421500365,0.04608466822938566,0.06855711808505183,0.08123446955446509,0.10832786806571239
2016-09-15,0.02973818661063452,0.04487528897211187,0.06676470610278101,0.07911315214263812,0.1055036304976542
2016-09-16,0.028256980089839356,0.04261374563762794,0.06341288958470094,0.07514628134988406,0.10022229661613956
2016-09-19,0.027354470612827423,0.04123577149061352,0.06137060437308275,0.07272923927352294,0.09700434300034506
2016-09-20,0.02599171315230058,0.039155079157637405,0.0582868257762409,0.0690795910361728,0.09214534660279777
2016-09-21,0.025400297569892292,0.038252090985814224,0.056948513737821116,0.06749570035833834,0.0900366175973706
2016-09-22,0.025017367274276985,0.03766742338851264,0.05608198225007987,0.06647016139127954,0.08867125583579406
2016-09-23,0.02380525126225712,0.03581673420431085,0.05333908960555082,0.06322395126594883,0.08434938088268466
2016-09-26,0.023596210234899995,0.03549756511113174,0.052866051471694986,0.06266411120700478,0.08360403211132283
2016-09-27,0.02227710772779285,0.03348352625796242,0.049881059500427545,0.059131376821469614,0.07890069016260123
2016-09-28,0.021089302981414634,0.031669956125015705,0.04719318072507142,0.05595027554372686,0.07466549853766596
2016-09-29,0.020398598342867752,0.03061537092742674,0.04563018786479618,0.054100475385136904,0.07220274823346215
2016-09-30,0.019448143902348433,0.029164193205407807,0.043479408180336666,0.05155503023146891,0.06881384387132364
2016-10-03,0.0185167083134596,0.027742053943948287,0.04137166618181426,0.049060520127022944,0.06549275240636956
2016-10-04,0.017624644635765935,0.026380028705806417,0.03935301872914998,0.04667145330977719,0.0623120439370719
2016-10-05,0.018667177843956165,0.02797179460398451,0.04171216310152495,0.0494634978194286,0.06602926086645959
2016-10-06,0.018332272397038524,0.02746045255240324,0.040954306858513735,0.04856657587298818,0.06483513468683649
2016-10-07,0.017403791474876848,0.02604282455034517,0.038853250963922455,0.04607997876445314,0.06152457826968003
2016-10-10,0.01647039541617796,0.024617691994318597,0.03674107262583477,0.04358021825750057,0.058196496627808576
2016-10-11,0.01564160924607774,0.023352280444755336,0.03486561560083671,0.04136061713810764,0.0552414080434488
2016-10-12,0.01504783893279454,0.022445697010664612,0.03352197505100995,0.03977042017347162,0.05312428309878095
2016-10-13,0.015091316917987515,0.02251208029093614,0.03362036121586724,0.03988686008051255,0.05327930655639872
2016-10-14,0.014291043497954061,0.02129020272461965,0.03180942558292892,0.03774361995053805,0.05042588195398113
2016-10-17,0.013542625136898452,0.020147498765321615,0.03011583256277808,0.03573925466078861,0.047757349786252935
2016-10-18,0.013427181258076541,0.0199712361503579,0.0298545950550342,0.035430080386525335,0.047345727463453335
2016-10-19,0.012997751421468865,0.019315571885467106,0.02888283993548117,0.03428000937855972,0.04581456869931834
2016-10-20,0.012423982000960192,0.018439526317030438,0.027584459328705437,0.03274337750175067,0.04376875818055103
2016-10-21,0.011990536413027914,0.01777773070211276,0.026603616980981768,0.03158255177024254,0.042223281005557986
2016-10-24,0.011388525118516001,0.016858564730809468,0.025241327946544795,0.029970284346638874,0.040076772330283304
2016-10-25,0.010918468408318942,0.016140870334483883,0.024177638431576234,0.02871140909295868,0.03840075592410091
2016-10-26,0.010950872716600434,0.016190346046596756,0.024250966015697695,0.02879819220002483,0.038516295498651404
2016-10-27,0.010449575635208371,0.0154249530665484,0.0231165827853476,0.02745565101974466,0.036728889607919146
2016-10-28,0.01009359799913368,0.014881437467077586,0.022311042366836814,0.02650229490930825,0.0354596292285809
2016-10-31,0.009957934990799028,0.014674303777124233,0.02200405106896944,0.026138971079805406,0.03497591434323097
2016-11-01,0.009483735662621772,0.013950284327574204,0.020930987239765036,0.024869001336571953,0.03328512717524742
2016-11-02,0.009055108338787992,0.01329584535935147,0.019961048123270153,0.023721079566027915,0.03175682982027018
2016-11-03,0.008765619127838948,0.012853845958028718,0.01930596410531426,0.022945788423564747,0.030724638051834424
2016-11-04,0.008421943364888074,0.012329113167554653,0.018528261548007054,0.022025378388173186,0.029499240765469892
2016-11-07,0.008090535585812188,0.011823111443120683,0.017778320164053073,0.021137823667848388,0.028317585737856737
2016-11-08,0.00829266275584214,0.01213172428520697,0.018235712956852466,0.02167914748458625,0.0290382827213407
2016-11-09,0.009245265570168991,0.013586182198337807,0.020391354188107787,0.0242303462730036,0.0324348472437746
2016-11-10,0.008896887121315124,0.013054269228861846,0.01960300994102424,0.02329734181064039,0.03119268223863155
2016-11-11,0.008578301608883163,0.012567844863327144,0.018882084014761644,0.022444126849378618,0.030056745799421598
2016-11-14,0.008231933953156436,0.01203900202332325,0.01809828998368334,0.02151650756215091,0.028821750402109724
2016-11-15,0.00830663355878434,0.012153055258185917,0.01826732743289958,0.021716563178727933,0.02908809648727727
2016-11-16,0.008564309497750604,0.012546481356467742,0.018850421320492822,0.0224066540890299,0.030006856057808368
2016-11-17,0.008730036990890795,0.012799518257257732,0.019225445424970223,0.022850494662821897,0.03059776773172532
2016-11-18,0.008690587399519467,0.012739285629895247,0.01913617509694133,0.022744843337635323,0.030457107762574327
2016-11-21,0.008416080851404493,0.012320162134659526,0.018514995288875825,0.022009677786546306,0.029478337609389366
2016-11-22,0.008514520061709838,0.012470461594452885,0.018737752997875837,0.022273311265564755,0.029829328730044215
2016-11-23,0.008325962269786248,0.012182566819819513,0.018311066298412143,0.021768328073128944,0.029157014207302955
2016-11-24,0.008172746244422296,0.011948632742408115,0.0179643543460682,0.021357994897123315,0.028610712949115647
2016-11-25,0.007912736682923785,0.011551643610606711,0.0173759797130551,0.020661654231007746,0.027683632702451142
2016-11-28,0.008057542501692105,0.011772736773263178,0.017703660241359286,0.021049463739694293,0.02819994684647141
2016-11-29,0.007720423280816085,0.011258014675976372,0.016940794457803377,0.020146613008081817,0.02699792731825158
2016-11-30,0.0074165490786417005,0.010794051908596593,0.016253158698733318,0.019332796919404396,0.025914444969821013
2016-12-01,0.008569544978007647,0.01255447501927702,0.018862268668556222,0.022420675411125187,0.030025523487960296
2016-12-02,0.009589164796334189,0.014111256178062501,0.02116956241946006,0.025151354773015527,0.03366104130211422
2016-12-05,0.009737413951227368,0.014337606712835706,0.02150503485978905,0.025548386000153606,0.034189632875032044
2016-12-06,0.009335892700496005,0.013724553978124759,0.020596433971481417,0.024473057948437186,0.03275798390787972
2016-12-07,0.008938484484367525,0.01311778112799443,0.019697140453299303,0.023408745158000472,0.03134100022115864
2016-12-08,0.008682417804879106,0.012726812087519516,0.019117688152766328,0.022722964061577255,0.030427978565283714
2016-12-09,0.008297482657626622,0.012139083432362027,0.018246619893994544,0.02169205583149424,0.029055468380627628
2016-12-12,0.008102543443080994,0.011841445341322213,0.017805492697913324,0.021169982328787588,0.028360400499031355
2016-12-13,0.008670355164393169,0.012708394544925523,0.01909039165017551,0.022690658683795453,0.030384968471144573
2016-12-14,0.00872149070877654,0.01278646957898177,0.01920610607616466,0.022827606566915137,0.030567295431841866
2016-12-15,0.00845038297344239,0.012372535476502373,0.018592617428420617,0.02210154349475867,0.029600643956804947
2016-12-16,0.008083913177683916,0.011813000183988037,0.017763334342263758,0.021120087965896685,0.028293973130206127
2016-12-19,0.008127967691821815,0.01188026372313922,0.017863025132244977,0.02123807189519291,0.02845105223759842
2016-12-20,0.008971723948385742,0.013168531976871237,0.019772357908113488,0.023497764924744327,0.03145951759537906
2016-12-21,0.008819995043573899,0.012936868472485933,0.019429011155126255,0.023091414458104774,0.030918518757919365
2016-12-22,0.008642118600187395,0.012665282249191088,0.019026495238034458,0.02261503735735444,0.030284289247049977
2016-12-23,0.010330762478314015,0.01524354615316324,0.02284772095125984,0.027137453364480417,0.03630525391480931
2016-12-26,0.009831420885049121,0.014481138861523336,0.021717762787444042,0.025800149245088336,0.034524820438494565
2016-12-27,0.010921230589508219,0.01614508770212948,0.024183888960726742,0.028718806586643865,0.03841060465275353
2016-12-28,0.011001704048672373,0.016267956601651916,0.02436599204082164,0.028934325361553655,0.0386975377714507
2016-12-29,0.01094391989729581,0.01617973030737776,0.024235232507732882,0.028779571612389285,0.038491504789422114
2016-12-30,0.010419601714159878,0.015379188130731632,0.02304875491511379,0.027375376817408745,0.03662201573005486
2017-01-02,0.010176990988454166,0.015008763978602253,0.022499752040452365,0.02672563257965438,0.03575697211344927
2017-01-03,0.009814736072616636,0.014455664070659235,0.021680006789798117,0.025755465067566978,0.03446532970309118
2017-01-04,0.009607841980889764,0.014139772972746819,0.021211826948292274,0.0252013747917396,0.033727635964114294
2017-01-05,0.00917200491926657,0.013474325995706873,0.020225572943985116,0.024034144371214136,0.03217363184108716
2017-01-06,0.01103233168850663,0.016314719651736892,0.02443529920877224,0.029016350310947125,0.038806742524263055
2017-01-09,0.01099348021728189,0.016255400249243285,0.024347382364514163,0.028912300832165325,0.03866821518965764
2017-01-10,0.010457428613833773,0.015436943191636823,0.023134353260364563,0.02747668235542127,0.03675688989113616
2017-01-11,0.010195553841013713,0.015037106208322194,0.022541757847852114,0.026775346401876236,0.035823159117613725
2017-01-12,0.009986090597762697,0.014717292465307195,0.02206776428327985,0.026214375591835558,0.035076304909248734
2017-01-13,0.009566522078466949,0.01407668470747529,0.021118324300604834,0.025090714521359126,0.03358030728470142
2017-01-16,0.009843926730827623,0.014500233101094516,0.021746062217580523,0.02583364158640668,0.03456941080864197
2017-01-17,0.009415313312331124,0.013845815363890145,0.0207761545674197,0.02468575705623092,0.03304116303400878
2017-01-18,0.00897872116923834,0.013179215509489368,0.01978819189216981,0.02351650442571258,0.03148446662108644
2017-01-19,0.009971612110248992,0.014695186346767797,0.02203500096977567,0.02617560024995377,0.03502468096242857
2017-01-20,0.011417062357991403,0.01690213610510069,0.025305904755592808,0.030046710921995852,0.04017852363073358
2017-01-23,0.013292098991660287,0.01976498915175796,0.029548917915812163,0.03506831186218884,0.04686408324949662
2017-01-24,0.012917822752138843,0.019193534784752452,0.028701969658198902,0.03406594962428673,0.04552957806262413
2017-01-25,0.012894102242073007,0.019157317713954552,0.028648292607538015,0.03400242289978995,0.04544500111016091
2017-01-26,0.012311797475324213,0.01826824016440934,0.027330597398704085,0.0324429322148197,0.04336875728404885
2017-01-27,0.01187351538079808,0.01759906004969642,0.026338810538879303,0.03126915366648503,0.04180603524428936
2017-01-30,0.011316747498536627,0.01674897285705622,0.02507890264737302,0.029778054201637403,0.039820844766496964
2017-01-31,0.01078336048864971,0.015934584167852702,0.02387190324170706,0.02834957186575155,0.03791902024187679
2017-02-01,0.010309994107911509,0.015211836483382236,0.022800724286047108,0.02708183286807687,0.03623120299974061
2017-02-02,0.010206145365193932,0.015053277613575621,0.0225657253670336,0.026803711931821853,0.03586092385516015
2017-02-03,0.010085912324667573,0.014869702786183454,0.022293650483756085,0.026481711636729993,0.03543222547873894
2017-02-06,0.010628678369980776,0.015698411622344477,0.023521873672482763,0.027935312294183025,0.03736749153691797
2017-02-07,0.01015933906967299,0.014981812585464317,0.022459807581583256,0.026678358360923877,0.03569403310027052
2017-02-08,0.010645601282713354,0.015724249950729546,0.023560168466378643,0.027980634136414148,0.0374278312337352
2017-02-09,0.010773804920858061,0.015919994486844002,0.02385027998423822,0.02832398076670581,0.037884949271200764
2017-02-10,0.011468103418332412,0.016980066878546946,0.02542140537400723,0.0301834057641096,0.04036051370270727
2017-02-13,0.011271555286474909,0.016679972252127813,0.02497663736515179,0.029657023363890794,0.039659709126468844
2017-02-14,0.012358247988334804,0.018339161974844028,0.027435710085285163,0.032567332952180235,0.04353437947429202
2017-02-15,0.013288697765641894,0.01975979607440988,0.029541221294584724,0.035059202920280676,0.046851955966800085
2017-02-16,0.012739092697492883,0.018920645246337832,0.028297522107483233,0.03358728643748023,0.044892304947771834
2017-02-17,0.012143283016455897,0.018010948054317077,0.026949266680238892,0.03199162777100546,0.04276790851066607
2017-02-20,0.011527875748778579,0.017071328774581895,0.02555666394983773,0.03034348412491404,0.04057363566073981
2017-02-21,0.011266701122149793,0.016672560792064795,0.02496565289543877,0.029644023257278926,0.03964240130196446
2017-02-22,0.010855277802280454,0.01604438932938297,0.02403464465310327,0.028542176129188076,0.03817544589205666
2017-02-23,0.010454779723545223,0.015432898799385138,0.023128359096755983,0.027469588270044695,0.03674744510822916
2017-02-24,0.009952876402677847,0.01466658019767279,0.021992604009437436,0.026125423498702595,0.03495787763298028
2017-02-27,0.009632923904497985,0.014178068683949708,0.021268584736402824,0.02526854756527973,0.03381706712115143
2017-02-28,0.009190396071931924,0.013502406069714028,0.0202671902123571,0.024083398357966846,0.03223920663861067
2017-03-01,0.009116199232395362,0.013389120470752712,0.020099290470588158,0.023884689216776837,0.031974653197180104
2017-03-02,0.008948821156883564,0.013133563419323285,0.019720531269633707,0.0234364281608245,0.03137785626926176
2017-03-03,0.011094689034359133,0.01640992841424837,0.024576407405986933,0.029183351691580508,0.039029081515341325
2017-03-06,0.010579583138789301,0.015623451789736918,0.023410776263339435,0.027803828644912824,0.037192439439676914
2017-03-07,0.010072762562678014,0.014849625399161442,0.02226389393811128,0.026446494800970964,0.035385339185332654
2017-03-08,0.009758768012006511,0.014370210629400502,0.021553356881494165,0.02560557505436193,0.03426577210552927
2017-03-09,0.010402115393549113,0.0153524895770413,0.02300918518770526,0.027328546092908333,0.03655966716744181
2017-03-10,0.009902326288739643,0.014589399013530437,0.021878214351742746,0.02599004347725616,0.0347776380609097
2017-03-13,0.009432134716204405,0.01387149870599821,0.020814219657309722,0.0247308070440491,0.03310114079468115
2017-03-14,0.009462242967717176,0.013917468740943184,0.020882351503432598,0.02481144100148185,0.033208493636162156
2017-03-15,0.009749469960116355,0.014356014130140843,0.021532316355764733,0.02558067361762455,0.03423261932380022
2017-03-16,0.010135578913206041,0.014945534981544998,0.02240604081523434,0.026614725458018882,0.035609314786100785
2017-03-17,0.009651052216184541,0.014205747445745983,0.021309607222938516,0.025317097628449,0.03388170474283397
2017-03-20,0.00924978495310437,0.013593082505762865,0.02040158108230631,0.024242449789910886,0.03245096138443295
2017-03-21,0.008926546942978135,0.01309955458984443,0.019670127036971144,0.023376774812467936,0.03129843617562101
2017-03-22,0.008553904173591274,0.012530594246084891,0.018826875152619826,0.02237878722784796,0.029969755228005573
2017-03-23,0.008222978858751926,0.012025329160170229,0.018078025535124276,0.02149252461180545,0.028789820456604682
2017-03-24,0.008237992322057044,0.012048252093190388,0.018111999443281707,0.02153273269099429,0.02884335189284872
2017-03-27,0.007934793268634973,0.011585320159890219,0.017425891475717017,0.020720724741714526,0.02776227682924346
2017-03-28,0.007840926324561844,0.011442001751068336,0.017213480330323792,0.020469336408203222,0.027427588407927625
2017-03-29,0.007632094125885311,0.011123151502766028,0.01674091475408314,0.019910055620624843,0.026682984228201565
2017-03-30,0.00806268647004563,0.011780590713398726,0.017715300507489477,0.021063239980572235,0.028218287985245446
2017-03-31,0.008254306181729546,0.012073160504059554,0.018148916013359037,0.021576423407004094,0.028901519973138026
2017-04-03,0.008257466014366154,0.01207798501592679,0.018156066386434674,0.021584885864885675,0.028912786552733338
2017-04-04,0.007922438529508635,0.011566456633752449,0.01739793398424041,0.020687637084386326,0.027718225239253044
2017-04-05,0.007700155444665384,0.011227069234468038,0.016894930449616867,0.02009233300989805,0.026925661089157324
2017-04-06,0.007468812003608525,0.010873848255655544,0.016371424269892795,0.019472764079745748,0.026100791676036007
2017-04-07,0.0072264109975541235,0.010503744308759444,0.015822895969020746,0.01882358149949678,0.02523649582787765
2017-04-10,0.007063943276045418,0.010255684509205255,0.015455248389184703,0.018388471033690703,0.02465720707225174
2017-04-11,0.006818317976382317,0.009880657629810007,0.014899423846752108,0.01773065336038479,0.02378141480489693
2017-04-12,0.006576815442265317,0.009511925492443993,0.01435292869455888,0.01708387700913667,0.022920322514256023
2017-04-13,0.006729550289109113,0.009745124894400162,0.014698551789887031,0.017492921524181856,0.023464908100532714
2017-04-14,0.006490132660436025,0.009379576043053697,0.014156774562174575,0.01685172883084706,0.022611249669793245
2017-04-17,0.006316930401774735,0.009115126482446358,0.013764835839653943,0.0163878698270711,0.02199368625498214
2017-04-18,0.006180896330144373,0.008907426243729345,0.013457004864087106,0.016023552240027123,0.021508648320396125
2017-04-19,0.006011195512625993,0.008648322771440325,0.013072989539212328,0.015569070567776074,0.020903569511534676
2017-04-20,0.009337723224160611,0.013727348867651767,0.020600576256415773,0.024477960337643972,0.03276451075374157
2017-04-21,0.008924264738254932,0.01309607006232769,0.01966496264471289,0.02337066276048028,0.03129029883288049
2017-04-24,0.00959269578013241,0.014116647372849268,0.021177552669066575,0.025160811223754978,0.03367363124423695
2017-04-25,0.009429896987724935,0.013868082085927963,0.020809155910171722,0.024724814105439464,0.03309316203475109
2017-04-26,0.009344906182066907,0.013738315988270532,0.020616830544133918,0.024497197267487336,0.032790122036454296
2017-04-27,0.008923108159665728,0.01309430416907614,0.01966234542748806,0.02336756528706207,0.031286174980059124
2017-04-28,0.0086173853810424,0.01262751894872461,0.018970526531907658,0.02254879846138712,0.030196101417442486
2017-05-01,0.009014425109599806,0.013233729182772373,0.01986898620098764,0.023612124392420594,0.03161177123883371
2017-05-02,0.009787342841363365,0.014413839396867256,0.021618018752539808,0.025682102300490162,0.03436765743503743
2017-05-03,0.010139206392288496,0.014951073507756388,0.022414249423647052,0.026624440336141208,0.03562224878815498
2017-05-04,0.011468672033645756,0.016980935054695053,0.025422692091404797,0.030184928592592426,0.040362541135936694
2017-05-05,0.011017395124734427,0.016291914130855855,0.02440149931627099,0.028976348179076784,0.03875348527808162
2017-05-08,0.010603778966341756,0.015660394587216773,0.023465528908105944,0.027868628333731923,0.03727871116617151
2017-05-09,0.010187574709533269,0.015024923469884825,0.022523701902026457,0.026753977211843014,0.03579470902855383
2017-05-10,0.009726932709404801,0.014321603689457025,0.021481316898128978,0.025520315821232563,0.034152261356084
2017-05-11,0.011194414990976752,0.016562192510643607,0.024802076888249827,0.029450431250731733,0.03938466060992184
2017-05-12,0.01077396577941686,0.015920240089733497,0.023850643990449973,0.028324411567616895,0.037885522822386775
2017-05-15,0.010554985249597628,0.015585895114443634,0.0233551137948416,0.027737952180808774,0.03710473413742643
2017-05-16,0.010041388359240419,0.014801722477007853,0.02219289737426461,0.02636247045357901,0.03527347251360645
2017-05-17,0.009612685030937039,0.014147167463251158,0.02122278626754887,0.025214345132816725,0.033744904159970474
2017-05-18,0.009163723390543787,0.013461681549561514,0.020206832704607103,0.024011965320589832,0.03214410353587089
2017-05-19,0.008893702408341664,0.01304940672907113,0.019595803266330387,0.023288812719861787,0.03118132694664931
2017-05-22,0.008665318818904616,0.01270070492608447,0.019078994923411016,0.02267717067146208,0.030367011068382514
2017-05-23,0.008310670142581245,0.012159218415754975,0.018276461802791372,0.021727373694440385,0.02910248917760969
2017-05-24,0.008275476031970508,0.012105483163345962,0.018196821185748398,0.021633119120551703,0.028977002389515834
2017-05-25,0.00792647535566277,0.011572620161358616,0.017407068902561443,0.020698448249164125,0.02773261879372523
2017-05-26,0.00761783146671153,0.01110137491635918,0.01670863983769622,0.01987185829614027,0.02663212983073743
2017-05-29,0.00884304428199104,0.012972060628863444,0.019481169187764585,0.02315314342661019,0.03100070224961113
2017-05-30,0.008470383853283959,0.012403073322410064,0.01863787734220571,0.022155108547949432,0.029671958336592225
2017-05-31,0.008151245867306605,0.011915805426384162,0.01791570122568993,0.021300413988036008,0.028534052018629404
2017-06-01,0.007838070576019715,0.011437641522437324,0.017207018067971713,0.020461688328530216,0.0274174060590648
2017-06-02,0.007681418106239361,0.011198460595342824,0.01685252979882343,0.020042151890997603,0.026858851944794634
2017-06-05,0.007423182205562015,0.01080417953345026,0.01626816877603577,0.01935056132772654,0.02593809579599064
2017-06-06,0.007240961289449037,0.010525960060032313,0.015855821768381986,0.01886254914319375,0.02528837579768043
2017-06-07,0.00696729812179573,0.010108124259277231,0.015236550442707528,0.018129642278704877,0.024312612769933198
2017-06-08,0.006786260040012307,0.009831710767034936,0.01482688006629206,0.017644797884003353,0.023667110240917912
2017-06-09,0.0066950175763300715,0.009692399480819642,0.014620407847444238,0.017400438262871198,0.023341779567502316
2017-06-12,0.006917042820462158,0.010031393202427439,0.01512282791531781,0.017995051805167007,0.024133424370521996
2017-06-13,0.006681948254475939,0.009672444911817627,0.014590833329471368,0.017365436856641613,0.02329518008839687
2017-06-14,0.006550054013990584,0.009471065471315068,0.014292370361821786,0.017012206295630477,0.02282490297897799
2017-06-15,0.006362025231659085,0.009183978401819417,0.013866880756121924,0.016508639862215426,0.022154474672806214
2017-06-16,0.0061548692643666495,0.008867687465713307,0.013398108317409674,0.015953848248311427,0.02141584720022923
2017-06-19,0.005964045579255489,0.008576333068425663,0.012966294136998738,0.015442796688379872,0.020735453494541232
2017-06-20,0.0060664784860654086,0.008732730204392514,0.013198089166402287,0.015717125825158877,0.021100684388222983
2017-06-21,0.006282764535024507,0.009062961178600434,0.013687522031673633,0.01629636902889216,0.021871865734260677
2017-06-22,0.00820845943327989,0.012003160536527398,0.01804516958327222,0.02145363963255106,0.028738050542950495
2017-06-23,0.007887848276653054,0.011513643366537245,0.01731965983458053,0.020594999722991832,0.027594891543504616
2017-06-26,0.00785085709901259,0.011457164307032034,0.017235952641493118,0.020495932361275955,0.02746299720125933
2017-06-27,0.007800064335999699,0.01137961264018536,0.017121013894144003,0.02035990249288802,0.027281892448836473
2017-06-28,0.007510370485734684,0.010937300790412972,0.016465466798669955,0.019584063298742536,0.026248971026204798
2017-06-29,0.00736848683674287,0.010720669269997145,0.016144398837072717,0.019204079754751083,0.02574307606008547
2017-06-30,0.007096385182915573,0.010305217627788046,0.015528661055007307,0.01847535483484719,0.024772880706906218
2017-07-03,0.006829636498251961,0.009897939033403049,0.014925036486198605,0.017760965888173108,0.023821771697875454
2017-07-04,0.00660164822039161,0.009549840802064752,0.014409122692320139,0.017150382537480722,0.02300886532759722
2017-07-05,0.006852161111652102,0.009932330179122262,0.014976007346911145,0.017821289840141082,0.023902084606472643
2017-07-06,0.006667220239771642,0.009649957808893724,0.014557505361850832,0.01732599324729647,0.023242666436874802
2017-07-07,0.006530361317214381,0.009440998167055344,0.014247807834305647,0.016959466598245033,0.02275468744505857
2017-07-10,0.006315424814331897,0.009112827713707475,0.013761428851641486,0.01638383766088152,0.021988317989408226
2017-07-11,0.006221748004680225,0.008969799606897814,0.013549447960696612,0.01613295853298914,0.02165430750418569
2017-07-12,0.006023640161866158,0.008667323574599074,0.013101150487938439,0.015602399016512832,0.020947941681622315
2017-07-13,0.005850614652468335,0.00840314387920841,0.012709611730643808,0.015139013371097805,0.020331008477292047
2017-07-14,0.005683858705540646,0.00814853670933353,0.012332260342060766,0.01469241845938328,0.01973642978749498
2017-07-17,0.005535414936174164,0.007921889032292375,0.011996347509391402,0.014294866028443334,0.01920714430458063
2017-07-18,0.005412256169275527,0.007733847132359779,0.011717652011200091,0.01396503024361332,0.01876801406899528
2017-07-19,0.005307039730538052,0.007573200029903647,0.011479558138142807,0.01368324643299303,0.01839285831927699
2017-07-20,0.005196803052192757,0.0074048878994698595,0.011230103984256362,0.01338801774375973,0.01799980259331509
2017-07-21,0.005098072064351035,0.0072541429464024155,0.011006686012995617,0.013123602845154753,0.017647771121725313
2017-07-24,0.005034841616615667,0.007157601109997597,0.01086360207690058,0.01295426317994754,0.01742231903163536
2017-07-25,0.005025138824008812,0.0071427866424416935,0.010841645664965732,0.012928277792994464,0.017387723121733218
2017-07-26,0.004933277752022673,0.007002530849524124,0.010633773599774993,0.012682261455409568,0.017060186761974145
2017-07-27,0.004897258997124464,0.00694753650949602,0.01055226689835723,0.012585798372921671,0.01693175965343579
2017-07-28,0.0048391538227784995,0.006858820069285778,0.01042078092363024,0.012430184880957599,0.01672458204406372
2017-07-31,0.004868022848634552,0.006902898023359833,0.010486108530798247,0.012507500024980973,0.016827516349469048
2017-08-01,0.007034919738598075,0.01021137064295118,0.015389571138333218,0.018310742086791072,0.024553721846167418
2017-08-02,0.006797245797522408,0.009848484097642395,0.014851739694553896,0.017674219223965927,0.023706280641896872
2017-08-03,0.006884851867403104,0.009982243246429198,0.0150499831319056,0.017908840092155966,0.02401864552727348
2017-08-04,0.007628558033172084,0.011117752507559454,0.016732912943532578,0.019900585487522108,0.02667037606992495
2017-08-07,0.007404918380772472,0.010776293866843284,0.01622683963742244,0.0193016483421945,0.025872974993919582
2017-08-08,0.007266143850241598,0.010564409426616982,0.01591280728798849,0.01892999143668375,0.025378165782851205
2017-08-09,0.007196096384466527,0.010457459195776748,0.015754297148086807,0.01874239487794027,0.02512840719137976
2017-08-10,0.008972238685525468,0.013169317890470059,0.01977352270479996,0.02349914346021312,0.03146135292263285
2017-08-11,0.008664305028997198,0.012699157046180149,0.019076700822143,0.022674455605387722,0.030363396337477932
2017-08-14,0.008296973276314878,0.012138305696175945,0.018245467216990538,0.02169069163965498,0.02905365214991128
2017-08-15,0.009080999481613174,0.01333537660678821,0.020019637090422978,0.02379041953774847,0.0318491462987045
2017-08-16,0.008825544589563998,0.012945341658748024,0.019441569201324616,0.023106276890582693,0.030938306008956307
2017-08-17,0.008490721154824148,0.012434124825420539,0.01868389854335394,0.022209574583813157,0.029744472248848783
2017-08-18,0.008139313909445587,0.011897587413305578,0.017888700444306575,0.021268458595945353,0.0284915078815091
2017-08-21,0.007809892085653211,0.011394617895299917,0.017143253070897365,0.020386222531661606,0.027316933900852408
2017-08-22,0.007671046992888715,0.011182625718882289,0.01682906104645734,0.0200143766509744,0.026821873095755816
2017-08-23,0.008155727751537337,0.011922648479844727,0.017925843264214463,0.02131241707835582,0.028550032455326436
2017-08-24,0.007907623978915796,0.01154383740565951,0.01736441019489174,0.02064796172026292,0.02766540303864366
2017-08-25,0.008007478872937769,0.011696298366923548,0.01759037144910922,0.020915386591169288,0.028021441867550644
2017-08-28,0.007727919583145118,0.011269460218733231,0.016957757811406144,0.020166689116541514,0.02702465584997256
2017-08-29,0.008625200284491694,0.01263945093967743,0.01898821084675558,0.02256972782660795,0.03022396594125336
2017-08-30,0.008506289031055067,0.012457894250026639,0.01871912703038099,0.02225126745557589,0.02979998047882703
2017-08-31,0.008133235889490812,0.011888307339715163,0.017874946516413588,0.021252180838929113,0.028469836323715497
2017-09-01,0.009467620304331728,0.013925678993603554,0.020894519857699804,0.024825842234030854,0.033227666863970724
2017-09-04,0.009338663303306396,0.013728784204113081,0.02060270355788583,0.024480477996359308,0.03276786266434569
2017-09-05,0.00922506619032545,0.013555341277639358,0.02034564508943449,0.02417624961004125,0.032362825099896915
2017-09-06,0.008805877777883503,0.012915313876502844,0.01939706524909163,0.023053606516973975,0.030868182769953956
2017-09-07,0.008412874736775587,0.01231526695828351,0.018507740184458478,0.022001091379248557,0.029466906008474885
2017-09-08,0.008126273992717118,0.011877677740788298,0.01785919246707906,0.021233535940607368,0.02844501324820623
2017-09-11,0.007780725569673939,0.011350085725830645,0.01707725227447791,0.020308110668973842,0.027212938875928825
2017-09-12,0.008138083363754225,0.01189570858522387,0.017885915847211806,0.021265163028653635,0.02848712029438921
2017-09-13,0.007801883660152887,0.01138239043001692,0.017125130835747206,0.02036477488829306,0.027288379362144507
2017-09-14,0.00884585117642033,0.01297634626580741,0.019487520898333312,0.02316066066838139,0.03101071040609918
2017-09-15,0.008678656689220172,0.012721069521625248,0.019109177138660574,0.022712891286683187,0.030414568073712858
2017-09-18,0.013719273913752059,0.020417210556506242,0.03051557039801169,0.03621234390502183,0.04838720197582083
2017-09-19,0.01457847215226894,0.021729056016297398,0.03245984677523163,0.03851339264448366,0.05145072667970946
2017-09-20,0.013893829115778638,0.020683725825039346,0.03091057069085093,0.03667982627356474,0.049009589394263135
2017-09-21,0.014954417132548775,0.022303058258623554,0.0333105712198653,0.039520223995154445,0.05279118186543964
2017-09-22,0.014193680039117737,0.021141545749199787,0.031589102187775484,0.037482867479010994,0.0500787264920286
2017-09-25,0.013905708366732217,0.020701863363887275,0.03093745220197691,0.036711640509450125,0.049051945601630134
2017-09-26,0.013204304987023,0.019630943059462527,0.029350249201625243,0.034833187679379,0.04655104827106846
2017-09-27,0.012519694093144332,0.018585661944351572,0.027801045852636333,0.03299970739070824,0.04411002559210103
2017-09-28,0.011878145475248547,0.01760612939424458,0.026349287961737945,0.03128155368375837,0.041822544133733576
2017-09-29,0.011284726976395994,0.01670008311926667,0.025006443531428196,0.029692298925607277,0.03970667360527744
2017-10-02,0.01089427333784383,0.01610392869292874,0.024122887499997123,0.028646611431694793,0.03831448689701261
2017-10-03,0.010357347767650474,0.015284137240935334,0.02290788069987345,0.027208652354158844,0.036400045415758905
2017-10-04,0.0102279896274675,0.015086629982099482,0.022615156663808145,0.0268622138117324,0.03593881092954337
2017-10-05,0.0098837703609653,0.014561067356746542,0.021836224214412704,0.025940348200542834,0.03471147574749714
2017-10-06,0.009420562627641363,0.013853830150406279,0.02078803322277157,0.024699815430464216,0.033059879793902486
2017-10-09,0.00899979552661351,0.013211392367868818,0.019835880974121797,0.023572944396489062,0.03155960855171802
2017-10-10,0.01239326635341188,0.018392628894556257,0.027514953008438436,0.03266111685583175,0.04365923963076603
2017-10-11,0.011917741718283888,0.017666585933052627,0.026438890147251225,0.0313875977618761,0.0419637269985045
2017-10-12,0.011316302691217259,0.016748293714064257,0.02507789609460709,0.02977686294765706,0.0398192587783626
2017-10-13,0.011382225921801596,0.016848946958984902,0.025227073518616243,0.02995341424843625,0.04005431215301089
2017-10-16,0.010820474379994333,0.01599125058972488,0.023955888123161916,0.02844896787131423,0.03805135212745881
2017-10-17,0.011324567637232186,0.016760912841314583,0.02509659880903951,0.029798997587553666,0.039848727956903675
2017-10-18,0.011496159865949198,0.01702290416774749,0.025484894201014355,0.030258544714037876,0.04046055070991267
2017-10-19,0.010946887055643464,0.01618426063929926,0.024241946878903818,0.0287875180625443,0.03850208437686875
2017-10-20,0.010595242098564562,0.015647360282987192,0.023446210862967377,0.02784576545068927,0.0372482724336918
2017-10-23,0.010162505682143894,0.014986647448952919,0.02246697329671975,0.026686838976115915,0.03570532385378627
2017-10-24,0.011535040068767941,0.017082267438360766,0.025572876061885588,0.030362671139902667,0.04059918048880167
2017-10-25,0.013839975281775605,0.020601500438088862,0.03078870505777473,0.03653559844430176,0.04881757020303179
2017-10-26,0.014402901074212845,0.021460989682716335,0.03206254766044673,0.03804318962295012,0.050824717092164615
2017-10-27,0.01411626680672963,0.02102334928081387,0.03141392408303886,0.037275544404057066,0.04980270480204212
2017-10-30,0.013537253275778111,0.02013929687278339,0.03010367659898559,0.03572486809235144,0.04773819608165919
2017-10-31,0.013339488488532884,0.019837344626347172,0.029656155425349863,0.035195227324947065,0.047033053445041544
2017-11-01,0.012794409212969086,0.019005103892114603,0.028422697636818758,0.033735431524960446,0.045089539420676374
2017-11-02,0.012285111036122232,0.018227494638480952,0.027270208758450244,0.032371462332162065,0.04327360512696899
2017-11-03,0.011975825551238002,0.01775526978868954,0.02657032782862498,0.03154315409871506,0.042170828513817926
2017-11-06,0.013265820714211184,0.01972486681744982,0.029489452903213306,0.0349979350917431,0.046770386418506914
2017-11-07,0.012665488976168884,0.018808265235166842,0.02813096453062791,0.03339016574684119,0.0446298663061803
2017-11-08,0.012020477255730324,0.01782344513307956,0.026671369998353917,0.03166273738430726,0.04233003694052407
2017-11-09,0.011412052976350484,0.01689448765533973,0.025294569045215036,0.03003329512248232,0.0401606623692456
2017-11-10,0.01331629491885612,0.01980193210137583,0.02960367078606129,0.035133111817866346,0.04695035533127588
2017-11-13,0.012787034470608062,0.018993843950171358,0.028406009360798345,0.033715680970486564,0.0450632443185742
2017-11-14,0.012136072560252136,0.017999938948606787,0.026932950166729565,0.031972317197013544,0.042742199181065185
2017-11-15,0.011629393838280216,0.017226329144495685,0.02578638884268579,0.03061536325758492,0.04093560471646865
2017-11-16,0.011080667473575707,0.016388519942922036,0.024544678070216847,0.029145800061095694,0.03897908676916814
2017-11-17,0.010689495396839492,0.015791268587112377,0.02365949628779243,0.028098188492850087,0.03758433842491945
2017-11-20,0.010169351704361614,0.014997100127696124,0.022482465133968874,0.026705173546751913,0.03572973377136659
2017-11-21,0.011087820023633442,0.016399440636073556,0.024560863548131865,0.02916495555462033,0.039004589630807496
2017-11-22,0.011656391509039752,0.017267549866586514,0.025847481767629785,0.03068766666032102,0.04103186658900467
2017-11-23,0.011140082298457896,0.0164792359904788,0.02467912764808668,0.029304920973792746,0.03919093401889947
2017-11-24,0.011179502558094575,0.016539423833411802,0.024768331601446467,0.029410493744638756,0.039331489403928103
2017-11-27,0.010624894318207626,0.015692634037014704,0.02351331075633269,0.027925178093282318,0.03735399926520679
2017-11-28,0.012022395242294967,0.017826373563160042,0.02667571020274714,0.03166787401095409,0.04233687564079032
2017-11-29,0.01174174711916449,0.017397872956870224,0.02604063264828707,0.03091626049382626,0.041336207320293875
2017-11-30,0.011333672135738208,0.016774813818403896,0.02511720134356315,0.02982338066222905,0.03988119061201557
2017-12-01,0.01080174727135997,0.015962657569702617,0.023913510621324532,0.028398814149175264,0.03798457945805389
2017-12-04,0.010308985587137097,0.015210296648522588,0.02279844210827983,0.02707913191345121,0.03622760705625715
2017-12-05,0.012515001083024946,0.018578496538579212,0.027790426058153368,0.0329871388767898,0.04409329237293015
2017-12-06,0.01215056595684344,0.018022067830700487,0.026965747217927893,0.03201113246741553,0.04279387628712788
2017-12-07,0.013333022672586452,0.019827472456092475,0.029641523955404345,0.03517791099797366,0.0470099991765448
2017-12-08,0.012660707627609418,0.01880096495204447,0.028120144835429895,0.03337736065066842,0.044612818110812594
2017-12-11,0.013307343758278321,0.019788265244488276,0.029583415239343505,0.03510913940283926,0.046918439412074395
2017-12-12,0.01275189755038751,0.018940196017487112,0.02832649815966855,0.03362157956017451,0.044937961446369946
2017-12-13,0.012990681271729032,0.019304777003191446,0.028866840920927447,0.03426107456419752,0.04578935964113223
2017-12-14,0.01239712386122066,0.018398518634406974,0.027523682147967982,0.0326714477819009,0.04367299381453629
2017-12-15,0.011763860724412399,0.01743163656501514,0.026090673440238524,0.03097548371054106,0.041415054753787164
2017-12-18,0.011331601318093533,0.016771652041990208,0.025112515298308886,0.029817834733341715,0.03987380698303762
2017-12-19,0.010765796238547648,0.015907766629456907,0.0238321571679535,0.02830253243556521,0.03785639381682053
2017-12-20,0.010678425106102148,0.01577436618904948,0.023634445369616983,0.028068540761506257,0.03754486661546646
2017-12-21,0.011439329088847894,0.0169361335092724,0.025356292054892815,0.030106344229738322,0.040257917043098404
2017-12-22,0.011160158214867398,0.016509888404103872,0.024724557361831687,0.02935868698503058,0.03926251594623195
2017-12-25,0.010660598055456612,0.01574714740018047,0.02359410460552807,0.028020797516027724,0.037481303158743894
2017-12-26,0.011205536596091005,0.016579173256786553,0.024827243925530696,0.029480216408896302,0.03942431538397401
2017-12-27,0.012101965852838585,0.017947863970722608,0.026855770230183856,0.031880974835515434,0.04262058959663439
2017-12-28,0.011492363043291303,0.017017107083509994,0.02547630238567849,0.030248376310985755,0.040447012902818436
2017-12-29,0.013276105518713782,0.01974056991539246,0.029512726347620317,0.035025479185033105,0.0468070575279854
2018-01-01,0.013038725692693803,0.01937813243234098,0.028975560455665156,0.03438974400198639,0.04596066500922012
2018-01-02,0.012460085643982948,0.0184946502663801,0.027666158123132546,0.032840067926082656,0.0438974879629718
2018-01-03,0.011894068559109428,0.01763044115878547,0.02638532024673965,0.03132419784945135,0.04187931887858653
2018-01-04,0.011291458711693323,0.016710361301868117,0.025021676749246345,0.029710327420459696,0.03973067602574213
2018-01-05,0.010767308523597467,0.015910075624270423,0.02383557931195494,0.028306582538849406,0.03786178596312828
2018-01-08,0.010291335436214407,0.015183347954595413,0.02275850164989087,0.027031862429284115,0.03616467434648767
2018-01-09,0.009981477847840071,0.014710249602819962,0.022057326109286308,0.02620202202554656,0.0350598578627962
2018-01-10,0.009585133599318714,0.014105101245166684,0.02116044023929517,0.02514055868383011,0.03364666781868568
2018-01-11,0.009421908851308518,0.013855885598528087,0.020791079587111214,0.024703420798973457,0.033064679838032476
2018-01-12,0.009035403567717627,0.01326575961975603,0.019916458272880366,0.023668307532054577,0.03168657123470472
2018-01-15,0.008711394119023766,0.012771053852048467,0.019183258542188466,0.022800566538104573,0.030531295413748202
2018-01-16,0.008333989504393836,0.012194823003320098,0.01832923109661852,0.021789826089823015,0.029185635811051474
2018-01-17,0.009045878340213425,0.013281752765604043,0.01994016159512587,0.02369636038524619,0.03172391968686621
2018-01-18,0.00866508969595442,0.012700355095406901,0.019078476441971488,0.02267655704930587,0.030366194116267523
2018-01-19,0.008457921266182207,0.012384045131273516,0.018609675801961857,0.02212173205920055,0.029627522207944564
2018-01-22,0.008393014474734237,0.012284943811166519,0.01846279847415068,0.021947902919488074,0.029396093010191273
2018-01-23,0.008237883851765836,0.01204808647802422,0.018111753986278456,0.021532442192927992,0.028842965135285847
2018-01-24,0.007887106296189366,0.011512510492121417,0.017317980809853483,0.020593012599259337,0.027592245966059956
2018-01-25,0.007568977809363053,0.01102678392476518,0.016598089085069677,0.019741021614196115,0.026457939080043257
2018-01-26,0.007729784683493251,0.01127230790080946,0.016961978339784183,0.020171684106769203,0.027031305981147873
2018-01-29,0.007656952302089085,0.011161105590809666,0.01679716622505589,0.019976629168445136,0.026771617599966078
2018-01-30,0.007361321703956969,0.010709729365220095,0.016128184885750706,0.01918489056298373,0.02571752833394704
2018-01-31,0.007086584239766993,0.010290253301518792,0.015506482538590476,0.01844910658750848,0.024737934835149182
2018-02-01,0.00682189083352926,0.009886112757877763,0.014907508851397803,0.017740221953598437,0.023794154049046244
2018-02-02,0.006610196131990467,0.00956289196827875,0.014428465728480118,0.017173274997366966,0.023039343437509265
2018-02-05,0.006381479887922284,0.009213682259842603,0.013910904622680083,0.01656074205500899,0.022223841458486375
2018-02-06,0.00628333308838516,0.00906382926015762,0.013688808608878698,0.016297891691457327,0.021873892946593938
2018-02-07,0.0076560779477834575,0.01115977060468578,0.01679518765207291,0.019974287529714262,0.026768500035363216
2018-02-08,0.007359053430164096,0.010706266107797825,0.01612305201774092,0.019178815819905982,0.02570944066280418
2018-02-09,0.010767410086333843,0.015910230692808305,0.023835809137879024,0.02830685453755243,0.03786214809137521
2018-02-12,0.010239134746704064,0.015103646630195217,0.022640376911105622,0.026892061943887227,0.035978549544659635
2018-02-13,0.010659490231704085,0.015745455947038633,0.023591597715434953,0.02801783061463638,0.03747735314432198
2018-02-14,0.011895985465356928,0.01763336793941059,0.02638965800648738,0.0313293315828632,0.041886153726914885
2018-02-15,0.011520583342153154,0.017060194544908626,0.025540161991035565,0.030323954076642477,0.040547634131818666
2018-02-16,0.011573754770869747,0.017141378018320858,0.02566048341182334,0.030466354332530917,0.040737220164601406
2018-02-19,0.011426814393573317,0.01691702575806825,0.025327972599265825,0.0300728281882762,0.0402132951195229
2018-02-20,0.010896263680432897,0.016106967598005412,0.024127391438558705,0.02865194183753172,0.03832158358717964
2018-02-21,0.011188130858129999,0.016552597738710685,0.024787856548289234,0.02943360149559793,0.039362254143805495
2018-02-22,0.010631740803129341,0.015703087422225995,0.023528803640632895,0.027943513903102006,0.03737841083258696
2018-02-23,0.012265223597181204,0.018197129996990656,0.027225205549641078,0.03231820108899964,0.043202695227761004
2018-02-26,0.011652787270504133,0.017262046824626003,0.025839325750160794,0.030678014023516942,0.04101901545256422
2018-02-27,0.011093851615188107,0.016408649821616068,0.024574512413377464,0.029181108970120537,0.039026095645255776
2018-02-28,0.010545885189003252,0.015572000913269334,0.023334521302851092,0.027713580991459198,0.037072287305964256
2018-03-01,0.010086468682173638,0.014870552246803406,0.02229490946300888,0.02648320163715205,0.03543420920599491
2018-03-02,0.010074411665440484,0.014852143290696472,0.022267625686386523,0.026450911320538527,0.03539121916369574
2018-03-05,0.009781704666913775,0.014405230890446229,0.02160526014934259,0.025667002509046816,0.03434755417372143
2018-03-06,0.009415919531005443,0.013846740953794658,0.020777526377317657,0.024687380591584977,0.033043324544358176
2018-03-07,0.009043375759363469,0.013277931762279545,0.01993449851458109,0.023689658136274945,0.03171499657935315
2018-03-08,0.008635766357917869,0.012655583486080077,0.01901212077352399,0.022598025196002385,0.030261639932554905
2018-03-09,0.00837622309361446,0.01225930630855289,0.018424801322633664,0.02190293333665213,0.029336222297511927
2018-03-12,0.00818282512256423,0.011964021426808944,0.0179871618005086,0.02138498749185177,0.028646649815360387
2018-03-13,0.00786537051256245,0.011479323751521026,0.017268794988989693,0.020534801239792094,0.027514745679031467
2018-03-14,0.007547860867026709,0.010994542046596969,0.016550303637773437,0.019684467595151325,0.026382645310086685
2018-03-15,0.007253561241978336,0.010545197984155246,0.01588433415232157,0.018896293515080348,0.02533330171129492
2018-03-16,0.006995349730138458,0.010150954159752552,0.015300028318940069,0.018204768268404684,0.024412632522406268
2018-03-19,0.007118726924058431,0.010339329559549776,0.015579218094794779,0.01853518903025115,0.02485254157310769
2018-03-20,0.007125199639997576,0.010349212264886724,0.015593865178707169,0.018552523836335454,0.02487562044395716
2018-03-21,0.007142577338056209,0.010375744970935085,0.015633189104561792,0.018599063654994287,0.024937581706111555
2018-03-22,0.006890856497869758,0.00999141126710508,0.01506357098700922,0.017924921302226973,0.024040055410287288
2018-03-23,0.007520388117052789,0.01095259596162422,0.016488135657909134,0.01961089186621808,0.026284689513093734
2018-03-26,0.007260037255969423,0.01055508572504077,0.015898988699382968,0.01891363715379247,0.02535639234155351
2018-03-27,0.006996982774952372,0.010153447533608237,0.015303723729745516,0.018209141782620713,0.024418455245156047
2018-03-28,0.006951910046676908,0.010084629359526975,0.015201728826922962,0.018088430938565225,0.024257745631991692
2018-03-29,0.006708184065068807,0.009712502406662597,0.014650202243985184,0.017435699895120005,0.023388725501172075
2018-03-30,0.0066682968560524535,0.00965160161368359,0.014559941632676675,0.01732887657087046,0.0232465051791173
2018-04-02,0.006448885404038977,0.009316598695559695,0.01406343630489841,0.016741263116319387,0.022464180014298948
2018-04-03,0.00623416636783125,0.00898876027579517,0.01357754942673308,0.016166216584034696,0.021698585949589275
2018-04-04,0.006037471023614699,0.008688440881847215,0.013132448291598629,0.01563943992926783,0.02099725647853794
2018-04-05,0.006288969538493335,0.009072435133810845,0.013701563310070383,0.016312986864881848,0.021893990059663488
2018-04-06,0.00616716057774073,0.008886454151818823,0.013425922282996338,0.015986766042922575,0.021459672641759152
2018-04-09,0.005991921331774402,0.00861889446781042,0.013029374069766415,0.015517451712470608,0.020834846222148058
2018-04-10,0.005841003650035834,0.008388469559197136,0.012687863030340175,0.015113273810608896,0.02029673985095975
2018-04-11,0.005687774759346561,0.008154515838683766,0.012341121965101228,0.01470290617952726,0.01975039272065565
2018-04-12,0.005550770156362205,0.007945333768308766,0.012031094777879933,0.014335989378648106,0.019261894296225067
2018-04-13,0.0054883560904951684,0.007850038404253884,0.011889858229163306,0.014168836094167518,0.019039353066410802
2018-04-16,0.0053535301620046775,0.007644182788840047,0.011584761156043948,0.013807754077361546,0.018558622841255406
2018-04-17,0.005238558898501597,0.007468641774820609,0.011324593127680634,0.013499845530650877,0.018148685657740037
2018-04-18,0.005253820599068076,0.007491943722728913,0.011359128770978541,0.013540718422698654,0.01820310219936315
2018-04-19,0.005364731201126638,0.007661284816821916,0.011610107944234224,0.013837751970509859,0.018598560842197517
2018-04-20,0.005245582445904592,0.0074793655034773995,0.011340486685986226,0.01351865553767104,0.01817372855239861
2018-04-23,0.005153256448016899,0.007338399850011063,0.011131562541767587,0.013271394065829861,0.017844534470450358
2018-04-24,0.005220609030725127,0.007441235465670044,0.011283974441180237,0.013451773364334698,0.018084684288906142
2018-04-25,0.005565491656979108,0.00796781092536036,0.012064408004797252,0.01437541554238883,0.019314384721363792
2018-04-26,0.005568639317924556,0.007972616853183692,0.012071530834599945,0.014383845402840222,0.01932560790203801
2018-04-27,0.005472767244726395,0.007826236962830482,0.01185458229024999,0.014127087063154815,0.018983770068242437
2018-04-30,0.005377162542335508,0.00768026530094409,0.011638238778267692,0.013871044778544322,0.01864288556167271
2018-05-01,0.0052552245884168215,0.007494087368944863,0.01136230585305607,0.013544478495492479,0.018208108210619998
2018-05-02,0.0051438001498641805,0.007323961736381443,0.011110163921181474,0.01324606882426297,0.01781081745183985
2018-05-03,0.005049932310690363,0.007180641960897338,0.010897750750268359,0.012994678093551325,0.017476125838986896
2018-05-04,0.005054751664369804,0.007188000271191846,0.010908656447105657,0.013007584972560108,0.017493309543971238
2018-05-07,0.005089109664854837,0.0072404589296518485,0.01098640503377277,0.013099600330788708,0.017615815129461972
2018-05-08,0.00606633542486266,0.008732511774953433,0.013197765433758838,0.01571674268796714,0.02110017429461578
2018-05-09,0.006339395404084899,0.009149426612455536,0.013815671806661087,0.016448034132501985,0.022073786616534207
2018-05-10,0.00615852807272156,0.008873273826245098,0.013406387820712084,0.015963647030449914,0.021428892908750944
2018-05-11,0.0067551025055475845,0.009784138660513409,0.014756373801827705,0.017561353805337007,0.02355601611587675
2018-05-14,0.0067148170302004494,0.009722629784493255,0.014665211955176675,0.01745346387015027,0.02341237575047414
2018-05-15,0.006787707274658386,0.009833920441257485,0.014830155007985981,0.017648673773534754,0.023672270445969354
2018-05-16,0.007639768500323572,0.011134868930493706,0.01675828106637448,0.0199306086302048,0.026710347687092136
2018-05-17,0.007766563914281133,0.01132846335453453,0.01704520591915706,0.020270183846234358,0.027162444613721415
2018-05-18,0.007490957421708147,0.010907660436461821,0.01642153705102358,0.019532072495567168,0.026179752540228703
2018-05-21,0.007896584737076441,0.011526982413834236,0.017339429537147694,0.02061839714205463,0.027626041935965608
2018-05-22,0.008038582493832179,0.011743788156851228,0.01766075571276343,0.02099868628202448,0.028132343760407047
2018-05-23,0.007707834500825801,0.011238793810366743,0.0169123073561592,0.020112898557761237,0.02695304124101913
2018-05-24,0.007463845369922105,0.01086626507454565,0.016360185293696244,0.019459462765018625,0.026083082835035847
2018-05-25,0.007168834250814272,0.01041583468509611,0.015692605771083768,0.018669383207916546,0.025031202359967905
2018-05-28,0.00690403456717408,0.010011531874446557,0.015093391589167327,0.017960213948791975,0.02408704263518318
2018-05-29,0.0066815354663614795,0.009671814656552275,0.014589899232840625,0.01736433135440958,0.02329370826672705
2018-05-30,0.006498605411710801,0.009392512452596317,0.014175947518327327,0.016874420001250588,0.022641459790899852
2018-05-31,0.006288543380716385,0.009071784465408857,0.013700598959281995,0.01631184555689086,0.021892470567631366
2018-06-01,0.0060913296758827356,0.008770673625445775,0.013254324827908115,0.0157836806624942,0.021189292849592534
2018-06-04,0.0059113943280456605,0.00849594381510135,0.012847149823883002,0.015301789537996751,0.02054772218697898
2018-06-05,0.005741749366972076,0.008236925625835757,0.012463260896341533,0.014847457456836702,0.019942842537741968
2018-06-06,0.005588091806984125,0.00800231740226592,0.012115549797001378,0.014435941791570234,0.019394966960418973
2018-06-07,0.005544193222422163,0.007935291940309345,0.01201621185945562,0.014318375462704352,0.019238443829618035
2018-06-08,0.005411728519410034,0.007733041503286795,0.01171645799435633,0.013963617126123738,0.018766132700615466
2018-06-11,0.005699102902321619,0.008171811932022304,0.012366756376110021,0.014733244473933212,0.019790783918283306
2018-06-12,0.005565801952182774,0.007968284691874158,0.01206511017061581,0.014376246554785331,0.019315491098191997
2018-06-13,0.005897698696265901,0.008475032980367489,0.012816158031597146,0.015265110789332941,0.02049888956091927
2018-06-14,0.0058204923307884565,0.008357152361578756,0.012641448045194102,0.015058341731860284,0.020223605467755992
2018-06-15,0.006646049321650274,0.009617633519140675,0.014509597772959026,0.01726929467382114,0.02316718021290306
2018-06-18,0.006414406886122402,0.009263956028056953,0.013985414999800688,0.016648924996158207,0.022341244716417956
2018-06-19,0.006228911931698329,0.008980737670678297,0.01356565918349133,0.016152144495547745,0.021679850931084124
2018-06-20,0.006504324614277049,0.009401244674781862,0.01418888947973694,0.016889736796916403,0.022661851963000308
2018-06-21,0.00654264331553645,0.009459750630705387,0.014275600720897074,0.016992359445890826,0.022798479673191773
2018-06-22,0.00640085651843046,0.009243266986182452,0.0139547519250584,0.01661263528430939,0.022292930038489037
2018-06-25,0.006187796069416523,0.008917960939021013,0.013472618257451333,0.016042030672178242,0.021533249769471612
2018-06-26,0.006213311859321298,0.008956919088187312,0.013530357839929525,0.0161103653981643,0.021624227903746473
2018-06-27,0.006257836643431472,0.009024900647348722,0.013631112802015646,0.016229608773858806,0.02178298378794414
2018-06-28,0.006081424654144574,0.008755550389370748,0.013231910792452686,0.015757153678658337,0.02115397587915764
2018-06-29,0.005907068588322737,0.008489339166998774,0.012837361124162436,0.015290204623723817,0.02053229849322625
2018-07-02,0.0057788732927717135,0.008293607368565985,0.012547268484725902,0.014946880336022986,0.02007521020179681
2018-07-03,0.00570793411290421,0.008185295646243169,0.01238674048844669,0.014756895646698732,0.01982227214832404
2018-07-04,0.005553810656418462,0.007949976080193832,0.012037975113720147,0.014344132247788365,0.019272735388090663
2018-07-05,0.005443183088407248,0.007781067129596167,0.011787636417117626,0.014047856703321069,0.018878285920737835
2018-07-06,0.0053803511021794995,0.007685133674233394,0.011645454158030023,0.013879584171760932,0.018654254569910853
2018-07-09,0.005288008920318448,0.007544143310669876,0.011436493391160547,0.013632279357056808,0.018325002783000036
2018-07-10,0.005191435451379572,0.0073966925116756505,0.011217957661096487,0.013373642584999589,0.01798066407911121
2018-07-11,0.005107149002199514,0.007268001843187269,0.011027226180613692,0.013147912108672877,0.01768013550760031
2018-07-12,0.005028680158831611,0.007148193641432879,0.010849659337865806,0.012937761965173492,0.01740034997107722
2018-07-13,0.00514353156107957,0.007323551648276223,0.0111095561326576,0.013245349507280513,0.017809859781840128
2018-07-16,0.005189425091427882,0.007393623043586745,0.0112134084253223,0.013368258569966356,0.017973496015794017
2018-07-17,0.0051922602358742825,0.007397951813366677,0.011219824062745694,0.01337585146909269,0.017983604899473333
2018-07-18,0.005145194082843467,0.007326090028279814,0.011113318246739372,0.013249801964743353,0.017815787606486562
2018-07-19,0.005161461511733544,0.0073509275474637,0.011150129748778388,0.013293368332856971,0.017873790134936257
2018-07-20,0.00509146198032894,0.007244050504024749,0.010991728079378593,0.013105900148821209,0.01762420245644101
2018-07-23,0.005164960658597032,0.007356270132818543,0.011158047954708192,0.01330273951999222,0.017886266560490072
2018-07-24,0.005224818446228324,0.007447662507031042,0.011293499911273028,0.013463046746661718,0.01809969322142588
2018-07-25,0.005137017342399566,0.007313605575511687,0.01109481513235313,0.013227903551259846,0.01778663293038944
2018-07-26,0.0050350250772917444,0.00715788122236768,0.01086401722935627,0.012954754512376432,0.017422973172074852
2018-07-27,0.005097171991496472,0.00725276869255178,0.011004649241607531,0.01312119232868187,0.017644561856038254
2018-07-30,0.005041157521476251,0.007167244392239577,0.010877894313628626,0.012971178024818609,0.017444838782841098
2018-07-31,0.005158317246988577,0.0073461268050445975,0.01114301460422465,0.013284947567888422,0.01786257906362587
2018-08-01,0.00508936581601455,0.007240850027678854,0.010986984677243277,0.013100286338134568,0.01761672845233734
2018-08-02,0.005016156389374342,0.007129072035538587,0.010821319348305831,0.012904221621826532,0.017355695692939526
2018-08-03,0.005009445426074837,0.007118825568145361,0.010806133135361377,0.012886248757185241,0.0173317673363237
2018-08-06,0.005970641313676898,0.008586403601472437,0.012981219598959762,0.015460460954547839,0.020758970995432707
2018-08-07,0.00906647895656143,0.013313206304279446,0.019986778650336243,0.023751531613671353,0.03179737246443054
2018-08-08,0.008728832883341937,0.012797679795596317,0.01922272065464607,0.022847269900440798,0.030593474411445203
2018-08-09,0.00855956806131402,0.01253924201217747,0.018839691942283607,0.022393955882904066,0.02998995017159465
2018-08-10,0.010004956504927668,0.014746097406413604,0.022110455871776347,0.02626490103515548,0.03514357247343849
2018-08-13,0.010336511716618669,0.015252324234668897,0.022860730880425943,0.027152850599903786,0.03632575318120125
2018-08-14,0.010393088218859522,0.015338706659897842,0.022988757628947334,0.027304370101839913,0.03652748021520175
2018-08-15,0.009892533902910816,0.014574447752792,0.02185605519965175,0.025963818147573637,0.034742722700807936
2018-08-16,0.011274459755749436,0.016684406868797266,0.024983209877461138,0.029664801924254806,0.0396700651921302
2018-08-17,0.010774599781576938,0.015921208100162187,0.023852078671490605,0.02832610951089222,0.037887783396480905
2018-08-20,0.010506077157186603,0.015511221010028334,0.023244439861322148,0.027606969714426936,0.03693034929513453
2018-08-21,0.010005462447412376,0.014746869892112161,0.02211160076707193,0.02626625601735224,0.035145376442803376
2018-08-22,0.009544479123296208,0.014043028969643434,0.02106844338244028,0.02503168051507764,0.03350171175844797
2018-08-23,0.009242364431288064,0.013581752666596985,0.020384789212133256,0.024222576631882726,0.03242450305283855
2018-08-24,0.009037700503490129,0.01326926663900899,0.019921655999973215,0.023674459035778635,0.03169476110191679
2018-08-27,0.008653526023476148,0.012682699389704663,0.019052309052159072,0.02264558797513085,0.03032496312356203
2018-08-28,0.008282834084445844,0.01211671762275237,0.018213471694290915,0.021652824977261197,0.029003237982793598
2018-08-29,0.00795193403967842,0.011611491119818487,0.01746467926034357,0.020766630037878785,0.027823393313404252
2018-08-30,0.007656891916524478,0.011161013392612305,0.01679702957879484,0.019976467447760556,0.026771402291483542
2018-08-31,0.007346329512392209,0.010686838910427612,0.016094259113332416,0.01914473945238391,0.025664072743414926
2018-09-03,0.007534471601111944,0.01097409897896389,0.016520005119620828,0.01964860933558521,0.026334905050554008
2018-09-04,0.007308737999312705,0.010629443243689338,0.01600919342349744,0.019044064311411358,0.025530037867861174
2018-09-05,0.008003234043385633,0.011689817254502778,0.01758076584070179,0.02090401836524388,0.028006306664039037
2018-09-06,0.007727258758733857,0.011268451255417467,0.01695626243439685,0.020164919339660727,0.02702229963947529
2018-09-07,0.007551320807995388,0.010999824771406486,0.016558133124835225,0.019693733783613644,0.02639498194458659
2018-09-10,0.007310694558712915,0.010632430567744388,0.01601362091421137,0.019049304241313108,0.025537014101969284
2018-09-11,0.007138298945700563,0.010369212613982576,0.015623507547015865,0.018587605543355378,0.024922326832338682
2018-09-12,0.00697044741938495,0.010112932685969401,0.015243676976065098,0.018138076522308977,0.024323841786162474
2018-09-13,0.0077696833075645766,0.011333226122581228,0.017052264782176526,0.020278538002075207,0.027173567004290404
2018-09-14,0.00752997464244721,0.010967232909478711,0.016509828969217787,0.019636565873898462,0.026318870865025927
2018-09-17,0.007364868634203106,0.01071514490744423,0.016136211220512654,0.01919438972046096,0.025730175134120615
2018-09-18,0.009089826036478841,0.013348853212543487,0.020039610667355788,0.02381405824187628,0.031880617928497265
2018-09-19,0.008698929268195932,0.012752022204598056,0.019155051879367602,0.022767183986791995,0.030486851213644542
2018-09-20,0.009438709952870987,0.013881537942557864,0.020829098734980477,0.024748416414465665,0.0331245852095542
2018-09-21,0.010002970338281477,0.014743064877271447,0.02210596138293978,0.02625958181305667,0.03513649067285526
2018-09-24,0.009674832698928874,0.014242056084336357,0.021363419985542063,0.025380784967865687,0.033966495531608645
2018-09-25,0.009889478108523272,0.01456978208913762,0.021849140254328308,0.02595563431815186,0.03473182707605386
2018-09-26,0.012210761648181464,0.018113976124782986,0.027101963815486296,0.032172344645775536,0.043008507764724965
2018-09-27,0.011852339800139833,0.01756672864106491,0.02629089239915079,0.031212442606107227,0.041730532395752674
2018-09-28,0.011339382465042758,0.01678353249267052,0.025130123225703117,0.02983867369410354,0.039901551145950113
2018-10-01,0.01089287194442627,0.01610178901024575,0.024119716292242254,0.028642858311154724,0.0383094901417097
2018-10-02,0.010917525101096002,0.016139430069313256,0.024175503825302848,0.02870888278901744,0.038397392503587126
2018-10-03,0.01141608455583724,0.01690064317220231,0.025303692090872715,0.030044092235977406,0.040175037216399256
2018-10-04,0.010844652612967907,0.016028166523359595,0.024010600953223795,0.028513720439478585,0.038137561119389214
2018-10-05,0.011063814248429957,0.016362788015295587,0.024506540972092188,0.029100664851618968,0.03891899554777164
2018-10-08,0.011101239059250983,0.01641992915683686,0.024591229432029967,0.029200893541464712,0.0390524360360651
2018-10-09,0.010568564607881603,0.015606628419882505,0.02338584247228269,0.027774319533372227,0.03715315218311251
2018-10-10,0.010061193976197008,0.014831962190636355,0.022237715428421043,0.026415512566434003,0.03534409067144509
2018-10-11,0.009592894315534218,0.014116950501689384,0.02117800193406093,0.025161342928332095,0.03367433913454767
2018-10-12,0.019171106125387458,0.02874120496636738,0.04285250046428673,0.05081308570821226,0.06782604846441574
2018-10-15,0.02026765443913995,0.03041544248496489,0.04533387541052673,0.05374978995410858,0.07173585960879947
2018-10-16,0.019358688455079005,0.02902761038075426,0.04327697979403106,0.051315456481256586,0.06849488491596038
2018-10-17,0.01866431775200948,0.027967427743734282,0.04170569101049946,0.04945583810753251,0.06601906303091794
2018-10-18,0.017676175213701538,0.02645870688701629,0.03946962707503955,0.04680945914601719,0.06249577941444424
2018-10-19,0.016916258501496993,0.02529844695626299,0.03775001448046029,0.04477429972142081,0.05978624916126891
2018-10-22,0.016486501636074704,0.024642283375560736,0.03677751932866508,0.04362335288619217,0.05825392435557617
2018-10-23,0.015741113257960408,0.023504205670352406,0.03509078284521565,0.04162710229933101,0.05559619578028678
2018-10-24,0.015834596999159397,0.02364693899539725,0.03530232684230424,0.04187746436387321,0.05592951786794537
2018-10-25,0.02425014576136519,0.03649601030449051,0.054345839650178536,0.06441543872538921,0.08593567986182876
2018-10-26,0.022917381569128606,0.034461112447186026,0.0513299327043692,0.06084611650489725,0.08118362632593837
2018-10-29,0.02436626419566574,0.03667330284770868,0.054608603606911076,0.06472641955018324,0.08634970735409953
2018-10-30,0.02367227221926445,0.0356136984600821,0.05303817184249505,0.06286781545754527,0.08387523584252407
2018-10-31,0.022359877823338294,0.03360990171961979,0.05006835963012407,0.05935304629829342,0.0791958120810125
2018-11-01,0.02188281787887307,0.03288151460924209,0.04898882252336432,0.05807541543890722,0.0774948252079159
2018-11-02,0.020700382019354358,0.031076141827657416,0.04631309298135732,0.054908692764130074,0.07327877668266257
2018-11-05,0.019700892515488934,0.029550096138809084,0.0440513520413395,0.05223192509879498,0.06971503475547407
2018-11-06,0.0187345390482199,0.028074643383251073,0.04186459451062227,0.04964390020762163,0.06626944142560721
2018-11-07,0.018017644093916544,0.026980070153476508,0.04024233568592288,0.04772395885185981,0.06371330792329408
2018-11-08,0.01973610662931172,0.02960386193262488,0.044131037923573806,0.05232623324398282,0.06984059286626335
2018-11-09,0.018688855934729826,0.028004893257686892,0.04176121836945382,0.04952155466965536,0.06610655544603518
2018-11-12,0.018223164413700497,0.02729386374186747,0.040707406824202194,0.048274369981180766,0.06444610339305208
2018-11-13,0.017238069559887378,0.025789796166415867,0.03847823948222079,0.04563615312970095,0.060933686485006064
2018-11-14,0.016409947568873286,0.02452539870217025,0.03660428542551283,0.04341833077146045,0.05798096607244523
2018-11-15,0.016254843365629688,0.024288581707327634,0.03625330072273387,0.0430029408004859,0.05742793239871012
2018-11-16,0.0155402333611653,0.02319749719638153,0.0346362125022046,0.0410891188485019,0.054879946027018324
2018-11-19,0.014761402469695139,0.022008358621465617,0.03287379908437864,0.03900330470139093,0.052102976092479096
2018-11-20,0.014430073078058638,0.021502476580943758,0.032124035083058645,0.03811595991319878,0.050921600560151506
2018-11-21,0.013752980265320253,0.02046867426102592,0.030591844370860415,0.03630261405958096,0.04850738406660975
2018-11-22,0.013916144148308962,0.02071779697742035,0.0309610672918222,0.03673958893970287,0.04908915502924713
2018-11-23,0.015896506383772355,0.023741463799432188,0.03544242134975921,0.04204326604390274,0.05615025962539093
2018-11-26,0.015043808448464898,0.022439543165915433,0.033512854483579074,0.03975962599295497,0.053109912156478034
2018-11-27,0.01456119017363811,0.02170266945707656,0.03242073945250068,0.03846710917535956,0.05138910671112222
2018-11-28,0.013791658367882828,0.02052772895988987,0.030679368899842123,0.03640619923370797,0.048645293244478326
2018-11-29,0.013074343928832652,0.01943251525026339,0.029056160824728464,0.034485134441229644,0.0460876640432366
2018-11-30,0.01250004008139285,0.018555653705359637,0.0277565708653133,0.0329470712970354,0.04403994799204087
2018-12-03,0.012245800610638548,0.018167474493092566,0.027181253348371282,0.032266183711988125,0.043133441362437165
2018-12-04,0.011824833802690305,0.01752473179301099,0.026228649183702275,0.03113877783595112,0.04163245805281968
2018-12-05,0.011301658368004402,0.016725934393412408,0.025044757512139464,0.029737643475411187,0.039767043534053255
2018-12-06,0.011368775032595894,0.016828409803362802,0.025196635553356453,0.02991739095338754,0.040006352171805544
2018-12-07,0.011065729776639256,0.016365712691897353,0.024510875613482593,0.029105794894458695,0.03892582548261917
2018-12-10,0.010518277168931554,0.015529848294512344,0.023272047220804705,0.027639642990963904,0.03697384919503296
2018-12-11,0.012966537253602035,0.019267913309644204,0.02881220551550981,0.03419641362800593,0.04570327264436317
2018-12-12,0.012652157015102276,0.01878790966201584,0.028100795687394986,0.03335446095738558,0.04458233037064424
2018-12-13,0.012466933494947008,0.01850510573729917,0.027681654098644703,0.03285840739434795,0.04392190440106083
2018-12-14,0.01197534555817294,0.017754536923216935,0.026569241654170943,0.03154186861256321,0.0421691170687211
2018-12-17,0.012172994269740453,0.018056311942391767,0.027016500160603654,0.032071198513650694,0.04287384583029774
2018-12-18,0.012170686808418162,0.01805278885246491,0.02701127861528482,0.032065018821085006,0.042865618433583906
2018-12-19,0.011558103195517451,0.017117480799793118,0.025625065522377623,0.030424437303234908,0.04068141350020542
2018-12-20,0.011051811104985914,0.016344461314280148,0.024479379105127794,0.029068518814938105,0.03887619759403209
2018-12-21,0.010928664991508595,0.016156438733909165,0.024200712240314743,0.028738716917676602,0.03843711247500665
2018-12-24,0.020859058329523634,0.031318412805111114,0.046672160991109164,0.05533364931912456,0.07384454692558645
2018-12-25,0.020493254373124496,0.030759894132861273,0.04584438463026824,0.05435397699785054,0.07254025019059385
2018-12-26,0.019365063749958132,0.029037344341168857,0.04329140642420281,0.05133253038060563,0.0685176164259673
2018-12-27,0.018496622750757155,0.02771138680212077,0.04132621463951019,0.04900672828171188,0.06542113608458025
2018-12-28,0.022152759540937664,0.03329366832175341,0.04959967246840801,0.05879835560961121,0.07845731897625872
2018-12-31,0.021705831032770927,0.03261128664543407,0.04858831967253323,0.05760142079964021,0.07686376761143712
2019-01-01,0.022634413399880957,0.03402906953618831,0.05068960512650653,0.06008828959142607,0.08017468573686001
2019-01-02,0.022323802206058427,0.033554820560678586,0.04998672425504236,0.05925643093067996,0.07906718222611933
2019-01-03,0.02113424397200147,0.031738573158683774,0.047294877519186915,0.056070633576488324,0.07482573843191627
2019-01-04,0.02590152984752562,0.03901738502185541,0.05808275032399573,0.0688380679854143,0.09182379242627464
2019-01-07,0.028926313630601583,0.043635700906124,0.06492752187029706,0.07693884682686762,0.10260884694334445
2019-01-08,0.029304813381543587,0.04421360383649133,0.0657840274956001,0.07795252019786418,0.10395841132260585
2019-01-09,0.0276778023544268,0.04172944251810035,0.06210227052300666,0.07359516527648997,0.0981572024145483
2019-01-10,0.0284336652492269,0.04288351297857957,0.06381270974983015,0.07561946803144909,0.10085227852989276
2019-01-11,0.026927115903498066,0.040583275582193344,0.060403545051037316,0.07158472573622468,0.09548058323145454
2019-01-14,0.026070793007772868,0.03927582026802577,0.05846577527592113,0.06929137755247831,0.09242731074094297
2019-01-15,0.02477022163709732,0.03729007521959531,0.05552271734174993,0.06580827204909767,0.08779004271056101
2019-01-16,0.023923826219439264,0.03599777742839012,0.05360741241842933,0.06354151099026425,0.0847721672599206
2019-01-17,0.02274866099679578,0.0342035056378771,0.05094813557254081,0.06039426006143213,0.08058204264219146
2019-01-18,0.021903665380457474,0.032913345098499955,0.0490359982542231,0.05813124785928616,0.07756915827013029
2019-01-21,0.023130703086905388,0.0347868171006945,0.05181265714347191,0.06141742029437854,0.08194423745185067
2019-01-22,0.021920075703098313,0.03293840079145302,0.04907313310997911,0.058175196916132516,0.07762767029512672
2019-01-23,0.02082512395025604,0.031266600942170306,0.046595371015259714,0.05524276847563855,0.07372355178786731
2019-01-24,0.019977075420480602,0.029971779137846256,0.04467632527091012,0.052971580159644475,0.07069978206325975
2019-01-25,0.027080964230076294,0.04081817507298664,0.060751687835358205,0.07199675230014342,0.09602913899890804
2019-01-28,0.025891888350262196,0.03900266414157003,0.058060932617056915,0.06881224675565617,0.09178941506872797
2019-01-29,0.024455174502110693,0.03680905333765357,0.054809798396149356,0.0649645333397593,0.08666672257598196
2019-01-30,0.024068740755334158,0.03621903658308719,0.053935338962299566,0.0639296116580755,0.08528886904161057
2019-01-31,0.022723097347223366,0.03416447441536767,0.05089028768860547,0.06032579716080261,0.08049089386129797
2019-02-01,0.02206875315619834,0.033165405262690364,0.049409574744667034,0.05857337518362147,0.07815778899191246
2019-02-04,0.021006460356416748,0.031543469923567886,0.04700571646875694,0.055728411823249335,0.07437011801098554
2019-02-05,0.019846188184072893,0.02977193721647261,0.044380141048900555,0.052621046491340535,0.07023309548944777
2019-02-06,0.019027824856383536,0.028522439524598826,0.04252826983375926,0.050429359149369364,0.0673151701973051
2019-02-07,0.01798405126269339,0.02692877977467208,0.04016631859782472,0.0476339927200921,0.06359353059634873
2019-02-08,0.017000587933057372,0.02542720325132967,0.03794084322560559,0.045000145310357884,0.06008693098912746
2019-02-11,0.016503437042588505,0.024668140779764914,0.03681584239469026,0.04366870818845411,0.05831430859974662
2019-02-12,0.015616722921443374,0.02331428337898058,0.03480930043288904,0.04129396820499461,0.055152674306706076
2019-02-13,0.01751834003198662,0.026217720165621888,0.0391124624516201,0.0463867552464436,0.061933008267286094
2019-02-14,0.016751963175515715,0.025047596724277546,0.03737823122151827,0.04433429468439784,0.05920044396834172
2019-02-15,0.015858061718468763,0.02368276551844087,0.035355425065049725,0.041940306046232625,0.05601318278257339
2019-02-18,0.01507773715554545,0.022491346368418545,0.03358963162385837,0.03985049164555923,0.05323088706966186
2019-02-19,0.014291945119662851,0.021291579343299834,0.03181146585921326,0.0377460346150514,0.050429096742204166
2019-02-20,0.013536758931996554,0.020138542096276246,0.030102557950350592,0.03572354417304571,0.04773643346819104
2019-02-21,0.014755025956411733,0.021998622800760755,0.03285936969708455,0.03898622753899093,0.052080240238176014
2019-02-22,0.014384344382038203,0.021432656858826858,0.0320205557933582,0.037993492299069724,0.0507585520532353
2019-02-25,0.014603132206951103,0.021766707607423604,0.032515649917777924,0.03857943559615381,0.0515386536368788
2019-02-26,0.014189583157421626,0.021135290527283104,0.031579831370000346,0.03747189547739373,0.050064118805790085
2019-02-27,0.013524997057329655,0.020120583770492154,0.030075942049570644,0.03569204428668341,0.047694495773267134
2019-02-28,0.012863501553613849,0.019110595813906287,0.028579046427750093,0.03392047012981319,0.04533589245415103
2019-03-01,0.01224716007269748,0.018169550153923585,0.027184329669816574,0.032269824534695644,0.04313828860887558
2019-03-04,0.012344781209777767,0.01831860055896106,0.027405236164073574,0.03253126710330609,0.04348636283861724
2019-03-05,0.011778128034952165,0.017453420253244447,0.026122958882183574,0.03101369349201094,0.041465925735985724
2019-03-06,0.011612657771862355,0.017200776097758844,0.02574851686259421,0.030570541814979493,0.040875931231795844
2019-03-07,0.011030317480104676,0.016311644307737422,0.024430741264354804,0.029010955989245153,0.03879956073905733
2019-03-08,0.010682927686107962,0.015781240841339465,0.023644634240531058,0.028080599277902414,0.03756092084423543
2019-03-11,0.01198736287454456,0.017772885263814323,0.026596435592998437,0.03157405260625524,0.04221196555691452
2019-03-12,0.013030472822869003,0.01936553174332118,0.028956885068396755,0.034367641703755336,0.04593123888908527
2019-03-13,0.012373997652643486,0.01836320895805508,0.027471349939851637,0.032609512676928035,0.04359053588095655
2019-03-14,0.011740588793124599,0.01739610439556706,0.02603801147676283,0.030913158340499486,0.04133207723682852
2019-03-15,0.011559360243786601,0.017119400092676526,0.025627910092053365,0.030427803848003625,0.0406858955839131
2019-03-18,0.01174576875074954,0.01740401328502652,0.02604973318287638,0.030927030965499175,0.04135054669758591
2019-03-19,0.01225830582987868,0.01818656777604922,0.027209551360716507,0.03229967437535223,0.04317802949862308
2019-03-20,0.012743958368989764,0.01892807427583984,0.028308532616730817,0.033600317361849735,0.04490965380181212
2019-03-21,0.01279798381054359,0.01901056167751089,0.02843078657987126,0.033745004779273786,0.045102284870428284
2019-03-22,0.012148197923750029,0.01801845225827149,0.026960388604982014,0.03200479055547911,0.04278543291800062
2019-03-25,0.01206199376524048,0.017886833582992225,0.026765317547460348,0.03177392419497869,0.042478066634722624
2019-03-26,0.012190808870347982,0.018083511722229908,0.02705681275154962,0.03211890841624864,0.04293736489563624
2019-03-27,0.011658886787933705,0.01727135972110111,0.02585312832460651,0.03069434935366947,0.041040763660939915
2019-03-28,0.011188464445076698,0.016553107067643003,0.02478861142090319,0.029434494886422996,0.03936344356879067
2019-03-29,0.010882678416110778,0.0160862252750791,0.024096649396366694,0.02861555866780173,0.038273144483147586
2019-04-01,0.010362958584338541,0.015292703976838642,0.022920577395297726,0.027223678877827836,0.03642005113127638
2019-04-02,0.009920772359610608,0.014617562938033856,0.02191995589431021,0.026039444542368822,0.03484340867270754
2019-04-03,0.009540684741803394,0.01403723561263812,0.02105985709120745,0.02502151864979478,0.0334881826554795
2019-04-04,0.009666093009435175,0.014228712106813677,0.021343642975924157,0.02535737890091718,0.033935333625696826
2019-04-05,0.00935336597893513,0.013751232618699722,0.02063597418581009,0.024519853744243304,0.03282028596781945
2019-04-08,0.00900739654431378,0.013222997792685688,0.01985308128773391,0.023593300946833054,0.03158671045260142
2019-04-09,0.00859907902533531,0.01259956834484404,0.018929101150245188,0.0224997715723229,0.030130828968742345
2019-04-10,0.00823798040570784,0.012048233899008998,0.018111972477821092,0.021532700777404285,0.028843309404365233
2019-04-11,0.009048988192761504,0.013286500966616255,0.019947198868452108,0.02370468898971123,0.031735008059350464
2019-04-12,0.012877171804293151,0.01913146789613821,0.0286099807852417,0.033957080904467515,0.04538463458232006
2019-04-15,0.012418954208316383,0.01843184975688765,0.027573081956140298,0.03272991239508881,0.04375083127348831
2019-04-16,0.01185452293293732,0.01757006190307607,0.026295832601930788,0.031218289330118686,0.041738316491386436
2019-04-17,0.011591866195180659,0.017169030996047666,0.02570146768398188,0.030514859169031072,0.04080179757329683
2019-04-18,0.011575869225846098,0.01714460642130903,0.025665268203827002,0.030472017128076657,0.04074475938519675
2019-04-19,0.011130868360780298,0.01646516791891243,0.024658277464084145,0.029280244806258796,0.03915808115162155
2019-04-22,0.011218542625927388,0.016599031189945518,0.02485667522024092,0.029515048310567876,0.03947068919145765
2019-04-23,0.014909247491487213,0.022234092115665335,0.03320835701347319,0.039399253605589796,0.05263012670371499
2019-04-24,0.01574400975103966,0.023508628108766496,0.0350973373082235,0.04163485949836855,0.0556065234063283
2019-04-25,0.019083013607320506,0.028606703096266735,0.042653156245212154,0.050577162066185385,0.06751194911780661
2019-04-26,0.01861222220253392,0.027887886949781067,0.04158780419269306,0.049316319201326154,0.06583331311241658
2019-04-29,0.01814654745200587,0.027176883039584387,0.04053403059734404,0.04806917942651536,0.06417292085569778
2019-04-30,0.01765986565062521,0.026433805036298125,0.03943272022771312,0.0467657799368713,0.06243762665393555
2019-05-01,0.016814219569051356,0.02514265135025499,0.03751911097412484,0.044501025701113965,0.05942242300766176
2019-05-02,0.01623683816664543,0.0242610909170987,0.036212556827456964,0.042954720449734245,0.057363733743016974
2019-05-03,0.01606153078957941,0.023993427208815348,0.035815854440624545,0.04248522365501031,0.05673866439773675
2019-05-06,0.015585261912618286,0.023266247920180196,0.0347381074374661,0.041209711381069866,0.0550404981249773
2019-05-07,0.01564838102238156,0.023362619762971614,0.03488093942729388,0.04137875286817469,0.05526555323261001
2019-05-08,0.01577092530936238,0.02354972345952554,0.035158244421251206,0.041706942992926585,0.055702492501868976
2019-05-09,0.016529632244350004,0.02470813627202576,0.036875119415636336,0.043738862471006286,0.058407709219210444
2019-05-10,0.01573441103645053,0.023493972550143242,0.0350756164140332,0.041609152846381114,0.05557229859306502
2019-05-13,0.014910826939603354,0.022236503656736125,0.033211931140518146,0.03940348358062206,0.05263575832410874
2019-05-14,0.01474021758478121,0.021976013006862742,0.03282585989008586,0.038946568722961795,0.05202744006904068
2019-05-15,0.01405500748166904,0.02092981700403764,0.03127530059283555,0.03711148367116465,0.049584280872320606
2019-05-16,0.013560464603323358,0.02017473651091454,0.030156201422486203,0.03578703115739847,0.04782095751220828
2019-05-17,0.012866044066661569,0.019114477786713713,0.028584799870711042,0.033927279322594615,0.04534495794239632
2019-05-20,0.012225454417323077,0.01813640941389617,0.027135212026059095,0.03221169386275121,0.04306089574600337
2019-05-21,0.011819416270331128,0.01751646016847772,0.026216389870639727,0.031124268953777907,0.04161314150458618
2019-05-22,0.011673126391672372,0.017293101105890305,0.025885351068938314,0.030732484932589947,0.041091535852817655
2019-05-23,0.011168040115375196,0.016521922687849064,0.024742393284064676,0.029379795777408155,0.03929061935221764
2019-05-24,0.011312111246944626,0.01674189411162965,0.02506841129154257,0.029765637694708785,0.03980431392338204
2019-05-27,0.01100228665195142,0.016268846134977536,0.024367310411532804,0.028935885651694814,0.03869961507964096
2019-05-28,0.010687633262871721,0.015788425434180218,0.023655282472025065,0.028093201446989,0.037577698870557626
2019-05-29,0.010181204491154183,0.015015197260398051,0.022509286759447057,0.02673691690804561,0.03577199561912321
2019-05-30,0.009732878135966043,0.014330681316122498,0.02149477078094358,0.025536238475261652,0.034173460143894545
2019-05-31,0.009390737213360178,0.013808291958453393,0.020720541407928228,0.024619938949276228,0.03295353542614419
2019-06-03,0.009184016014572844,0.013492664837825373,0.020252752805187856,0.024066311704054304,0.03221645814768556
2019-06-04,0.008765560953445871,0.012853757135903608,0.019305832462704734,0.022945632624695688,0.03072443062742137
2019-06-05,0.008404027683657571,0.012301759055281483,0.018487720222109556,0.021977397778036915,0.029435361290889753
2019-06-06,0.008061581830377015,0.011778904121796212,0.01771280082264755,0.021060281606586954,0.028214349323872564
2019-06-07,0.008051908048224412,0.011764133948130813,0.017690910058357642,0.021034373913542216,0.02817985685254756
2019-06-10,0.00790213465838041,0.011535456173134975,0.017351988432642365,0.0206332605796737,0.027645830525207474
2019-06-11,0.007695537643297759,0.011220018659307648,0.016884480844727937,0.020079965915158194,0.026909196031463783
2019-06-12,0.007407795247099056,0.010780686338638233,0.016233349687127443,0.01930935297814186,0.025883232639554995
2019-06-13,0.007201639361793924,0.010465922352839573,0.015766840330083697,0.018757239718653736,0.02514817102144171
2019-06-14,0.00696493405293847,0.010104514739543598,0.015231200800416334,0.018123310983527423,0.024304183535536244
2019-06-17,0.007038723203246442,0.010217177868346625,0.01539817798380368,0.0183209282779893,0.024567283335691362
2019-06-18,0.007974585936623394,0.011646076605252232,0.017515938150498372,0.020827294872343097,0.027904160059389043
2019-06-19,0.007755627425465233,0.011311765248607355,0.017020457780833137,0.02024089445447838,0.02712344988333283
2019-06-20,0.00761160463838357,0.011091867638405452,0.016694549171909993,0.019855182010234902,0.026609927687443347
2019-06-21,0.007320754154421618,0.010647789811241648,0.016036384734508042,0.019076245195085273,0.02557288221550027
2019-06-24,0.007052031711389746,0.01023749763298502,0.015428293755506996,0.01835657025735384,0.024614735648372185
2019-06-25,0.007021638636205318,0.01019109272210135,0.015359517382997019,0.01827517350372197,0.024506367250392968
2019-06-26,0.006872344116722389,0.009963146098405457,0.015021679391173257,0.017875342649252633,0.02397404836507888
2019-06-27,0.006678034744740607,0.009666469666818285,0.014581977463398413,0.017354955949861705,0.023281226226277933
2019-06-28,0.006443372590478722,0.009308181593294475,0.014050961380373747,0.016726499058241695,0.0224445237350229
2019-07-01,0.006398702296423671,0.009239977865892975,0.013949877144395072,0.01660686598729384,0.022285249026075826
2019-07-02,0.006484041345351006,0.009370275670124353,0.014142990548782684,0.016835415467679273,0.022589530707386687
2019-07-03,0.006972276764255657,0.010115725775684266,0.015247816593511297,0.018142975754546754,0.024330364428961436
2019-07-04,0.008439943596577357,0.0123565963735928,0.01856899420281134,0.02207358543583909,0.029563421709964174
2019-07-05,0.008088355631455364,0.011819783034032593,0.017773387153754185,0.02113198545612962,0.028309812975150648
2019-07-08,0.007769659369024342,0.01133318957261649,0.01705221061174624,0.02027847389143652,0.02717348164993783
2019-07-09,0.007478446626816888,0.010888558640460927,0.016393226421558948,0.01949856689985751,0.026135144523712264
2019-07-10,0.007188991860533765,0.010446611830119596,0.015738220348304598,0.018723368004854295,0.025103075569873002
2019-07-11,0.0069483354710687265,0.01007917160766942,0.015193639933577963,0.01807885774308066,0.02424500026056206
2019-07-12,0.008794587268722048,0.01289807524341655,0.01937151599949436,0.0230233690109955,0.030827925758026994
2019-07-15,0.008482479997294965,0.012421542019027985,0.018665249659794075,0.02218750365268908,0.02971508788963167
2019-07-16,0.008172071340751702,0.011947602282525428,0.017962827109157312,0.02135618741408755,0.02860830653814444
2019-07-17,0.007855111080038203,0.011463659392152457,0.017245578958734548,0.020507325096081344,0.027478165034918223
2019-07-18,0.007793084290572962,0.011368955331439001,0.01710521877629256,0.020341208990026206,0.027257004663177153
2019-07-19,0.009675161256186966,0.014242557733813725,0.021364163476493087,0.02538166488850644,0.03396766702292658
2019-07-22,0.009391222940910562,0.01380903357948228,0.020721640558926963,0.02462123979315303,0.032955267317904734
2019-07-23,0.00901020811503587,0.013227290569511,0.019859443580267564,0.023600830712346935,0.031596735282702
2019-07-24,0.008789602594011998,0.012890464516818457,0.01936023619833508,0.023010019379974392,0.030810152590636138
2019-07-25,0.008402754670596268,0.012299815386952264,0.01848483952576728,0.021973988477402073,0.029430822283723714
2019-07-26,0.00818151506381822,0.01196202119619746,0.017984197273629404,0.021381478977877937,0.02864197871950377
2019-07-29,0.007927868219592835,0.01157474682100577,0.01741022080897198,0.020702178526586536,0.027737585136610513
2019-07-30,0.00843944092944184,0.012355828888779691,0.018567856719290798,0.022072239225469123,0.029561629419060338
2019-07-31,0.008125600720508412,0.011876649771862615,0.017857668921996975,0.02123173282684653,0.028442612654313748
2019-08-01,0.007845344326057989,0.01144874726676454,0.017223477808854828,0.02048116841194568,0.027443341066765263
2019-08-02,0.007535847943172003,0.010976200412604775,0.016523119638755513,0.019652295365211892,0.02633981248368524
2019-08-05,0.007294509039077323,0.010607718109668398,0.01597699476430814,0.01900595723722788,0.025479303626055713
2019-08-06,0.007924595805417491,0.011569750416816335,0.017402815675566934,0.020693414560163412,0.027725917140543822
2019-08-07,0.00761037420176495,0.011089988976858749,0.016691764821635507,0.019851886735054693,0.02660554048922909
2019-08-08,0.007841479283831335,0.011442846023175298,0.017214731619720165,0.020470817307689508,0.027429560018559947
2019-08-09,0.007546546721995293,0.010992535576942252,0.016547329864054775,0.01968094813755417,0.02637795964432556
2019-08-12,0.007358565377930084,0.010705520937383563,0.016121947606224575,0.019177508750212957,0.025707700482239724
2019-08-13,0.007358939004816853,0.01070609140030247,0.01612279308506435,0.019178509373396626,0.02570903267211901
2019-08-14,0.007106881330055049,0.010321243408979112,0.01555241274585148,0.01850346493221679,0.02481030537168782
2019-08-15,0.007392791123924085,0.010757777666363474,0.01619939691471447,0.019269169913081006,0.025829734506125326
2019-08-16,0.008724696801467225,0.012791364721861959,0.019213361130938092,0.022836192915459373,0.03057872695453426
2019-08-19,0.00865627865386312,0.012686902174945315,0.01905853796883591,0.022652959890479604,0.030334777798235617
2019-08-20,0.008656691474062929,0.01268753247919939,0.019059472138072468,0.02265406547864053,0.030336249734307742
2019-08-21,0.0084333887560623,0.012346588278389792,0.018554161279513138,0.022056030689066586,0.029540050018836653
2019-08-22,0.00820365022652487,0.011995817718812057,0.01803428684787102,0.02144075992837411,0.028720903017455626
2019-08-23,0.007957273585479985,0.011619643672516014,0.017476762097925952,0.02078093006153479,0.027842431795721066
2019-08-26,0.00884936462089278,0.012981710681110877,0.019495471458267244,0.023170070146441374,0.031023237810666106
2019-08-27,0.013676647632266661,0.020352127678856347,0.03041911155018648,0.036098184975355926,0.04823521532069123
2019-08-28,0.013058250890330757,0.01940794399470612,0.029019743950025677,0.03444203511409087,0.04603028331455135
2019-08-29,0.01238511293849537,0.018380180055789456,0.027496502677298085,0.032639280911255876,0.04363016812328611
2019-08-30,0.011924697038843766,0.017677205491250996,0.0264546293152969,0.031406225048210494,0.04198852662611481
2019-09-02,0.011524943307246866,0.01706685144916731,0.025550028139215572,0.03033563065107343,0.04056317985825746
2019-09-03,0.011115139945122353,0.016441153378675244,0.024622685693007396,0.029238121988262894,0.03910200050834147
2019-09-04,0.010594229582075131,0.015645814347369454,0.02344391964331201,0.027843053794999996,0.03724466224323817
2019-09-05,0.013283275879259223,0.019751517802044136,0.029528952128819216,0.03504468237744543,0.04683262389402528
2019-09-06,0.012652526413256373,0.018788473668399447,0.02810163159705192,0.033355450255452945,0.04458364748271444
2019-09-09,0.013119644886340319,0.019501681890471134,0.02915867218659955,0.03460645651394404,0.046249187421908915
2019-09-10,0.012447036471527152,0.018474726461985766,0.027636629201155394,0.03280512048265882,0.04385096032779806
2019-09-11,0.01203951100405454,0.017852506338285282,0.026714441393961764,0.03171371232888382,0.042397902952795566
2019-09-12,0.012096100786832951,0.017938909040572673,0.026842498194960325,0.03186526739789031,0.04259967733937789
2019-09-13,0.011535345338495512,0.01708273353185139,0.02557356685557369,0.030363488693396532,0.04060026894698261
2019-09-16,0.011088871509257178,0.01640104607074474,0.024563242950890816,0.029167771574905983,0.03900833876813075
2019-09-17,0.011388683687487371,0.016858806837899344,0.025241686771657994,0.02997070901572609,0.04007733771780307
2019-09-18,0.01101127793337102,0.016282574249374474,0.02438765674754862,0.028959965515746245,0.0387316740521967
2019-09-19,0.014607559982487224,0.02177346804636964,0.032525669513946295,0.038591293776093286,0.051554441145663266
2019-09-20,0.01564285439810465,0.02335418157415718,0.03486843325055181,0.04136395182313552,0.055245847710365635
2019-09-23,0.0152464738639319,0.022748977814659597,0.033971465269900206,0.04030239130355178,0.053832528287510534
2019-09-24,0.015469416030238905,0.023089371516083722,0.03447596023742386,0.040899460487072395,0.054627442433515895
2019-09-25,0.015613946382260381,0.023310044089189404,0.03480301741308998,0.041286532258666186,0.05514277438373476
2019-09-26,0.015416578758893238,0.02300869824254185,0.034356394980060816,0.040757955149682015,0.05443904785960135
2019-09-27,0.014659658943418785,0.0218530140490196,0.03264356405152331,0.03873082181863882,0.05174020322792297
2019-09-30,0.013970662331684735,0.020801036709686353,0.03108443627852943,0.036885595986168786,0.049283542999444915
2019-10-01,0.013615506016110343,0.02025877512299286,0.030280754423008264,0.03593443948278135,0.04801721108938149
2019-10-02,0.012907327460014693,0.01917751030902027,0.02867821990216561,0.03403784181676347,0.045492156446452804
2019-10-03,0.012505091369375809,0.01856336613877661,0.027768001405390708,0.032960599327383676,0.044057958673195154
2019-10-04,0.011866809282818327,0.017588821010795643,0.026323635335648136,0.03125119383182609,0.0417821242352734
2019-10-07,0.011301854420727137,0.01672623373163573,0.02504520115908893,0.029738168531038976,0.039767742572217483
2019-10-08,0.010747828155951775,0.015880332509462393,0.02379149726320859,0.028254411487506532,0.03779232750191632
2019-10-09,0.01023250158719893,0.015093518955590225,0.022625366760067107,0.026874297448298543,0.03595489860230681
2019-10-10,0.009768135202352306,0.014384512690991481,0.021574553860367968,0.025630661653206332,0.034299171404717665
2019-10-11,0.009437831229078332,0.013880196284991392,0.020827110274302167,0.024746063073659338,0.03312145206527385
2019-10-14,0.009138487784710015,0.013423151192475054,0.020149727149581603,0.02394438096532673,0.03205412441530983
2019-10-15,0.009008265786452379,0.013224324973424496,0.019855048292413854,0.02359562889449128,0.0315898097894551
2019-10-16,0.009160444641996314,0.01345667547389355,0.020199413237175813,0.024003184389864,0.0321324129542068
2019-10-17,0.008777800494255944,0.012872444774357499,0.01933352927235616,0.022978411765399265,0.03076807147065754
2019-10-18,0.008387381381926714,0.012276343063524289,0.018450051370181682,0.021932816737367408,0.029376007867785797
2019-10-21,0.0080235786846584,0.011720879964001379,0.017626803650902537,0.020958504057901155,0.028078846746568138
2019-10-22,0.008668804720376504,0.012706027288042602,0.0190868831563953,0.022686506385652578,0.03037944026666961
2019-10-23,0.008509894240212488,0.012463398773956906,0.018727285244266312,0.022260922691836035,0.029812835076079822
2019-10-24,0.008366545340197762,0.01224453007146168,0.018402901571785563,0.021877015008026645,0.029301715666398043
2019-10-25,0.009519111251766061,0.014004296665968287,0.021011038523881035,0.024963741934444568,0.03341126103632844
2019-10-28,0.009115189298963669,0.013387578479012431,0.020097005096124176,0.02388198447886449,0.03197105221677934
2019-10-29,0.008700028121117647,0.01275369996085,0.019157538469402303,0.022770126863088776,0.03049076924201181
2019-10-30,0.00837869899298825,0.012263086573929147,0.01843040402576902,0.02190956412903239,0.029345050270563916
2019-10-31,0.008104700599866094,0.011844738942504957,0.017810374119675162,0.02117575948553519,0.028368091975578984
2019-11-01,0.007799233291105552,0.011378343779959166,0.01711913332586108,0.020357676842601057,0.027278929306631183
2019-11-04,0.007817286610435658,0.011405908041541266,0.01715998611248285,0.020406026066127576,0.02734329953840731
2019-11-05,0.00809665015404194,0.011832447319535686,0.017792156796896417,0.021154199306073283,0.028339387610795616
2019-11-06,0.007775565771390108,0.011342207616159741,0.01706557618685954,0.020294292033407994,0.027194541294554727
2019-11-07,0.00774863298884952,0.011301085967032061,0.017004630097215714,0.020222162410071944,0.02709851078499505
2019-11-08,0.007688091577109846,0.011208649818353345,0.016867631170294984,0.020060024345858397,0.02688264661982528
2019-11-11,0.007786901382899286,0.011359515112643836,0.017091227498385365,0.020324650329555397,0.027234959121704833
2019-11-12,0.007552066858110031,0.011000963859467652,0.01655982135875971,0.01969573180642016,0.026397642032624586
2019-11-13,0.007371569215300017,0.01072537552302966,0.016151373939610934,0.019212334780163744,0.02575406647234802
2019-11-14,0.007623239989217611,0.011109632784422351,0.01672087876239698,0.019886343048711983,0.02665141425377992
2019-11-15,0.007336125370680946,0.010671258970461613,0.016071168200444536,0.0191174113849259,0.025627689242130755
2019-11-18,0.008120396570857504,0.011868703945410036,0.017845892471841256,0.02121779541233918,0.028424056935384658
2019-11-19,0.008040099845800433,0.011746104887963123,0.017664189322675033,0.021002749955199483,0.0281377539731273
2019-11-20,0.008452208043147641,0.012375322038787193,0.018596747371611405,0.022106431277526876,0.029607151356235848
2019-11-21,0.008196503533877544,0.011984905968901928,0.018018114624667406,0.02142162012178438,0.028695421040777023
2019-11-22,0.007988222188181468,0.011666896776771563,0.0175467955715098,0.020863814592766237,0.02795278096157887
2019-11-25,0.0077127561004264504,0.011246308232302903,0.016923444424896905,0.020126079265134145,0.026970589510188374
2019-11-26,0.007430857046880394,0.010815897674022235,0.016285536144828323,0.019371115587674407,0.025965460919571276
2019-11-27,0.007204905143434272,0.010470908630307918,0.015774230454750904,0.018765985922253797,0.025159815368792773
2019-11-28,0.0069715171615998195,0.010114565995262663,0.015246097691593654,0.018140941436207453,0.02432765601849575
2019-11-29,0.006717748844389768,0.009727106152065713,0.01467184634618815,0.01746131566388336,0.023422829316128203
2019-12-02,0.006834197439459285,0.009904902793041955,0.014935357422450283,0.017773180703736496,0.023838034017134555
2019-12-03,0.00664666045128265,0.009618566607219346,0.014510980695845013,0.017270931361383083,0.023169359233578532
2019-12-04,0.0067216439122895,0.009733053239607072,0.014680660480302518,0.017471747180940782,0.023436717422736463
2019-12-05,0.006487951904068149,0.009376246409434977,0.014151839737007971,0.01684588847123455,0.022603474047466918
2019-12-06,0.006380304245813852,0.009211887259930884,0.013908244266691183,0.01655759352691571,0.022219649633502734
2019-12-09,0.006189961391162599,0.008921267006671337,0.013477518155671848,0.016047829695792326,0.021540970358694914
2019-12-10,0.005997656275694164,0.008627650724290045,0.01304235165222413,0.015532810665603743,0.020855294521022524
2019-12-11,0.0059862447926554135,0.008610227385248161,0.013016528651306914,0.015502249175269413,0.02081460616921961
2019-12-12,0.00581986256550547,0.008356190820120468,0.012640022951766281,0.01505665513551312,0.020221360000510377
2019-12-13,0.005722315136207055,0.008207252953976427,0.01241928325056435,0.014795409966281491,0.019873548580444655
2019-12-16,0.0056019569632091695,0.008023487071182507,0.01214692520550006,0.01447307454955767,0.019444404036421385
2019-12-17,0.005791488675245769,0.008312868851516282,0.012575815785027911,0.014980666031382258,0.02012019113183804
2019-12-18,0.005631866161602283,0.008069153186822744,0.01221460661508686,0.01455317541589509,0.019551047141636513
2019-12-19,0.005564581355758353,0.007966421054583214,0.012062348087678795,0.014372977632972066,0.019311138985801557
2019-12-20,0.005431837837386343,0.007763744915263353,0.011761963292377924,0.014017472591261439,0.01883783372330973
2019-12-23,0.005355481871469215,0.007647162707891447,0.011589177671857166,0.013812981018481586,0.018565581782616532
2019-12-24,0.005347889730129817,0.007635570835725397,0.011571997444527804,0.013792648240228925,0.01853851153094934
2019-12-25,0.0056558227543593706,0.008105730714605738,0.012268817896358437,0.0146173344016731,0.01963646586160389
2019-12-26,0.005527269252415904,0.00790945199765225,0.011977914673059208,0.014273050788951743,0.019178100363025804
2019-12-27,0.008928541285100232,0.013102599601508627,0.019674640026060577,0.023382115929593626,0.03130554712637155
2019-12-30,0.008526977221802895,0.012489481499496191,0.018765942257362667,0.022306673220052562,0.02987374550835518
2019-12-31,0.00833849528029934,0.012201702535190036,0.01833942719952167,0.02180189316526949,0.02920170143499936
2020-01-01,0.009926016211741152,0.014625569383229956,0.021931822187053838,0.026053488285470227,0.03486210595329461
2020-01-02,0.012627321637704303,0.018749990383761767,0.028044595807751874,0.033287948467841486,0.044493778289438374
2020-01-03,0.012000852155343755,0.017793481036686036,0.026626960434446942,0.031610178719168144,0.04226006242573185
2020-01-06,0.011747076188688758,0.017406009514124333,0.026052691779141997,0.030930532460599014,0.04135520844879306
2020-01-07,0.011170235599085913,0.016525274807544888,0.024747361435678544,0.02938567557883067,0.03929844748579992
2020-01-08,0.010621494686469285,0.015687443393853466,0.023505617742795422,0.027916073421071108,0.03734187766701484
2020-01-09,0.010303521185912077,0.01520195346342727,0.02278607673584169,0.027064497510135333,0.03620812339417038
2020-01-10,0.009840415919160066,0.014494872705623715,0.02173811761541062,0.025824239159353213,0.03455689279150447
2020-01-13,0.010872032187078181,0.016069970345082483,0.024072558085785935,0.028587046630884887,0.038235184692051054
2020-01-14,0.010521830030952927,0.015535272893519959,0.023280086978557935,0.027649158034535076,0.0369865171453197
2020-01-15,0.010269127977718865,0.015149441048953747,0.02270824847778765,0.026972387860916724,0.036085492273408584
2020-01-16,0.009944241850751063,0.014653396746829087,0.021973064915213846,0.026102299004335333,0.03492709060159579
2020-01-17,0.009540559130338633,0.014037043825897464,0.021059572845508735,0.025021182245354347,0.033487734779997294
2020-01-20,0.00913610171383275,0.013419508079504431,0.020144327719004273,0.02393799074577289,0.032045616731343506
2020-01-21,0.008721633420714225,0.012786687475154178,0.019206429018457545,0.02282798876872794,0.030567804280122787
2020-01-22,0.00834054090598686,0.012204825847890535,0.01834405623799333,0.021807371626698605,0.029208995240488818
2020-01-23,0.008098879075342149,0.01183585049258334,0.01779720061430247,0.02116016865786928,0.0283473349681808
2020-01-24,0.007851546226123876,0.011458216483621358,0.01723751206457304,0.02049777793660382,0.027465454326792066
2020-01-27,0.007576233898231007,0.011037862703573778,0.016614508860558652,0.01976045439861598,0.02648381111574361
2020-01-28,0.007320940362686381,0.010648074118699172,0.01603680610447156,0.01907674388592715,0.025573546152637933
2020-01-29,0.007202438236604212,0.010467142094973386,0.015768648100808042,0.01875937921311822,0.025151019459214184
2020-01-30,0.006949778185654611,0.010081374380550491,0.015196904646845123,0.01808272152728136,0.024250144349058037
2020-01-31,0.006870117214344036,0.009959746007898423,0.01501664014237768,0.017869378704401605,0.023966108206285013
2020-02-03,0.006748944746476729,0.009774736839236943,0.014742439432596757,0.017544862496215657,0.023534060243310343
2020-02-04,0.007096042094584484,0.0103046937919033,0.015527884681747293,0.01847443599803354,0.024771657404144658
2020-02-05,0.006827714007132106,0.009895003725654484,0.01492068608846478,0.01775581719772001,0.023814916936337707
2020-02-06,0.007002786480437377,0.01016230877697346,0.01531685691248378,0.018224684888497572,0.02443914871766374
2020-02-07,0.006962642740577736,0.010101016306257028,0.015226015798520266,0.018117174540058355,0.024296013718948222
2020-02-10,0.008593654420313433,0.012591285921591644,0.018916825832481513,0.022485243748605274,0.030111487202490538
2020-02-11,0.009235636386853069,0.013571480119296892,0.02036956434635324,0.024204558021657323,0.03240051379237284
2020-02-12,0.0088827208843361,0.01303263986228477,0.01957095321804962,0.023259402717795218,0.031142171640493807
2020-02-13,0.008577752642205715,0.012567006687210037,0.018880841760186395,0.0224426566425922,0.03005478842462428
2020-02-14,0.008200304364932165,0.01199070917326027,0.01802671551058875,0.021431799259863434,0.028708973140058835
2020-02-17,0.008222174884502127,0.012024101632084033,0.01807620622489795,0.02149037146035433,0.02878695383646379
2020-02-18,0.007986065477944095,0.011663603857389106,0.017541915160239088,0.020858038631933657,0.027945091077224902
2020-02-19,0.009604342678069346,0.014134430149273014,0.02120390838944813,0.025192003186930656,0.033715158982486344
2020-02-20,0.009156254061804595,0.013450277190759394,0.020189930389436662,0.023991961451040926,0.03211747118016043
2020-02-21,0.009020719571213281,0.013243339724925859,0.01988322991387458,0.023628981809384438,0.031634214532809554
2020-02-24,0.008734545873090744,0.01280640253189608,0.019235648557095076,0.02286257005734375,0.03061384443135905
2020-02-25,0.008392454291701386,0.012284088509636144,0.018461530838128088,0.02194640267378944,0.02939409564278186
2020-02-26,0.008395775127882574,0.01228915884576081,0.01846904554550324,0.021955296320873577,0.029405936290518984
2020-02-27,0.008218022723824096,0.012017762008828755,0.01806681031652801,0.02147925141416951,0.028772149049580593
2020-02-28,0.00786827294818684,0.011483755263162348,0.01727536289936,0.020542574353766815,0.027525094493586897
2020-03-02,0.007646605905787404,0.011145308452960561,0.016773753404804487,0.019948920124011976,0.026734726881101088
2020-03-03,0.007788391654582785,0.01136179049689652,0.017094599828425136,0.020328641478076243,0.027240272777987212
2020-03-04,0.007469829960295178,0.0108754024975031,0.016373727800149455,0.019475490305016756,0.026104421263850847
2020-03-05,0.0072093549935266735,0.010477702773241154,0.01578430000334747,0.018777903220831584,0.02517568158577921
2020-03-06,0.007041896113448051,0.010222022347368707,0.015405357950050678,0.01832942575935337,0.024578596544157234
2020-03-09,0.007070278914144831,0.01026535792065212,0.015469585280182718,0.01840543872683624,0.02467979718354661
2020-03-10,0.007124145479524272,0.010347602746188008,0.015591479723041451,0.018549700652441974,0.024871861769291573
2020-03-11,0.006862220469311386,0.009947689059159687,0.014998770628526704,0.0178482301563848,0.02393795187122363
2020-03-12,0.006616182524359161,0.009572032142568392,0.014442012312662265,0.01718930736335236,0.023060688291451612
2020-03-13,0.006569406588430242,0.009500613468245041,0.014336163227815515,0.017064035099535597,0.022893905785573675
2020-03-16,0.006377783356156771,0.009208038302259622,0.01390253975521744,0.01655084224449018,0.022210661244800294
2020-03-17,0.0065798077597302865,0.009516494237937989,0.014359699998199266,0.017091890838800385,0.02293099180809866
2020-03-18,0.006363527483627347,0.009186272077871909,0.013870280196301838,0.016512663095554325,0.022159831045538286
2020-03-19,0.0061722841055699175,0.0088942768828482,0.013437516294342908,0.01600048754132008,0.021477940898573633
2020-03-20,0.007604365140449789,0.011080814191052033,0.01667816693998191,0.01983579365857392,0.02658411480774963
2020-03-23,0.00738623232867093,0.01074776353296697,0.016184555042254693,0.01925160457498661,0.025806348714133398
2020-03-24,0.007096195920213272,0.010304928656738536,0.015528232773168872,0.018474847963809715,0.02477220587898173
2020-03-25,0.006834222152235279,0.009904940525129302,0.014935413344895683,0.017773246887882947,0.02383812213207284
2020-03-26,0.00678379633084216,0.009827949113967904,0.014821304948321463,0.017638199738632208,0.02365832573279442
2020-03-27,0.008665856941295666,0.01270152654487262,0.019080212638492435,0.022678611835787253,0.030368929777202895
2020-03-30,0.008340046374968347,0.0122040707855053,0.018342937165660548,0.021806047205947067,0.029207231959415672
2020-03-31,0.00798626531325832,0.011663908970968164,0.017542367366800232,0.02085857381785151,0.027945803602454116
2020-04-01,0.009196467372030505,0.013511675883259154,0.020280928933913447,0.024099658118302076,0.03226085423633949
2020-04-02,0.008847713385045709,0.01297918953272868,0.01949173488304309,0.023165647914185617,0.031017350226657345
2020-04-03,0.00845385569323233,0.012377837712337289,0.018600475832627708,0.02211084390662746,0.029613026154986045
2020-04-06,0.008166556554321835,0.011939182168033309,0.017950347720233618,0.02134141807239901,0.02858864322447921
2020-04-07,0.00802505671200491,0.011723136653292682,0.0176301482732794,0.02096246241443649,0.028084116744906212
2020-04-08,0.008012605569947259,0.011704125936737045,0.01760197263198166,0.020929116577058985,0.0280397214242744
2020-04-09,0.007676867001592328,0.011191511854411335,0.01684223112168606,0.020029963419069065,0.026842624698402425
2020-04-10,0.007451204841319367,0.01084696519785423,0.016331581090316707,0.019425609724935965,0.0260380122449104
2020-04-13,0.007241052798805311,0.010526099778816845,0.01585602884455105,0.018862794217589234,0.025288702079975967
2020-04-14,0.008535813968111112,0.012502973665802039,0.018785938896471482,0.02233033921823776,0.02990525347636958
2020-04-15,0.008431391438659558,0.012343538723992346,0.01854964155767262,0.02205068160373813,0.029532928459538105
2020-04-16,0.008078901640817608,0.011805348443574799,0.017751993754834775,0.021106666394398947,0.028276104184128112
2020-04-17,0.007793994029849156,0.011370344344225073,0.017107277421788837,0.020343645394479665,0.02726024839509114
2020-04-20,0.008564644232258122,0.012546992437524756,0.018851178789917728,0.02240755055317758,0.03000804957449294
2020-04-21,0.009727879461031786,0.014323049213630298,0.021483459298730984,0.02552285134975229,0.03415563705783441
2020-04-22,0.01006521205215751,0.014838097089975744,0.022246807917001288,0.02642627351566492,0.03535841737093687
2020-04-23,0.009686472246515207,0.014259827638060104,0.021389759072843614,0.025411957245811308,0.03400799706172627
2020-04-24,0.009264107058610808,0.01361494985632413,0.02043399051956992,0.024280806319690224,0.03250202774148974
2020-04-27,0.009364792161657217,0.013768678401587485,0.020661830450583982,0.02455045460231176,0.03286102673225663
2020-04-28,0.009610575137737517,0.014143946025298476,0.021218011798372384,0.025208694554324458,0.03373738120467385
2020-04-29,0.00953467440709976,0.014028058882589886,0.02104625632800799,0.025005422163007968,0.03346675243365432
2020-04-30,0.009169955997056136,0.01347119764979236,0.020220936445824476,0.024028657081252142,0.03216632628164043
2020-05-01,0.008790113457228037,0.012891244515613253,0.019361392228734595,0.023011387540553183,0.030811974105174326
2020-05-04,0.008426330198207722,0.012335811094895816,0.01853818849619181,0.02203712691933618,0.029514882292237664
2020-05-05,0.008402324438917223,0.012299158498414193,0.018483865956161572,0.02197283625895194,0.02942928826594055
2020-05-06,0.00819301622839607,0.011979581463266685,0.01801022321455525,0.021412280647466888,0.028682986836406514
2020-05-07,0.007843697104127125,0.011446232246930466,0.017219750316706167,0.02047675692949878,0.027437467794624137
2020-05-08,0.007754233175970452,0.011309636473445177,0.01701730273903355,0.020237160466326825,0.02711847860013046
2020-05-11,0.007455607612731031,0.01085368745987476,0.016341544104748362,0.019437400940458517,0.026053710599935536
2020-05-12,0.007160325960479616,0.010402844013623867,0.015673352393729603,0.018646596859118476,0.02500086552213515
2020-05-13,0.0069072059168899655,0.010016373970879826,0.015100568024197202,0.017968707250964857,0.024098350279640243
2020-05-14,0.006740646658209201,0.009762067109562574,0.014723661720688862,0.017522639096897594,0.02350447289400839
2020-05-15,0.006546485456931698,0.009465616908729806,0.014284295087828754,0.01700264921863248,0.022812179067059818
2020-05-18,0.006525805503018067,0.009434042235465678,0.01423749849994739,0.016947265513508468,0.02273844340647578
2020-05-19,0.006373332610504838,0.00920124279196359,0.013892468180062671,0.016538922547483206,0.022194791834640702
2020-05-20,0.006164012551210801,0.008881647665811915,0.013418798625913931,0.01597833520338665,0.02144844815757075
2020-05-21,0.006727645276227143,0.009742216272864382,0.014694240943590245,0.01748781964280663,0.02345811565873812
2020-05-22,0.006536664382119013,0.009450621844929945,0.014262071015546933,0.016976347055982683,0.022777161414603578
2020-05-25,0.006899243786826948,0.010004217190633786,0.015082550550813412,0.017947383593020023,0.024069960810190524
2020-05-26,0.007321953443896314,0.010649620916546369,0.01603909860203077,0.019079457054014082,0.025577158356637597
2020-05-27,0.0071351568129397035,0.010364415126730378,0.015616397226920733,0.018579190488127752,0.024911123362750098
2020-05-28,0.006875026197662122,0.009967241166977354,0.015027748661778275,0.017882525623668596,0.023983611491314897
2020-05-29,0.007139102380140254,0.010370439317873133,0.01562532563570798,0.018589757249122235,0.02492519152775309
2020-06-01,0.00702211560074768,0.010191820963549397,0.01536059670421873,0.018276450879081658,0.024508067897103938
2020-06-02,0.006942621849260859,0.010070447906326,0.015180710600844947,0.01806355589343831,0.02422462798700236
2020-06-03,0.01080363581392318,0.01596554104394186,0.023917784197000573,0.028403871920815945,0.03799131317390359
2020-06-04,0.010975120971823552,0.01622736889196154,0.024305837298837764,0.02886313229721546,0.03860275415926324
2020-06-05,0.010434453621937918,0.015401864396713615,0.023082363239892642,0.027415152229111468,0.03667497113002918
2020-06-08,0.01069422641367567,0.015798492022494934,0.02367020208752811,0.028110858793881022,0.03760120715940052
2020-06-09,0.010185357355770202,0.015021537958443541,0.022518684260755553,0.026748038839471286,0.035786802915941045
2020-06-10,0.01011283289307518,0.014910805786465996,0.022354568934085536,0.026553808548970933,0.03552821243804858
2020-06-11,0.009639827480747348,0.014188609237634597,0.021284206812447977,0.025287036273373215,0.033841682251207574
2020-06-12,0.009416732276253963,0.01384798187366209,0.020779365535403136,0.024689557232953376,0.03304622243803997
2020-06-15,0.009238344403506338,0.01357561478716791,0.020375692306784304,0.024211810455411382,0.032410169394006934
2020-06-16,0.008835316403548139,0.012960261509877079,0.019463681801467684,0.02313244712609118,0.030973148018867656
2020-06-17,0.008509827979257213,0.012463297605065444,0.018727135302606404,0.022260745236062994,0.029812598818526808
2020-06-18,0.00826334066240637,0.012086954576167895,0.01816936010480727,0.021600618964491485,0.0289337329753295
2020-06-19,0.007909354726502792,0.011546479954564134,0.017368326696925233,0.020652596895679783,0.027671574126701418
2020-06-22,0.010432712610124165,0.015399206176129672,0.02307842351098004,0.027410489564711295,0.03666876344423318
2020-06-23,0.010302548525112457,0.015200468380478192,0.022783875705472943,0.027061892593357624,0.03620465531165512
2020-06-24,0.009854964705349595,0.014517086157947768,0.021771040007516954,0.025863202770568135,0.03460876739262115
2020-06-25,0.009388149669518652,0.013804341231498485,0.020714686064957806,0.024613009157956913,0.032944309377805694
2020-06-26,0.009166371473107868,0.013465724708559185,0.020212825040419102,0.024019057242771365,0.0321535454387861
2020-06-29,0.008925437338163261,0.013097860417331846,0.01966761611651892,0.02337380314115146,0.03129447981071064
2020-06-30,0.008528213220646737,0.012491368653588127,0.01876873919437513,0.02230998339162194,0.02987815253902906
2020-07-01,0.008183763054326281,0.011965453484590816,0.01798928424267229,0.021387499399583905,0.028649994069334377
2020-07-02,0.008011431859913378,0.011702333886765299,0.017599316648076804,0.020925973223321882,0.028035536488222622
2020-07-03,0.00823564821221718,0.012044673047386028,0.01810669496617393,0.02152645484875675,0.028834993823568397
2020-07-06,0.008280033970156595,0.012112442337896587,0.018207135326474912,0.021645325893619283,0.02899325400131613
2020-07-07,0.008056037556114394,0.0117704389845401,0.017700254705820952,0.021045433292506077,0.028194580869507487
2020-07-08,0.008610735239816076,0.012617365346001004,0.018955477952997814,0.022530988486459225,0.030172389925707636
2020-07-09,0.010403539537191201,0.015354663995338743,0.02301240787685539,0.027332360141617388,0.03656474504008381
2020-07-10,0.00990919478694442,0.014599886009175441,0.02189375704981622,0.026008438241616222,0.034802128118018374
2020-07-13,0.009448736688124886,0.013896847013887038,0.02085178819548082,0.024775269363508864,0.033160336157091866
2020-07-14,0.009340572616924961,0.013731699392121561,0.020607024136302853,0.024485591395687057,0.03277467044068383
2020-07-15,0.008995807497107941,0.013205303344211806,0.019826856477548435,0.023562263915716006,0.031545388984728175
2020-07-16,0.00859822002245902,0.012598256797668204,0.018927157315952396,0.022497471046789824,0.030127766140614614
2020-07-17,0.008837985866300935,0.012964337312684104,0.019469722518426196,0.023139596307301055,0.03098266615417415
2020-07-20,0.009214801686194018,0.013539669174813508,0.020322417582659024,0.02414875988388259,0.032326226372653144
2020-07-21,0.008827795953844909,0.01294877909830254,0.01944666380486506,0.023112306347707282,0.03094633338818363
2020-07-22,0.008437824031850161,0.012353360168908648,0.018564197847972218,0.022067908955691575,0.029555864270234707
2020-07-23,0.0083373801529585,0.012199999930746046,0.01833690378216675,0.021798906703883802,0.029197725379179525
2020-07-24,0.008399387300226324,0.012294674001258932,0.018477219516356023,0.021964970205485646,0.029418815715445277
2020-07-27,0.008259428881849218,0.012080981971321243,0.01816050815168494,0.021590142688683908,0.028919785278702804
2020-07-28,0.008438700623840206,0.012354698571585325,0.018566181484602623,0.02207025658724305,0.029558989813440392
2020-07-29,0.008099207210062052,0.011836351496918786,0.017797943149093453,0.02116104744689579,0.02834850495291257
2020-07-30,0.007889239233530312,0.01151576711444826,0.01732280742552864,0.02059872489306968,0.02759985108667463
2020-07-31,0.008561352813739665,0.012541967017026732,0.01884373065165801,0.022398735690560997,0.02999631381726009
2020-08-03,0.008684443119399423,0.012729904388619567,0.019122271229176136,0.022728388126961784,0.03043519995004452
2020-08-04,0.008341345369200127,0.012206054122538439,0.018345876654693203,0.02180952608765982,0.02921186360405933
2020-08-05,0.008117240810396793,0.01186388565104328,0.017838751313676734,0.021209343860293755,0.02841280487538552
2020-08-06,0.007872444561760587,0.011490124587587604,0.017284802827612557,0.02055374649742945,0.027539968640978435
2020-08-07,0.007797685844875779,0.0113759811001726,0.017115631615761254,0.020353532572935713,0.027273411790951645
2020-08-10,0.007512751016482968,0.010940935444575462,0.016470853692510803,0.01959043868108392,0.026257458956497025
2020-08-11,0.007244705062398456,0.010531676146641921,0.015864293537737325,0.0188725754719732,0.02530172445274296
2020-08-12,0.0074560764902486774,0.01085440335385027,0.01634260512587306,0.019438656657675538,0.02605538241185741
2020-08-13,0.007757202803234562,0.011314170574970358,0.017024022697106,0.020245113528573024,0.027129066990652123
2020-08-14,0.00800380553043671,0.011690689815292216,0.01758205905654359,0.02090554888462759,0.028008344336627786
2020-08-17,0.007990042727734195,0.01166967642230568,0.017550915263435926,0.020868690243175125,0.02795927220846947
2020-08-18,0.0076830174380688445,0.011200902495366767,0.016856148920646546,0.020046435117295376,0.026864554461803743
2020-08-19,0.007410860037503773,0.010785365737637678,0.01624028498950342,0.019317560900110674,0.02589416034016725
2020-08-20,0.0071272756312674495,0.01035238194052136,0.01559856293133792,0.01855808362088869,0.0248830225198172
2020-08-21,0.0070688161877806655,0.010263124593285135,0.015466275282339736,0.018401521348394855,0.02467458174181178
2020-08-24,0.006851173884882751,0.009930822856484597,0.014973773355265722,0.017818645913732317,0.02389856458808728
2020-08-25,0.006602833987233214,0.009551651260673484,0.01441180595952865,0.017153558180974682,0.023013093252946062
2020-08-26,0.006567171184642983,0.009497200397573277,0.014331104741214545,0.017058048386765164,0.02288593531447814
2020-08-27,0.006582931884061941,0.009521264229467977,0.014366769567089467,0.01710025766502629,0.022942131067514
2020-08-28,0.006594943773284469,0.00953960428375776,0.01439395122484223,0.017132427124081244,0.022984960204870137
2020-08-31,0.006485541106297834,0.009372565542822727,0.014146384352039808,0.01683943202972688,0.022594878198227066
2020-09-01,0.006324299295866291,0.00912637749510483,0.01378151088164795,0.016407604719090748,0.022019960504716156
2020-09-02,0.006302164787281012,0.00909258197121918,0.013731422787615057,0.01634832552041981,0.02194103853907469
2020-09-03,0.006828080753480751,0.009895563683194896,0.014921515997361395,0.017756799393894795,0.02381622459323081
2020-09-04,0.007364943282275222,0.010715258881996429,0.016136380141346884,0.019194589638063846,0.025730441296459846
2020-09-07,0.007217472946374022,0.0104900974676297,0.015802670087508405,0.01879964419320444,0.02520462665104818
2020-09-08,0.007163406585603986,0.010407547589471159,0.015680323528431555,0.018654847188601716,0.025011849682424186
2020-09-09,0.0069075912252414785,0.010016962269352628,0.015101439936978454,0.01796973915868627,0.024099724120507877
2020-09-10,0.006909028180728236,0.01001915624909644,0.01510469161800243,0.01797358751924294,0.02410484767457809
2020-09-11,0.006659190510190256,0.009637697816004449,0.014539334917777879,0.017304488548726134,0.023214035937142188
2020-09-14,0.006444133546294934,0.009309343439755337,0.014052683344352775,0.01672853700052694,0.022447236970265978
2020-09-15,0.006227644271015702,0.008978802174495332,0.013562790599026101,0.01614874952930473,0.021675331008156815
2020-09-16,0.007265411686281593,0.010563291540285635,0.01591115047698973,0.0189280306028718,0.025375555206760353
2020-09-17,0.007026157164087769,0.010197991724010112,0.015369742342299573,0.018287274730682215,0.024522478342306975
2020-09-18,0.009317039335546687,0.01369576818678836,0.020553770764716303,0.02442256609486201,0.032690761063739165
2020-09-21,0.009654906215436429,0.014211631828643875,0.021318328422968214,0.025327419158129683,0.033895446416626625
2020-09-22,0.015097059872877214,0.02252084877876596,0.0336333569263179,0.039902240488103397,0.053299783418884236
2020-09-23,0.014303912770033025,0.02130985185259825,0.031838547409037805,0.037778085596494454,0.05047176814318355
2020-09-24,0.013552345515365929,0.0201623400834114,0.030137828769689047,0.03576528714504776,0.04779200839963379
2020-09-25,0.012843426032145508,0.019079944003287306,0.028533617607715913,0.03386670517628104,0.045264311935005797
2020-09-28,0.012180582841581133,0.01806789836455748,0.027033672310528143,0.03209152173230446,0.04290090335469547
2020-09-29,0.011569079179783254,0.01713423920836561,0.025649903034802666,0.0304538324691314,0.0407205490540746
2020-09-30,0.010995832613552504,0.01625899194697833,0.024352705592954098,0.028918600866581778,0.03867660280472166
2020-10-01,0.010879727480205817,0.016081719711990725,0.024089971734898706,0.028607655663535726,0.03826262273782832
2020-10-02,0.011528058481244805,0.01707160777510288,0.025557077454430158,0.03034397350709876,0.040574287204701825
2020-10-05,0.01143008740465378,0.01692202307362742,0.025335379083405163,0.03008159375329172,0.04022496524389188
2020-10-06,0.010975678221657764,0.01622821971501053,0.02430709829733648,0.02886462468741262,0.038604741068170655
2020-10-07,0.010545959505771052,0.01557211438197778,0.023334689473978067,0.02771378002178445,0.03707255228701736
2020-10-08,0.010038602679918433,0.014797469231822798,0.022186593671280307,0.026355010028725874,0.03526354000090164
2020-10-09,0.009593096755425511,0.014117259592002152,0.02117846003450947,0.025161885089658543,0.03367506094655825
2020-10-12,0.009145286243901882,0.013433531250795265,0.020165111356643128,0.023962588155765963,0.03207836474396625
2020-10-13,0.008779010541590077,0.012874292305032321,0.019336267483797485,0.022981652435326266,0.030772385969611113
2020-10-14,0.008433288978622536,0.012346435935687638,0.018553935493529863,0.022055763471628628,0.029539694256175714
2020-10-15,0.008488977659325872,0.012431462812684656,0.018679953194121218,0.02220490526777092,0.02973825570732129
2020-10-16,0.008721677853410647,0.01278675531611154,0.019206529565034755,0.022828107765480388,0.03056796270766261
2020-10-19,0.008376673246497893,0.012259993613286384,0.01842581997185588,0.021904138906773844,0.029337827345587097
2020-10-20,0.0091115447477465,0.013382013886636783,0.02008875785524372,0.023872223879263348,0.031958057342968076
2020-10-21,0.008851693056508248,0.01298526579511558,0.019500740466233145,0.023176306010992423,0.03103153999252546
2020-10-22,0.009371042431148495,0.013778221470098377,0.02067597416128819,0.024567193666813363,0.032883312456474995
2020-10-23,0.008940438272102202,0.013120764220200896,0.019701561672021993,0.023413977665008183,0.031347966572721084
2020-10-26,0.008948657522899344,0.013133313578844518,0.019720160982922483,0.02343598992694989,0.03137727282212397
2020-10-27,0.00857709650007426,0.012566004872916734,0.01887935697869,0.02244089940548811,0.030052448909086583
2020-10-28,0.008349513804909326,0.012218525895428947,0.018364360976327345,0.021831402259943962,0.029240988669108875
2020-10-29,0.008112846642464836,0.011857176525031748,0.017828807768026096,0.02119757568604998,0.028397137196601845
2020-10-30,0.007818384827560674,0.011407584827042832,0.017162471263775656,0.02040896723967506,0.02734721529980194
2020-11-02,0.009073754394374333,0.013324314625543378,0.020003242210478053,0.02377101621717486,0.03182331348999631
2020-11-03,0.008692028497916792,0.012741485935139012,0.019139436152941634,0.022748702793465133,0.030462246088449576
2020-11-04,0.008405260608521582,0.012303641515943771,0.018490510203024925,0.021980699717073802,0.029439757361097548
2020-11-05,0.00906764776401032,0.013314990868861242,0.019989423540200446,0.02375466183762477,0.031801539920010925
2020-11-06,0.00944587515969775,0.013892477960382364,0.020845312853849267,0.02476760580452443,0.03315013319968992
2020-11-09,0.009042665207087542,0.013276846873210488,0.019932890608578804,0.02368775518146714,0.03171246306106468
2020-11-10,0.00866611533907407,0.012701921073093494,0.019080797365827705,0.0226793038598809,0.030369851110536788
2020-11-11,0.008379403223547847,0.012264161810842864,0.01843199762638383,0.021911450153431426,0.029347561248380033
2020-11-12,0.008015937135921362,0.011709212655379143,0.01760951161976378,0.020938038959975386,0.028051600329754837
2020-11-13,0.00784253158331624,0.011444452700470165,0.01721711286416242,0.020473635507605115,0.027433312057755767
2020-11-16,0.0075542588698724435,0.011004310678105565,0.01656478165371516,0.01970160230949695,0.026405457786759463
2020-11-17,0.007437018723198235,0.010825305476249828,0.016299479378382355,0.019387617387711397,0.025987430759325202
2020-11-18,0.0071742838624511964,0.010424155289076704,0.015704937676220103,0.018683978002721233,0.025050633288859397
2020-11-19,0.007353714182959224,0.010698114011005233,0.01611096985585184,0.01916451659593218,0.02569040324515243
2020-11-20,0.007073496869031163,0.010270271175030685,0.015476867177872888,0.018414056843939947,0.024691271001634613
2020-11-23,0.006915734392218061,0.010029395461307246,0.015119867078095102,0.01799154765789716,0.024128759088321256
2020-11-24,0.006783508676573223,0.009827509916202154,0.014820654016586707,0.017637429361711882,0.023657300083625737
2020-11-25,0.006541239804863507,0.009457607715343683,0.014272424722013174,0.016988600655055346,0.022793475368683244
2020-11-26,0.009944291310463324,0.014653472263160553,0.021973176837405795,0.02610243146411406,0.03492726695327293
2020-11-27,0.011320472275998118,0.016754659940877555,0.025087331431912056,0.029788029657938773,0.03983412569196704
2020-11-30,0.010843793852219006,0.016026855345869943,0.024008657666840138,0.028511420562395307,0.03813449915458173
2020-12-01,0.010312377274060442,0.015215475161340659,0.02280611714352591,0.027088215308376556,0.03623970032671759
2020-12-02,0.009831172273274607,0.014480759274819097,0.021717200204819195,0.025799483429232675,0.03452393399776557
2020-12-03,0.009399564717600544,0.013821770013737817,0.02074051713319738,0.024643580195957495,0.03298501044099143
2020-12-04,0.009056646413354146,0.013298193730246544,0.019964528626268553,0.02372519873711439,0.031762313920700794
2020-12-07,0.008645699920843724,0.012670750299557637,0.01903459939472287,0.022624628616987465,0.030297058668367866
2020-12-08,0.008305866111504898,0.012151883500395883,0.018265590779413466,0.021714507851428828,0.029085360106318712
2020-12-09,0.008258416822368378,0.012079436733475703,0.01815821796619255,0.021587432256925262,0.0289161767177417
2020-12-10,0.007903569887788538,0.01153764751745856,0.01735523620772967,0.020637104317559045,0.02765094792483708
2020-12-11,0.007856651245955002,0.011466010956174246,0.017249064194242245,0.02051144986808685,0.027483656592189504
2020-12-14,0.0079411894992436,0.011595086085502672,0.01744036548127023,0.020737854709770208,0.02778508298689472
2020-12-15,0.008437484506712795,0.01235284177339761,0.018563429537849525,0.02206699966159118,0.029554653672261757
2020-12-16,0.008296268318539244,0.012137229348930509,0.01824387197076137,0.021688803667673336,0.029051138579161206
2020-12-17,0.008613568855437372,0.01262169178153235,0.018961890130848782,0.02253857729118578,0.03018249335826605
2020-12-18,0.008273273965569901,0.012102120993033812,0.018191838138190992,0.021627221689798033,0.028969150784943755
2020-12-21,0.008206955442998607,0.012000864206374907,0.01804176620947048,0.02144961174377549,0.028732687972155335
2020-12-22,0.007992565233567561,0.011673527847595507,0.017556623432148748,0.02087544585393868,0.027968266359748875
2020-12-23,0.007661646857967014,0.01116827335668501,0.016807789517429894,0.019989201822113382,0.026788356330635085
2020-12-24,0.008002680507932102,0.011688972102663547,0.017579513247460783,0.020902535922659043,0.028004332998986727
2020-12-25,0.009483227841669255,0.013949508973783796,0.0209298380936919,0.024867641323585103,0.03328331650808884
2020-12-28,0.009209468209589686,0.01353152588871882,0.020310348479039633,0.024134476114355163,0.032307209530436164
2020-12-29,0.008806590664579691,0.012916402329823412,0.019398678437644517,0.02305551572367402,0.030870724611762913
2020-12-30,0.008794522265908034,0.012897975995486775,0.019371368904877458,0.02302319492469441,0.030827693986454817
2020-12-31,0.008430549406174425,0.01234225308763615,0.018547736125612467,0.02204842652720091,0.02952992614039446
2021-01-01,0.008100816917818155,0.011838809239168212,0.017801585750560865,0.02116535846132417,0.028354244465932727
2021-01-04,0.007757115033625875,0.011314036566126413,0.017023824083597316,0.02024487846972586,0.02712875404265897
2021-01-05,0.007443373984901071,0.010835008849507482,0.016313860675556808,0.019404637635513002,0.026010090839797346
2021-01-06,0.007270769289781506,0.010571471663930736,0.015923274177267997,0.018942378987478935,0.025394658074922603
2021-01-07,0.0081417220206176,0.011901264177952037,0.01789414974978181,0.021274907842380508,0.028500094151515783
2021-01-08,0.007810575820364569,0.01139566183863754,0.01714480029153631,0.020388053665415337,0.02731937179944816
2021-01-11,0.007488140601990741,0.010903359645338565,0.016415162880558692,0.01952452867253604,0.026169708994509183
2021-01-12,0.0075991718478966505,0.011072884941489135,0.01666641505831082,0.0198218853208384,0.02656559780047722
2021-01-13,0.007361815298243827,0.010710482997379898,0.01612930183835704,0.01918621247504158,0.025719288275045264
2021-01-14,0.007147592002377531,0.010383401486425223,0.015644536769096655,0.018612493602238267,0.02495546180332474
2021-01-15,0.0068906124613227725,0.009991038665973194,0.015063018757649087,0.017924267739447566,0.024039185282816317
2021-01-18,0.006677488717735813,0.00966563597906725,0.014580741860997067,0.017353493615915046,0.02327927933306611
2021-01-19,0.006442208999000738,0.009306404992588124,0.014048328293709972,0.0167233828033617,0.022440374877310865
2021-01-20,0.006307069156510805,0.009100070085392167,0.013742520865813065,0.016361460082536174,0.02195852537228608
2021-01-21,0.006179404342431111,0.0089051482393993,0.01345362865085021,0.016019556495747177,0.021503328545503003
2021-01-22,0.005988143547564673,0.008613126451953966,0.01302082533646141,0.015507334296949876,0.020821376297823675
2021-01-25,0.005840184145129384,0.008387218318514127,0.012686008575850862,0.01511107906596507,0.02029381785529761
2021-01-26,0.005718872532869982,0.008201996700698492,0.0124114929967622,0.01478619021033447,0.01986127376434748
2021-01-27,0.005695142586037735,0.008165765221608515,0.012357794591679034,0.014722638212904756,0.019776663164507286
2021-01-28,0.005558499991136711,0.007957135874271382,0.012048586591152065,0.014356690918486952,0.019289455502390425
2021-01-29,0.005581341332506184,0.007992010608212651,0.01210027417436376,0.014417863110665289,0.019370897724241488
2021-02-01,0.0055123205405793445,0.00788662792880131,0.01194408729075002,0.014233016122926975,0.01912479980216611
2021-02-02,0.005531688746740169,0.007916199792635942,0.011987915529705236,0.014284886790689205,0.01919385834463486
2021-02-03,0.005435354237848786,0.007769113843846618,0.011769920541410201,0.014026889985861216,0.01885037166764264
2021-02-04,0.005542239995460819,0.007932309704305692,0.012011791909704736,0.014313144457523241,0.019231479477527756
2021-02-05,0.005784089127052076,0.008301571035404416,0.012559071375984509,0.014960849043543601,0.020093807582998224
2021-02-08,0.0058454885518589555,0.008395317219993585,0.012698011897362874,0.015125284982448025,0.020312731047069935
2021-02-09,0.005741647405012721,0.0082367699477542,0.012463030167017306,0.014847184388960714,0.019942478986040697
2021-02-10,0.0056824793751757575,0.008146430713073746,0.012329139060702623,0.014688724426673315,0.019731511699377206
2021-02-11,0.005531613881534687,0.00791608548655906,0.011987746117520747,0.014284686291573888,0.019193591408093125
2021-02-12,0.005438415404892913,0.007773787710608067,0.011776847644497487,0.014035088203981787,0.018861286448937586
2021-02-15,0.00573807077796784,0.008231309063711546,0.012454936631484118,0.014837605699452042,0.019929726300086055
2021-02-16,0.005582180281892464,0.007993291537216052,0.012102172629691422,0.014420109930248049,0.019373889050404606
2021-02-17,0.005457546994882956,0.0078029983029276545,0.011820140445633238,0.01408632518173267,0.018929501321747772
2021-02-18,0.005325342440764939,0.007601145067773441,0.011520975270462194,0.013732263558969698,0.018458117769790956
2021-02-19,0.0059022882437397475,0.008482040416772918,0.012826543700858912,0.015277402216335428,0.02051525387759905
2021-02-22,0.0057330135295466135,0.008223587529747656,0.012443492603553968,0.01482406170624636,0.019911694366618788
2021-02-23,0.0055778103978914445,0.00798661948852046,0.01209228403605436,0.014408406791645834,0.019358307957485516
2021-02-24,0.007346655011953361,0.010687335891336462,0.016094995685032837,0.019145611184099954,0.025665233332324434
2021-02-25,0.0070995850294232376,0.010310103233839046,0.015535901975317293,0.018483924455271045,0.02478428995844496
2021-02-26,0.006859421301619235,0.009943415219592137,0.014992436402761624,0.017840733607857553,0.02392797126489693
2021-03-01,0.006720916878449683,0.009731943186072133,0.01467901527823293,0.017469800086282457,0.023434125138407893
2021-03-02,0.00798829708868748,0.011667011136746178,0.01754696506357572,0.020864015186421128,0.027953048023986835
2021-03-03,0.007656433291670254,0.01116031315266093,0.016795991758382624,0.019975239188558674,0.026769767036070126
2021-03-04,0.007373084214576598,0.010727688661992793,0.016154802225625636,0.019216392152513202,0.02575946829639993
2021-03-05,0.007175196414775904,0.010425548596895928,0.015707002687353002,0.018686421940897927,0.02505388705087264
2021-03-08,0.006998360474675614,0.010155551040163385,0.015306841321130974,0.018212831448252472,0.02442336751911971
2021-03-09,0.006760698379507735,0.009792682581484264,0.01476903668341066,0.01757634031036572,0.023575968552169407
2021-03-10,0.006528635930115061,0.009438363802678002,0.01424390346249902,0.01695484577893699,0.022748535470152684
2021-03-11,0.006307631323889727,0.009100928416671983,0.013743792992204719,0.01636296564258116,0.0219605298150047
2021-03-12,0.006116880078528959,0.00880968462221544,0.013312142735425313,0.015852108086069138,0.021280394397747614
2021-03-15,0.005963411859572276,0.008575365489289749,0.012964860095173912,0.01544109950161568,0.02073319392763591
2021-03-16,0.005951145428788657,0.008556636794548579,0.012937102436305147,0.015408248345937025,0.020689457206528306
2021-03-17,0.005776676499461427,0.008290253249340632,0.012542297369624224,0.014940997027316234,0.0200673773987559
2021-03-18,0.005636118194811634,0.008075645297968358,0.012224228524622387,0.014564562934185881,0.019566208030235503
2021-03-19,0.0054987767642208155,0.007865948950740283,0.011913439131510668,0.014196744063557833,0.019076508626046013
2021-03-22,0.0053657457266667275,0.007662833819908684,0.011612403710162571,0.013840469006707705,0.018602178196046096
2021-03-23,0.005331538796448866,0.007610605819328567,0.01153499697981987,0.013748858235025332,0.018480211260979394
2021-03-24,0.005218177613772201,0.007437523117171681,0.011278472397143337,0.013445261701875644,0.018076014920689557
2021-03-25,0.0054730361915611,0.007826647597615585,0.011855190889004039,0.014127807339043705,0.018984729014892017
2021-03-26,0.005534310373509553,0.007920202558261508,0.01199384799880154,0.014291907860685162,0.01920320591777031
2021-03-29,0.00540364831034472,0.0077207044370530544,0.011698173320454055,0.013941977236688646,0.018737322213146466
2021-03-30,0.0062832629256943245,0.00906372213399826,0.01368864983799645,0.016297703786310333,0.021873642777160356
2021-03-31,0.00608154862748127,0.008755739674976313,0.013232191331237729,0.01575748569597092,0.02115441791379245
2021-04-01,0.005953393016099239,0.00856006846732989,0.012942188492954015,0.015414267687825774,0.020697471118733244
2021-04-02,0.005891275853242423,0.008465226422251351,0.0128016238049131,0.015247909549641801,0.02047598851504936
2021-04-05,0.006018043838208493,0.008658778967018752,0.013088486588736715,0.015587411307133543,0.020927987641905236
2021-04-06,0.005969981290644353,0.008585395861721832,0.01297972603538727,0.015458693323867314,0.020756617642301037
2021-04-07,0.0057977945919832395,0.00832249688364092,0.01259008541967072,0.0149975541267128,0.020142675269770226
2021-04-08,0.005734593230741439,0.008225999457225342,0.012447067303289695,0.014828292359057464,0.01991732688938031
2021-04-09,0.005819549515556275,0.008355712847591977,0.0126393145522447,0.015055816745536639,0.02022024380146583
2021-04-12,0.005991240844467542,0.008617855482691585,0.013027834197666573,0.015515629275704008,0.020832419902374815
2021-04-13,0.005830032695608446,0.008371718830308319,0.012663036899917064,0.015083892115297915,0.020257622231291957
2021-04-14,0.00579304507850624,0.008315245207122384,0.012579337763957924,0.014984834289183603,0.020125740584367058
2021-04-15,0.005711918427818132,0.008191378998368321,0.01239575657928495,0.014767566179294478,0.01983647847070657
2021-04-16,0.00556446684334267,0.007966246214149573,0.012062088957975392,0.01437267095328169,0.019310730684668452
2021-04-19,0.008078246554910427,0.011804348241951257,0.01775051136346421,0.021104911986005885,0.02827376843462369
2021-04-20,0.007873527589910534,0.01149177818218038,0.01728725360783231,0.020556646992853575,0.02754383024513872
2021-04-21,0.007967937318969736,0.011635925328757651,0.017500893019275234,0.02080948897774824,0.027880454000047194
2021-04-22,0.00829665276119056,0.012137816325630497,0.018244741924552988,0.021689833256932894,0.029052509333320996
2021-04-23,0.008290586005919608,0.012128553451242391,0.01823101348746954,0.02167358566825889,0.02903087794045747
2021-04-26,0.008047978322778098,0.011758133944576483,0.0176820174978149,0.021023849578901726,0.028165845172303586
2021-04-27,0.0077191021902205574,0.011255997601659847,0.0169378049669945,0.020143074949327412,0.02699321688765007
2021-04-28,0.009184477695455537,0.013493369743797806,0.0202537975410751,0.024067548147712507,0.03221810429955836
2021-04-29,0.008865450145885577,0.013006270464853663,0.0195318713306793,0.02321314935138964,0.03108059174946784
2021-04-30,0.008466904640404976,0.012397761172763647,0.018630004244812492,0.02214579074671264,0.029659552986898714
2021-05-03,0.00887605623766698,0.013022464112286622,0.019555871814829272,0.023241553895335564,0.031118408428701408
2021-05-04,0.008892527159828576,0.013047612330110675,0.019593143801006872,0.023285665245869915,0.03117713652505432
2021-05-05,0.009619102793093819,0.014156966263772355,0.02123730899675928,0.025231532765261733,0.03376778708969449
2021-05-06,0.00920489153850689,0.013524538112310795,0.02029999194771347,0.0241222191720642,0.03229089112532872
2021-05-07,0.00878252270460907,0.012879654763780453,0.019344215143935337,0.022991058481481096,0.030784908805076117
2021-05-10,0.011554334749139712,0.017111727041173176,0.025616537919616583,0.030414344895687385,0.04066797687050118
2021-05-11,0.011856891861843195,0.01757367884325405,0.026301193242007234,0.031224633641161674,0.041746763054588694
2021-05-12,0.01126177170757511,0.016665034438029913,0.024954498142226493,0.02963082162035176,0.039624825168019726
2021-05-13,0.011049402258088873,0.01634078342631023,0.024473928134783232,0.02906206759813212,0.03886760870075211
2021-05-14,0.010511137116414234,0.015518946682919556,0.023255890023525648,0.027620520967537705,0.03694839089415047
2021-05-17,0.010000394337184356,0.014739131774068735,0.022100132160001115,0.026252682934763325,0.035127305780889115
2021-05-18,0.009534954465607514,0.014028486482956605,0.021046890071324095,0.025006172197455614,0.033467750999664564
2021-05-19,0.009397451917625192,0.013818544137646757,0.02073573608628909,0.024637921832727595,0.032977477121404974
2021-05-20,0.008962175826014097,0.013153953663716876,0.01975075149885683,0.023472193765537313,0.03142547317181066
2021-05-21,0.009334629323605225,0.013722625022542824,0.02059357508079222,0.02446967445476637,0.03275347925907841
2021-05-24,0.009277206531154839,0.013634950460157082,0.020463633265422568,0.024315888473532957,0.03254873472475337
2021-05-25,0.008873631902521347,0.01301876257646958,0.01955038579618676,0.02323506119891137,0.03110976431110874
2021-05-26,0.00906316681595617,0.013308149244778602,0.01997928362014629,0.023742661254512087,0.03178556282130967
2021-05-27,0.01022822134036958,0.015086983767180671,0.022615681006039796,0.026862834370128992,0.03593963711629272
2021-05-28,0.011203009520971313,0.01657531485499555,0.024821525416997486,0.02947344856096783,0.0394153049406203
2021-05-31,0.011148217570365606,0.016491657128043884,0.024697536923482453,0.0293267083289446,0.03921994083635424
2021-06-01,0.010752357184207077,0.01588724754360427,0.023801745983764333,0.028266540835881173,0.03780847603356215
2021-06-02,0.010678023544509765,0.01577375307472012,0.02363353667743971,0.028067465325414157,0.03754343482265864
2021-06-03,0.010156166914410618,0.014976969259102434,0.022452629323685348,0.026669862901388883,0.03568272258358741
2021-06-04,0.009669711616757878,0.014234237087399355,0.021351831508465972,0.025367070019270598,0.0339482359949404
2021-06-07,0.010279186664469498,0.015164798904630985,0.02273101024120661,0.026999326380376606,0.036121357145993085
2021-06-08,0.009786001440318411,0.014411791312046202,0.021614983301293324,0.025678509847613475,0.034362874586266544
2021-06-09,0.009448196994886183,0.013896022996689222,0.02085056692573431,0.02477382399224186,0.03315841184731658
2021-06-10,0.009669773810543639,0.01423433204643421,0.02135197224654369,0.02536723658261525,0.033948457750747806
2021-06-11,0.010572281910697442,0.01561230409122704,0.023394254342474934,0.02778427497156464,0.0371664064572691
2021-06-14,0.010137457456462717,0.014948403188591773,0.022410291763518227,0.02661975645016833,0.03561601284880176
2021-06-15,0.010560017888113246,0.01559357907338526,0.023366502133111346,0.027751430265368766,0.03712267832274616
2021-06-16,0.01006935599558557,0.01484442416692729,0.022256185230587984,0.02643737155494628,0.03537319285870474
2021-06-17,0.009629820950906665,0.014173331016438025,0.021261563074699202,0.025260237437151164,0.03380600334732615
2021-06-18,0.009618356147558066,0.014155826266607278,0.021235619415458665,0.0252295331478372,0.033765124878645525
2021-06-21,0.01051770914451485,0.015528981020560072,0.02327076184054486,0.027638121744981956,0.03697182386868221
2021-06-22,0.010275292022784462,0.015158852467844933,0.02272219707157183,0.026988896004779613,0.036107470559079806
2021-06-23,0.009814744860895275,0.014455677488823884,0.021680026676759924,0.02575548860376221,0.034465361038244706
2021-06-24,0.009370202000074655,0.01377693827881718,0.020674072353055472,0.024564942879071523,0.032880315847262816
2021-06-25,0.009454226117685281,0.013905228412873703,0.020864210204442468,0.024789970796081768,0.0331799090592635
2021-06-28,0.00902114291594854,0.01324398609830511,0.01988418789904178,0.02363011558367046,0.031635723994766746
2021-06-29,0.009507484695548919,0.013986544947793451,0.020984728834698676,0.02493260444913743,0.033369805827744854
2021-06-30,0.00949976490163049,0.01397475817246219,0.020967259742840996,0.024911929800065093,0.0333422804228757
2021-07-01,0.009377614027207793,0.01378825514808735,0.020690845000642773,0.02458479328719271,0.03290674389053658
2021-07-02,0.008944003431212504,0.01312620759471288,0.01970962925681029,0.02342352564184168,0.031360678369042445
2021-07-05,0.008567913517782808,0.012551984064811752,0.01885857684351128,0.02241630614065237,0.03001970641516132
2021-07-06,0.008457822195759327,0.012383893868062504,0.01860945161588436,0.022121466735249142,0.029627168966196257
2021-07-07,0.008101668344471942,0.011840109218777158,0.017803512440649,0.02116763869671178,0.02835728028056839
2021-07-08,0.008049970148351404,0.011761175113910755,0.01768652479221579,0.021029183956370417,0.028172947150143058
2021-07-09,0.008204922336181603,0.011997760007800479,0.018037165499902582,0.021444166809569697,0.028725438803476538
2021-07-12,0.007866979958311895,0.011481781093732098,0.017272436997563246,0.02053911155253131,0.0275204842578506
2021-07-13,0.007788874190637529,0.01136252724506967,0.017095691757400704,0.02032993377469737,0.027241993290271754
2021-07-14,0.007511569176260097,0.01093913098122688,0.016468179310832665,0.019587273553604404,0.026253245031751245
2021-07-15,0.0072114854625546275,0.0104809556268857,0.015789121033486682,0.018783608904166898,0.025183277905470546
2021-07-16,0.006934387145970936,0.010057874954428125,0.015162076322558195,0.018041502247637283,0.02419526664077635
2021-07-19,0.007533530202373674,0.01097266162771561,0.01651787483205003,0.01964608814282326,0.026331548434860897
2021-07-20,0.007303247828492425,0.010621060712928457,0.01599676973714166,0.019029360893644532,0.02551046232268137
2021-07-21,0.007019166136859882,0.010187317647973815,0.0153539223737727,0.018268551817076106,0.024497551400353323
2021-07-22,0.006770040829721217,0.009806946869219579,0.014790177677934554,0.017601360651799756,0.023609279638878867
2021-07-23,0.007549710131060116,0.010997365549389952,0.016554488330216013,0.019689420173592768,0.02638923897589789
2021-07-26,0.007247362058022004,0.010535732914322745,0.015870306042877185,0.018879691264529843,0.025311198135725497
2021-07-27,0.006985582280706733,0.010136040972531794,0.015277925595325814,0.018178609721756094,0.024377806074577735
2021-07-28,0.006818150559748686,0.009880402013887072,0.014899045000298136,0.017730204996064997,0.023780817870487646
2021-07-29,0.007087441338599617,0.010291561941552913,0.015508422064230205,0.01845140201375587,0.02474099087429092
2021-07-30,0.007062754243744874,0.010253869064811766,0.015452557732581765,0.018385286644857377,0.024652967503706158
2021-08-02,0.006797776536104653,0.009849294442645727,0.014852940700842875,0.017675640613455466,0.023708173023288183
2021-08-03,0.0067484277494328036,0.009773947475159604,0.014741269521981796,0.017543477908418686,0.023532216858227713
2021-08-04,0.006555544426017658,0.009479448370356542,0.014304794594003491,0.01702691035938162,0.022844479384195603
2021-08-05,0.006331899243204334,0.009137981285665751,0.013798708773141512,0.016427958402860356,0.022047058589156527
2021-08-06,0.009015437545412976,0.013235274995211571,0.01987127723808101,0.023614835832047966,0.031615381141631115
2021-08-09,0.008632700442420177,0.012650902369260409,0.019005182925179463,0.022589814260882874,0.030250708220353743
2021-08-10,0.008339312631631431,0.012202950487741601,0.018341276780695873,0.021804082142350786,0.02920461575195832
2021-08-11,0.008136204744398856,0.011892840261987697,0.01788166472672448,0.021260131832701624,0.02848042196035362
2021-08-12,0.007855649252148664,0.011464481086853454,0.01724679678632583,0.020508766393561806,0.027480083921016252
2021-08-13,0.010000675952342183,0.014739561751167897,0.022100769425854656,0.02625343713812977,0.0351283098972319
2021-08-16,0.009565463694498793,0.014075068740238512,0.02111592928760892,0.025087880026376925,0.03357653355090252
2021-08-17,0.009284024463243756,0.013645360250185805,0.020479061537627657,0.02433414781501627,0.03257304448523413
2021-08-18,0.012028952981441568,0.017836386084066524,0.02669054968534747,0.031685436520652734,0.042360257667168714
2021-08-19,0.01142959863760102,0.01692127681180993,0.025334273054328237,0.030080284769217702,0.040223222514596764
2021-08-20,0.010861043950326808,0.01605319322910715,0.024047692847258592,0.028557618651179877,0.03819600545118329
2021-08-23,0.011359691962749881,0.016814541544090036,0.02517608150966483,0.029893065267553167,0.039973965921912345
2021-08-24,0.010963048019867047,0.016208935605555183,0.02427851746246,0.02883079930392505,0.038559707298935104
2021-08-25,0.01168235033376212,0.01730718445244453,0.025906223891886484,0.030757187893288657,0.041124424391448686
2021-08-26,0.01114835414897183,0.016491865659691702,0.024697845986683252,0.029327074104868716,0.039220427815860756
2021-08-27,0.010846127724221536,0.01603041876028701,0.024013938976785332,0.028517670986323965,0.03814282072021693
2021-08-30,0.010422218830862107,0.015383184010273342,0.02305467717839654,0.02738238580883671,0.03663134722226564
2021-08-31,0.0107364078742808,0.015862895736447745,0.02376565435190048,0.028223826433248674,0.037751607778043525
2021-09-01,0.010681257961703479,0.015778691464163244,0.023640855827621703,0.028076127530796857,0.037554967338126466
2021-09-02,0.01016789812113225,0.014994880760297091,0.02247917582609034,0.02670128065485841,0.035724550930046985
2021-09-03,0.009700039540285654,0.014280542523096573,0.021420460449543613,0.025448292287980716,0.03405637209063976
2021-09-06,0.009252470168512415,0.013597182360119742,0.02040765744588757,0.024249641158855646,0.03246053568681048
2021-09-07,0.010825008772116883,0.015998173813554048,0.023966148981592147,0.028461111584848642,0.03806751978430658
2021-09-08,0.010300371706028266,0.015197144758403138,0.022778949789970394,0.02705606277832174,0.03619689372795842
2021-09-09,0.010632426985577256,0.015704135102829298,0.023530356400245443,0.027945351592224298,0.03738085745873949
2021-09-10,0.010356224125578099,0.015282421635985283,0.022905338014565412,0.027205643089173958,0.03639603900013474
2021-09-13,0.009859524245489552,0.014524047778401813,0.021781357773298697,0.02587541383388419,0.034625024716287506
2021-09-14,0.00939408124597269,0.013813397711472265,0.020728108606418282,0.024628894719531325,0.03296545878219846
2021-09-15,0.009098183480078946,0.013361613567431069,0.020058522694216645,0.023836440602778626,0.03191041691292544
2021-09-16,0.008730414551622982,0.01280009472647067,0.01922629980569361,0.02285150582137405,0.03059911394797487
2021-09-17,0.008927143083286343,0.013100464791846324,0.019671476040573337,0.023378371356598558,0.03130056175092984
2021-09-20,0.008540458300969306,0.01251006474990889,0.018796448539368002,0.022342777367886944,0.029921813133741225
2021-09-21,0.008166898402612265,0.011939704110592819,0.017951121287410412,0.02134233358821657,0.028589862105798756
2021-09-22,0.007836458296268395,0.011435179853200972,0.017203369646346254,0.02045737042595183,0.02741165737543589
2021-09-23,0.007721434290251225,0.011259558310585754,0.016943082267151407,0.020149320627676482,0.02700153213520949
2021-09-24,0.008436798468945407,0.012351794313696172,0.018561877105633978,0.02206516235994285,0.029552207561976636
2021-09-27,0.00809871631534387,0.011835601986528266,0.017796832305330655,0.02115973276464687,0.02834675463729419
2021-09-28,0.007772423086922625,0.01133740928654801,0.01705846461830962,0.020285875500635635,0.027183335857821896
2021-09-29,0.007584909714154871,0.01105110915732507,0.016634141330921944,0.019783689403531576,0.02651474527647353
2021-09-30,0.007682880928027339,0.011200694068405286,0.016855840012600588,0.020046069524996823,0.02686406772676899
2021-10-01,0.007370150842348759,0.010723209915567977,0.016148164308934808,0.019208536186142863,0.02574900917546272
2021-10-04,0.007209850158669173,0.010478458803822824,0.015785420510636968,0.01877922933985266,0.025177447127860825
2021-10-05,0.006973712349867512,0.010117917663868655,0.015251065174650642,0.01814682044639371,0.024335483098657566
2021-10-06,0.006726275133810216,0.009740124304994411,0.014691140453604073,0.01748415021666023,0.023453230330819683
2021-10-07,0.006506119516723642,0.009403985176938145,0.014192951157554562,0.016894543787698085,0.02266825179919608
2021-10-08,0.006672192827860283,0.009657550081334544,0.014568757812241186,0.017339310508715653,0.023260396508666046
2021-10-11,0.006469113259075588,0.009347483092898425,0.014109209839976183,0.01679543603968845,0.02253630368824677
2021-10-12,0.00705549494178683,0.010242785380176481,0.015436130686203624,0.018365845255348984,0.02462708401153345
2021-10-13,0.006792590211591026,0.009841375832060646,0.014841204587121497,0.017661750937069353,0.023689680860993594
2021-10-14,0.006652709455369297,0.009627802378653218,0.014524668963842021,0.017287131409991895,0.023190927333491488
2021-10-15,0.009949358828565102,0.014661209477130756,0.02198464410455642,0.02611600296090905,0.03494533550392429
2021-10-18,0.009636113457997017,0.014182938574376493,0.02127580236470331,0.025277089619638527,0.033828439672328355
2021-10-19,0.009413104604060257,0.013842443052603588,0.02077115648999972,0.024679841837653083,0.03303328774743561
2021-10-20,0.009439011903796469,0.013881998968818064,0.02082978201856414,0.02474922507976002,0.033125661834340084
2021-10-21,0.009015069808503997,0.013234713525258752,0.019870445087649236,0.023613850983019036,0.0316140699528336
2021-10-22,0.008729572950566396,0.012798809748830419,0.019224395349911452,0.02284925190026065,0.030596113167116516
2021-10-25,0.008378043370001016,0.012262085552278285,0.01842892041904208,0.021907808282266523,0.029342712606067196
2021-10-26,0.008017629259514287,0.011711796232199107,0.017613340719710192,0.020942570695127956,0.028057633701561915
2021-10-27,0.007681342581259288,0.011198345281905518,0.016852358893637568,0.02004194962491697,0.026858582655785602
2021-10-28,0.007442042080023731,0.010832975263673755,0.016310846713151358,0.019401070614653678,0.02600534185020211
2021-10-29,0.008185431378738731,0.011968000724224024,0.017993059487545073,0.021391967397322017,0.028655942583684757
2021-11-01,0.007953449882751778,0.011613805547111743,0.01746810945578274,0.020770689670029794,0.027828798146066
2021-11-02,0.00763380966376443,0.011125770829106485,0.016744796838127393,0.01991465006239309,0.026689101085100867
2021-11-03,0.007397660747455017,0.01076521272993038,0.01621041636700465,0.019282211421530613,0.025847097451388575
2021-11-04,0.007108900161640521,0.010324325811771343,0.015556981152053048,0.01850887163542763,0.02481750364114163
2021-11-05,0.007855372788696144,0.011464058975507403,0.01724617117824634,0.020508025987156845,0.027479098173398823
2021-11-08,0.007696729191450113,0.011221837944966902,0.016887177194442226,0.02008315704178191,0.026913444570435312
2021-11-09,0.007784654170090646,0.011356084011661497,0.017086142289195496,0.020318631990633343,0.027226946544809835
2021-11-10,0.007474107409196124,0.010881933413965268,0.016383407222755383,0.019486945889956763,0.026119672773677365
2021-11-11,0.007403775196388425,0.010774548424200728,0.01622425272989276,0.01929858674026382,0.025868898898968932
2021-11-12,0.007410689747879072,0.010785105735159787,0.016239899641769046,0.019317104841533393,0.025893553161929796
2021-11-15,0.007129060229093947,0.010355106709324758,0.015602601290870509,0.018562863014508258,0.024889385614249773
2021-11-16,0.006885166011218724,0.009982722889100432,0.015050694006733294,0.017909681411654232,0.024019765626566728
2021-11-17,0.00664524776055522,0.009616409675519782,0.014507783923451253,0.017267147985123826,0.023164322197015346
2021-11-18,0.006508379120610999,0.009407435196930825,0.01419806440646863,0.016900595311599792,0.022676308557252143
2021-11-19,0.006367072737919197,0.009191685061206926,0.013878302738553297,0.016522157764599987,0.02217247186999272
2021-11-22,0.006157430924354408,0.008871598672549892,0.013403905087907324,0.0159607087191801,0.021424980958078883
2021-11-23,0.006538360090962601,0.009453210895800708,0.01426590822854323,0.016980888392919977,0.022783207569844657
2021-11-24,0.006801356222070826,0.009854759997126272,0.014861041158397245,0.01768522749516783,0.023720936616016753
2021-11-25,0.009427506121272763,0.013864431650953073,0.020803745627706444,0.024718411042689372,0.03308463725186447
2021-11-26,0.008990391634654782,0.013197034269333007,0.019814600943309765,0.02354775950577628,0.03152607839064833
2021-11-29,0.008604803936554757,0.012608309283144731,0.018942056029744088,0.022515103656531754,0.030151241495400476
2021-11-30,0.008352364875020488,0.012222878980914006,0.01837081265187605,0.02183903781014799,0.029251154336735405
2021-12-01,0.008693196933243547,0.01274326993155538,0.019142080200732093,0.022751832020825296,0.030466412217205363
2021-12-02,0.008524490577797457,0.012485684828946353,0.018760315240241826,0.022300013652099906,0.029864879224651447
2021-12-03,0.008589694041616412,0.012585239115883908,0.018907863906816078,0.02247463732042602,0.030097366226176595
2021-12-06,0.008271248772978308,0.0120990288780976,0.018187255337693227,0.021621797950955066,0.028961929834927392
2021-12-07,0.008512398599183334,0.012467222492161058,0.01873295234851399,0.02226762970285479,0.0298217645235934
2021-12-08,0.008144025551410352,0.01190478126664763,0.017899362400720525,0.021281077008458084,0.02850830753368233
2021-12-09,0.007923124817671122,0.011567504475763414,0.017399486983074055,0.020689475056626497,0.027720672242337447
2021-12-10,0.008517668781829824,0.012475269139450518,0.018744878224480507,0.02228174396262838,0.029840555687271057
2021-12-13,0.008443315620991237,0.012361744865197359,0.018576624743840652,0.022082616171912744,0.029575444872525437
2021-12-14,0.008410012174895686,0.012310896326877187,0.01850126250423065,0.021993425052538262,0.029456699366232898
2021-12-15,0.008496033731023834,0.012442236200252244,0.018695920351528336,0.022223802379238673,0.029763414569374393
2021-12-16,0.008128601465600153,0.011881231384868931,0.01786445929648145,0.021239769226831143,0.02845331199738327
2021-12-17,0.008488978823044915,0.012431464589480131,0.01867995582749655,0.02220490838436744,0.029738259856633843
2021-12-20,0.008252001238852419,0.012069641259358055,0.018143700167020042,0.02157025045917415,0.028893301556096904
2021-12-21,0.008014913175722373,0.0117076492472181,0.01760719450418223,0.02093529665648881,0.02804794933604375
2021-12-22,0.007804618371330259,0.011386565855758098,0.017131319203113813,0.020372098813582228,0.027298130144762893
2021-12-23,0.008137386854435217,0.0118946451372943,0.01788433971896252,0.02126329768277805,0.028484636847136157
2021-12-24,0.007804033184480945,0.011385672377772472,0.01712999498605147,0.02037053160429152,0.027296043624692325
2021-12-27,0.00755375009624811,0.011003533869751888,0.01656363035184465,0.019700239745126514,0.026403643722790332
2021-12-28,0.008919995202416674,0.013089551227728466,0.01965530112854597,0.023359228367789166,0.03127507553757064
2021-12-29,0.008517530340112978,0.012475057763158586,0.018744564945253877,0.022281373197042795,0.029840062064727862
2021-12-30,0.008525471983541035,0.012487183263895599,0.018762536059510497,0.022302641989016728,0.029868378487807736
2021-12-31,0.008231791040216577,0.012038783820255677,0.01809796658654341,0.021516124822027183,0.028821240837143065
2022-01-03,0.008369943746103588,0.012249718842991034,0.018410591811391163,0.021886116397293084,0.029313832893807998
2022-01-04,0.008435890254787783,0.012350407629499453,0.018559821911322622,0.022062730039962574,0.029548969267967667
2022-01-05,0.008089182040173427,0.011821044815628647,0.017775257230852146,0.021134198690111874,0.028312759586782053
2022-01-06,0.007958278015659867,0.01162117726175315,0.017479035019102657,0.020783620060996714,0.027846013153935572
2022-01-07,0.007870412888596485,0.011487022577950447,0.017280205362252277,0.020548305402739445,0.02753272458407813
2022-01-10,0.0076381198948073685,0.011132351798166767,0.01675455044331589,0.01992619344232979,0.02670446948169151
2022-01-11,0.007380796465481098,0.010739463920460855,0.016172254248426214,0.019237046600377117,0.025786966806184246
2022-01-12,0.007203224423840773,0.010468342465400831,0.015770427160870775,0.018761484728549434,0.025153822658654214
2022-01-13,0.007039025602495401,0.010217639579118372,0.015398862281896814,0.01832173814395438,0.02456836155900246
2022-01-14,0.00692870975257304,0.010049206567531364,0.015149228970954252,0.01802629742256198,0.024175023541863377
2022-01-17,0.007582141483871368,0.011046882553770416,0.01662787711329947,0.01977627570955638,0.026504874979399597
2022-01-18,0.0072981996521022975,0.010613353030369605,0.015985346238275664,0.01901584119656143,0.025492462736104657
2022-01-19,0.007925880621864625,0.011571712106851626,0.01740572308174544,0.02069685547185711,0.02773049823341542
2022-01-20,0.007703586849201931,0.011232308389135935,0.016902695361696543,0.02010152277394719,0.026937895975235413
2022-01-21,0.007396315580421172,0.010763158895102858,0.016207372393716443,0.01927860888282786,0.025842301174750306
2022-01-24,0.007497002014668564,0.010916889472877323,0.01643521533710007,0.01954826073058513,0.026201304911997007
2022-01-25,0.007283212056387578,0.010590469592636449,0.01595143086578869,0.018975702394267734,0.025439023532361413
2022-01-26,0.007001272027808031,0.01015999647264506,0.015313429863475,0.01822062898014312,0.02443374884271651
2022-01-27,0.006768019236230842,0.009803860249481544,0.014785603021829043,0.017595946551835166,0.02360207152168152
2022-01-28,0.006744331134613756,0.009767692660717527,0.014731999308121729,0.01753250662153418,0.023517610123555945
2022-01-31,0.006911708955187834,0.010023249322901641,0.015110757932178597,0.017980766994728933,0.02411440614247801
2022-02-01,0.0073779170075776905,0.01073506749178129,0.016165738334252017,0.019229335023837564,0.025776699920120646
2022-02-02,0.007604607486102207,0.011081184210483607,0.016678715343023252,0.019836442692909663,0.02658497890623096
2022-02-03,0.0072991207327775375,0.010614759359488718,0.015987430548180064,0.019018307974810838,0.025495746906481615
2022-02-04,0.007107020897626252,0.010321456504253763,0.015552728572769587,0.01850383871299216,0.02481080300853468
2022-02-07,0.006979738049563497,0.010127117853573286,0.015264700707231977,0.0181629580827019,0.024356968105317647
2022-02-08,0.007097654378330478,0.010307155467238815,0.015531533112412284,0.018478753911310198,0.024777406102016824
2022-02-09,0.006835683709347921,0.009907172067253684,0.014938720696843905,0.017777161134911085,0.02384333340476871
2022-02-10,0.006669329310498902,0.009653177991075089,0.014562277969858008,0.017331641623097114,0.023250186459595472
2022-02-11,0.006451653215643829,0.009320824659865268,0.014069699575094588,0.016748675689016702,0.02247404881854814
2022-02-14,0.006297337846678663,0.009085212077020136,0.0137204999223592,0.016335398322608434,0.02192382778244532
2022-02-15,0.006338104174188291,0.00914745513020444,0.013812749887512524,0.016444576044725788,0.022069182656110027
2022-02-16,0.006131884778636812,0.008832594175365822,0.013346096813377482,0.015892292696234045,0.02133389458826732
2022-02-17,0.005995599147454053,0.008624509849203228,0.013037696584670608,0.015527301398787753,0.020847959702467115
2022-02-18,0.00583397209438581,0.008377733603347558,0.012671951350203294,0.015094442356423335,0.020271668402398822
2022-02-21,0.005671721608119984,0.008130005484020708,0.012304795351159782,0.014659913675890302,0.019693154212528853
2022-02-22,0.0055426944584408494,0.007933003589802971,0.012012820312227907,0.014314361570664833,0.019233099893520147
2022-02-23,0.00542396540249071,0.007751725083852661,0.011744148789842163,0.013996389149069612,0.018809764067552342
2022-02-24,0.005314655266509382,0.007584827621581571,0.011496791305094456,0.0137036418652246,0.01842001198595791
2022-02-25,0.005559508687584654,0.007958675977353794,0.012050869166450297,0.014359392343590016,0.019293052072248774
2022-02-28,0.005428115065439983,0.007758060893512913,0.011753539046111337,0.014007502506000018,0.01882455994862846
2022-03-01,0.005352645311924237,0.007642831777503449,0.011582758832212662,0.013805384329530445,0.018555467853315313
2022-03-02,0.00543284136342639,0.007765277124037071,0.011764234167580087,0.014020160169314969,0.01884141185775748
2022-03-03,0.0053744399346973065,0.0076761083551906495,0.01163207779995315,0.013863753268165125,0.018633177934975265
2022-03-04,0.0053527675331386014,0.007643018387924615,0.011583035406126842,0.013805711654423167,0.018555903640649088
2022-03-07,0.00529046171833019,0.007547888304306087,0.011442043818312906,0.013638848280874454,0.018333748386710296
2022-03-08,0.005198839369976482,0.0074079970006289625,0.01123471195990846,0.013393471277367376,0.018007063210895242
2022-03-09,0.005093329943135132,0.00724690255657387,0.010995955085201924,0.013110902805097566,0.017630862793888386
2022-03-10,0.005113412638152988,0.007277565319948503,0.011041400138233608,0.013164686970362618,0.01770246889077013
2022-03-11,0.005018710086316805,0.0071329710841975275,0.010827098099259025,0.012911060766586147,0.017364801058056413
2022-03-14,0.0049870185684455035,0.007084583678393343,0.010755383485805233,0.012826186608353156,0.01725180298200117
2022-03-15,0.005149046695353261,0.007331972293865033,0.011122036308715739,0.013260119780541719,0.017829524335764124
2022-03-16,0.005050376722201108,0.007181320499558748,0.010898756407360485,0.0129958682875028,0.01747771041584102
2022-03-17,0.005031308267429038,0.007152206303676373,0.010855606474665769,0.01294480039437898,0.01740972065557329
2022-03-18,0.0050057517615509335,0.007113185988338914,0.010797774756168704,0.012876356625526088,0.017318597345965726
2022-03-21,0.0050496212408541324,0.007180167011655075,0.01089704683153676,0.012993845006584365,0.01747501670015815
2022-03-22,0.0051206409540206065,0.007288601694242333,0.011057757066307336,0.013184045374942596,0.01772824190011217
2022-03-23,0.005019577135260501,0.007134294916311251,0.010829060140966688,0.012913382840572689,0.017367892574937403
2022-03-24,0.005121028389639469,0.0072891932406803734,0.01105863379287366,0.013185082979772823,0.017729623325883712
2022-03-25,0.005020073795850794,0.007135053230180188,0.010830184032299229,0.01291471296460461,0.017369663449131042
2022-03-28,0.004939023010911702,0.007011302855158013,0.01064677452393684,0.0126976480334213,0.017080671839512427
2022-03-29,0.005113951447674804,0.0072783879878651715,0.011042619408220582,0.013166129974916636,0.017704390049597948
2022-03-30,0.0052151524162796625,0.007432904169625411,0.01127162668941549,0.013437159815064464,0.018065228391065696
2022-03-31,0.0052170250838394815,0.007435763405510586,0.011275864341607642,0.013442175071305434,0.01807190550360445
2022-04-01,0.005111215896741193,0.007274211279963071,0.011036429140572828,0.013158803800647025,0.017694636272776516
2022-04-04,0.005011831988380019,0.007122469431440479,0.010811533677989048,0.012892640292849311,0.017340276772506803
2022-04-05,0.0050467317373701975,0.007175755245130746,0.01089050818525717,0.012986106526625588,0.01746471399595302
2022-04-06,0.00495610282042653,0.007037380737492596,0.01068542435895561,0.012743390066391691,0.017141570961555216
2022-04-07,0.005125154648833714,0.007295493316899379,0.011067971088875927,0.013196133658291438,0.01774433575941714
2022-04-08,0.00502785074759153,0.007146927275510763,0.010847782466372361,0.012935540690032405,0.017397392653767007
2022-04-11,0.0060205070413382935,0.008662539847450666,0.013094060561590563,0.015594008097260404,0.02093677034571043
2022-04-12,0.00592137303338034,0.008511179553143,0.012869730597664553,0.015328513856439793,0.02058330188085543
2022-04-13,0.005773023537317124,0.008284675814950095,0.012534031095689228,0.014931213902118073,0.02005435253526135
2022-04-14,0.006155331323548224,0.008868392949281975,0.013399153909347993,0.015955085705105048,0.0214174947009502
2022-04-15,0.00606843407443377,0.008735716045851737,0.013202514459771993,0.0157223631545064,0.021107657160056706
2022-04-18,0.0058869177321958935,0.008458572333530243,0.012791761829620343,0.015236237913817861,0.020460449363675366
2022-04-19,0.005814356126437953,0.00834778345059093,0.012627562452056627,0.015041908149186534,0.020201726449884255
2022-04-20,0.008872701841234213,0.013017342535526572,0.01954828116409037,0.023232570369372336,0.03110644811980208
2022-04-21,0.008507612523582658,0.012459914991673392,0.018722121956512666,0.022254811947028247,0.02980469947366655
2022-04-22,0.009031324071140436,0.013259530941875753,0.019907226795823716,0.023657382090130033,0.031672025536187885
2022-04-25,0.009200762288237732,0.013518233469243454,0.02029064788321933,0.024111160483043643,0.03227616802693185
2022-04-26,0.008806068282827047,0.012915604744237499,0.019397496341992983,0.02305411671490101,0.03086886202716678
2022-04-27,0.008699159925459462,0.012752374377903782,0.01915557383279885,0.022767801718046203,0.03048767363644906
2022-04-28,0.00833303570369002,0.012193366716439197,0.018327072744687766,0.021787271682925023,0.02918223497537964
2022-04-29,0.008066689615693673,0.011786702816761897,0.01772435921032329,0.02107396094441314,0.028232561449780494
2022-05-02,0.007727510368749446,0.011268835419911517,0.016956831801729848,0.02016559318521028,0.027023196770619123
2022-05-03,0.0074267803163097345,0.010809673219350235,0.01627631092695718,0.019360197553488334,0.0259509250834226
2022-05-04,0.007173938188266446,0.010423627505045614,0.01570415545144182,0.01868305224064279,0.025049400766075938
2022-05-05,0.006907000686890012,0.010016060620559049,0.015100103610022547,0.01796815761735119,0.024097618519323877
2022-05-06,0.006768952136159386,0.009805284624533582,0.014787714077476116,0.01759844498363866,0.023605397834340496
2022-05-09,0.006634321087585854,0.009599726556673741,0.01448305799736856,0.017237884881528463,0.023125362465637466
2022-05-10,0.006412711695665648,0.009261367768672236,0.01398157895985996,0.016644385047530758,0.022335200409517343
2022-05-11,0.00623993095683119,0.00899756179512811,0.013590594092928291,0.016181654930689973,0.02171913994983905
2022-05-12,0.006044398888963543,0.008699018520739506,0.013148125331353237,0.015657993686844937,0.021021958212887437
2022-05-13,0.005925111509194801,0.008516887551953855,0.012878190380153646,0.015338525998777542,0.02059663164865414
2022-05-16,0.007167867666026471,0.01041435887915455,0.01569041849009871,0.018666794563517795,0.02502775594185031
2022-05-17,0.006962486234855385,0.010100777349387594,0.015225661642325309,0.018116755396630227,0.024295455688071028
2022-05-18,0.006875951889497159,0.009968654536531108,0.015029843406258379,0.017885004751225723,0.023986912103068615
2022-05-19,0.0066714972700905205,0.009656488086254269,0.014567183837249018,0.017337447711217254,0.023257916454220953
2022-05-20,0.006438972823860315,0.00930146391906779,0.014041005165477155,0.016714715889960666,0.022428836093774822
2022-05-23,0.006266335370030369,0.009037876716668898,0.013650344537629082,0.016252369509682917,0.021813286525682825
2022-05-24,0.006235748568571352,0.00899117601964139,0.013581129782680168,0.016170453930965098,0.02170422738463479
2022-05-25,0.006264125353243734,0.00903450240750759,0.013645343499173821,0.01624645078672341,0.02180540657351538
2022-05-26,0.006088953780015519,0.008767046047936163,0.01324894842232174,0.015777317692989293,0.02118082144525673
2022-05-27,0.005940410219197092,0.008540246006798698,0.012912809771960986,0.01537949800708488,0.020651180149720144
2022-05-30,0.00584490590888973,0.008394427626068002,0.012696693436836961,0.015123724586011217,0.02031065359736188
2022-05-31,0.005875829147841518,0.008441642004313195,0.012766669514889532,0.015206541189700856,0.020420912327194216
2022-06-01,0.00573309751780775,0.008223715765135146,0.012443682660265878,0.014824286638134898,0.019911993831982302
2022-06-02,0.00561337896833126,0.008040926475605625,0.012172772016799047,0.014503664219450013,0.019485129905366216
2022-06-03,0.005720111232997618,0.008203887979178398,0.012414296046499334,0.014789507616306093,0.019865690426616563
2022-06-06,0.0055676471800179895,0.007971102032098325,0.012069285729561077,0.014381188323743764,0.019322070372687766
2022-06-07,0.005920723192891924,0.008510187360356632,0.012868260076131864,0.01532677349598549,0.020580984834217525
2022-06-08,0.006098562840451514,0.008781717402858373,0.013270692728088979,0.0158030520525497,0.02121508314727982
2022-06-09,0.005981448119834293,0.008602903704658042,0.013005674278896356,0.015489403038657562,0.02079750333424483
2022-06-10,0.00600301453978332,0.008635831856539402,0.01305447684734724,0.015547160819357943,0.02087439974455676
2022-06-13,0.005847199028287294,0.008397928818383815,0.012701882527869697,0.01512986586896858,0.020318829857051995
2022-06-14,0.005962185931606317,0.008573493711667216,0.012962085947512133,0.015437816301215258,0.020728822805302853
2022-06-15,0.005973594294188579,0.008590912286317726,0.0129879018871604,0.015468369434546339,0.020769500030924273
2022-06-16,0.005902266072167395,0.00848200656465914,0.012826493528893423,0.015277342837874991,0.020515174823480243
2022-06-17,0.008200182782171729,0.011990523537646604,0.0180264403814295,0.021431473644836423,0.028708539629172216
2022-06-20,0.009633847390562108,0.014179478685677004,0.02127067448945244,0.02527102078548492,0.033820359868091905
2022-06-21,0.00977422853707957,0.014393816147561349,0.0215883424440005,0.02564698042524838,0.03432089756828413
2022-06-22,0.009684805953147212,0.014257283499476605,0.021385988424013486,0.025407494687484117,0.034002055789191084
2022-06-23,0.015744659962921667,0.023509620868605932,0.035098808670181315,0.04163660085346497,0.05560884177719313
2022-06-24,0.015719836781993998,0.02347172021222918,0.03504263638988377,0.041570121027712945,0.055520333183259926
2022-06-27,0.019022370448813056,0.028514111598066372,0.042515927075923395,0.05041475151040792,0.06729572216821453
2022-06-28,0.022996281297962964,0.03458157853569754,0.051508474596175795,0.06105742061777761,0.08146494821136425
2022-06-29,0.021771846326492598,0.03271208045466609,0.04873770542586047,0.05777821865791523,0.07709914924292173
2022-06-30,0.020933576169878274,0.031432188516187315,0.046840787124390194,0.05553321814379004,0.07411024491537857
2022-07-01,0.019812550770477125,0.02972057876818145,0.044304023075523516,0.052530960961967355,0.07011315920128285
2022-07-04,0.018717957093903188,0.02804932563874267,0.04182707127020947,0.049599491498004,0.06621031743720648
2022-07-05,0.018275878858019665,0.027374349480018982,0.04082669413676111,0.048415546371231834,0.06463406001957205
2022-07-06,0.01750982171274122,0.02620471418175672,0.03909318637988252,0.04636394203887023,0.061902635670748954
2022-07-07,0.016749559489849852,0.02504392671660508,0.037372791930503815,0.0443278572900649,0.059191873477752184
2022-07-08,0.03658934408563019,0.05533580835516075,0.08226816390576883,0.0974614756900723,0.12993185815686173
2022-07-11,0.03528896282013626,0.053350353564098375,0.07932553615987924,0.09397887931400233,0.12529526795831658
2022-07-12,0.052259880471221834,0.0792619770649754,0.11772896020053776,0.13942928519000744,0.1858061292951659
2022-07-13,0.04935539579543238,0.07482733688048844,0.11115641303973046,0.1316506835793383,0.17545000871965555
2022-07-14,0.04683733182220086,0.07098269353432712,0.10545829579506104,0.12490696871617663,0.16647169516854465
2022-07-15,0.04633442593427975,0.07021484418804547,0.10432027200262675,0.12356011893507564,0.1646785529781733
2022-07-18,0.043765987345249606,0.06629328761271108,0.09850816223432522,0.11668149405815,0.15552062560451274
2022-07-19,0.042301057503614535,0.06405659592095574,0.09519317815068448,0.11275821440697999,0.15029732723386027
2022-07-20,0.041540198529628064,0.06289489732123742,0.09347143331555627,0.11072053147827438,0.14758443728775605
2022-07-21,0.043793817547199264,0.06633577946434215,0.09857113909088558,0.1167560270916741,0.1556198559187347
2022-07-22,0.04213986160343141,0.06381047797015872,0.09482840857041655,0.11232651005017978,0.14972257323619265
2022-07-25,0.03975139518323653,0.06016370742439401,0.0894235571282348,0.10592987490934978,0.14120634781270247
2022-07-26,0.037617455613009734,0.056905554868701004,0.08459467351230858,0.10021489699385257,0.1335976536872584
2022-07-27,0.038183290083238064,0.05776948515566677,0.0858750981507258,0.10173027800383978,0.1356151716477799
2022-07-28,0.0383569097385299,0.058034572007937615,0.08626798139847044,0.10219525485207528,0.13623422331621124
2022-07-29,0.03665141476713499,0.05543057943134308,0.08240862341133769,0.09762770934492788,0.13015317502839696
2022-08-01,0.034560108970785444,0.052237521192872116,0.07767621559774127,0.09202691042473227,0.1226964942726712
2022-08-02,0.032602735806790475,0.049248954662828665,0.0732468834208866,0.08678480115383606,0.11571735863922517
2022-08-03,0.03191762020955842,0.04820290295395599,0.0716965379806276,0.08494996920152931,0.11327453640909256
2022-08-04,0.030560433842387293,0.04613071670630121,0.06862536618943457,0.08131524110340771,0.10843540409105312
2022-08-05,0.039648429680394344,0.06000649710742246,0.08919055688932578,0.10565411940857962,0.14083921791477594
2022-08-08,0.037382879607459826,0.05654739832919531,0.08406385237487168,0.09958667082009977,0.1327612583645886
2022-08-09,0.035562049370382605,0.05376730897090775,0.07994350266024937,0.09471024191932265,0.1262689750208724
2022-08-10,0.03354755516160525,0.05069152859440012,0.07538491149165814,0.08931515478813644,0.11908617075316004
2022-08-11,0.032531381373030875,0.04914000892042924,0.07308541574817795,0.08659370435859477,0.11546293997219921
2022-08-12,0.030917777521762883,0.04667631801500864,0.0694339978220577,0.08227225566200505,0.10970953518265691
2022-08-15,0.029840184288505135,0.04503102158959812,0.06699551625429791,0.07938631567763017,0.10586730955551084
2022-08-16,0.038955402471407816,0.05894836575092661,0.08762230829336838,0.10379809909317034,0.13836818634136158
2022-08-17,0.03673403752171751,0.055556729929116,0.08259559012373799,0.09784898422278511,0.1304477715934502
2022-08-18,0.03613735536186919,0.054645700614523174,0.08124536036755947,0.09625098894040611,0.12832026427893303
2022-08-19,0.03410932285795236,0.051549249628817496,0.07665613344315833,0.0908196444292945,0.12108918837872767
2022-08-22,0.0324104553661127,0.04895537605453776,0.07281177275392742,0.08626984820606409,0.11503177078105199
2022-08-23,0.03434794698922202,0.051913586948390066,0.07719611506865967,0.09145871202958548,0.12194001754517295
2022-08-24,0.03240245552639135,0.04894316169823784,0.07279366994750336,0.08624842355656936,0.11500324685547247
2022-08-25,0.030696688932791254,0.04633875440203533,0.068933697307531,0.08168015060853018,0.10892123008180893
2022-08-26,0.028973950540932127,0.04370843413779761,0.06503531925079367,0.07706642489622816,0.10277869930694619
2022-08-29,0.027849165909713917,0.04199108470019459,0.062490048450759735,0.07405409998469396,0.09876820981823486
2022-08-30,0.026274875558789167,0.039587418634935215,0.05892759289280627,0.0698379381431667,0.0931549797568272
2022-08-31,0.024869656572826367,0.03744189497798534,0.055747728273967484,0.06607457221506721,0.08814458415208135
2022-09-01,0.025510208341955717,0.03841990551434775,0.0571972303996404,0.06779005622660267,0.090428511284235
2022-09-02,0.02474185213058163,0.03724675994420163,0.05545852009496896,0.06573229468522439,0.08768888947240032
2022-09-05,0.023383160280599162,0.03517227508756197,0.052383941552533696,0.06209353470113046,0.08284438926185705
2022-09-06,0.027866722850857884,0.04201789107908951,0.06252977798510025,0.07410111984050496,0.0988308101827469
2022-09-07,0.026836302637587916,0.040444619605921,0.060198044062171135,0.07134151556460042,0.0951567828893626
2022-09-08,0.03554329322788211,0.053738671621249144,0.0799010594577884,0.09466001044057518,0.12620209882941383
2022-09-09,0.033656421861573096,0.050857749007423535,0.07563126552676272,0.0896067144905432,0.11947434173609645
2022-09-12,0.03264564582676685,0.04931447075953613,0.07334398433944773,0.08689971997344091,0.11587035698157383
2022-09-13,0.034479139462336696,0.05211389491283765,0.07749299000963514,0.09181006316294965,0.12240779245942884
2022-09-14,0.03688352249134152,0.05578496733687277,0.08293385908445082,0.0982493251284131,0.13098076954057553
2022-09-15,0.03479670968914571,0.052598769114771966,0.07821161844998081,0.09266055905240918,0.12354010883466755
2022-09-16,0.032813890795060176,0.049571351404646954,0.07372470522873109,0.08735030268515645,0.11647024486956725
2022-09-19,0.030947088453858167,0.046721070682632614,0.0695003254171486,0.08235075429052498,0.10981404513221513
2022-09-20,0.029519548667966487,0.04454146706749271,0.06626995114631462,0.07852761025041634,0.10472406332846738
2022-09-21,0.02791711834985196,0.042094836193250135,0.06264381776523471,0.07423608578228232,0.09901049846562752
2022-09-22,0.026360749084020398,0.03971853249101726,0.05912191576155876,0.07006791902316427,0.09346116714660815
2022-09-23,0.024957050109514944,0.03757532962575406,0.05594549077077918,0.06630862389071018,0.08845619123715616
2022-09-26,0.02361224735719232,0.03552205099241522,0.052902341813822994,0.06270706078299443,0.08366121346728864
2022-09-27,0.022314459010565127,0.03354055513503131,0.04996558157402764,0.05923140859328607,0.07903386848206836
2022-09-28,0.02163976728070051,0.03251041884877757,0.04843882426299567,0.05742449316337299,0.07662821319869921
2022-09-29,0.020437363407999704,0.030674558402926738,0.04571790918104044,0.05420429345675098,0.07234096748177506
2022-09-30,0.02094030807240483,0.03144246695411854,0.04685602072063071,0.05555124708650488,0.07413424793210946
2022-10-03,0.02026822534448342,0.030416314157588532,0.04533516731002463,0.05375131891560088,0.0717378952072736
2022-10-04,0.019152929650877618,0.028713452668362324,0.04281136899028414,0.05076440665850783,0.0677612391151943
2022-10-05,0.019184258433867306,0.028761286241434758,0.04288226277237458,0.050848309363815666,0.06787294383749137
2022-10-06,0.019068516197927626,0.02858456808732676,0.04262035011346063,0.05053833604895969,0.06746025770385058
2022-10-07,0.019123125312439593,0.02866794665553635,0.04274392486788493,0.05068458662126975,0.06765496989466428
2022-10-10,0.018213536336201264,0.02727916335121526,0.040685619484795967,0.048248584691360695,0.06441177388450843
2022-10-11,0.017219111451572323,0.02576085045027676,0.03843533925209769,0.04558538075926844,0.06086609017188696
2022-10-12,0.018098757323345187,0.027103915870314382,0.04042588649967962,0.04794119101780633,0.06400252218262004
2022-10-13,0.017121288541883755,0.025611491973750986,0.038213976167384305,0.04532339781640543,0.06051729650937376
2022-10-14,0.016586019325699627,0.024794229484678364,0.037002717524354176,0.04388987467825364,0.058608760861253995
2022-10-17,0.015829182347238395,0.023638671768789362,0.035290074047374116,0.04186296319590184,0.055910211590093156
2022-10-18,0.014995844171920599,0.022366310103280877,0.03340431630734107,0.03963117119273101,0.05293889254830094
2022-10-19,0.014892217702889614,0.02220809060652406,0.033169820370594925,0.039353645535380705,0.05256940593436052
2022-10-20,0.014204673267520796,0.021158330486554338,0.03161397872189216,0.03751230882703231,0.0501179235309406
2022-10-21,0.013732491968060992,0.020437392213957472,0.03054548148208238,0.03624774363682087,0.04843433176973505
2022-10-24,0.013039489307794359,0.019379298339064,0.02897728843732846,0.034391789066193695,0.04596338772630676
2022-10-25,0.012907708450258756,0.019178092014498112,0.028679082043518184,0.03403886216001087,0.045493514890840026
2022-10-26,0.013153401481512762,0.019553222308188258,0.02923505985550638,0.034696861227650345,0.046369548659390566
2022-10-27,0.012472313355977337,0.01851331984430098,0.027693828165402626,0.0328728153876228,0.04394108662983069
2022-10-28,0.012318537302162777,0.018278530701379258,0.027345848926839653,0.03246098237991063,0.04339278855540656
2022-10-31,0.01405159835406374,0.02092461186234813,0.031267586091137604,0.037102353567741275,0.049572125416025015
2022-11-01,0.014109820494983109,0.021013506890061682,0.031399336749072033,0.037258280311961024,0.049779720076982024
2022-11-02,0.013367537301457748,0.019880170258708255,0.02971962697584211,0.03527034582814089,0.04713306323027853
2022-11-03,0.015567307574090162,0.023238834784973666,0.03469747863411904,0.041161627241477906,0.0549764808154006
2022-11-04,0.01474816446519854,0.02198814650356657,0.03284384285510529,0.03896785154029917,0.0520557751649312
2022-11-07,0.014077964437801224,0.02096486826150369,0.03132724980024749,0.03717296549526735,0.049666135325791595
2022-11-08,0.013743361511337118,0.020453988105752365,0.03057007812960277,0.03627685373939421,0.04847308780164205
2022-11-09,0.013518116376229962,0.020110078173697074,0.030060371782871298,0.03567361689488799,0.04766996227728968
2022-11-10,0.013146952624914379,0.019543376031892306,0.029220466762804095,0.03467959032009786,0.04634655486050303
2022-11-11,0.012647538797248245,0.018780858450953543,0.028090345140040572,0.03334209274723897,0.04456586382794254
2022-11-14,0.01206820782907207,0.01789632137179216,0.026779379328517015,0.03179056629584158,0.04250022326541181
2022-11-15,0.011524952415180886,0.017066865355389826,0.025550048749524306,0.030335655043348873,0.04056321233316211
2022-11-16,0.010997541932651171,0.01626160177832853,0.024356573604544074,0.028923178653617414,0.03868269748817287
2022-11-17,0.010887112442748714,0.016092995258364457,0.024106683138129227,0.02862743358903478,0.038288954280623975
2022-11-18,0.010364269569510823,0.015294705621941032,0.02292354401858335,0.027227189872896143,0.036424725530363425
2022-11-21,0.009909482013848867,0.01460032455443035,0.021894407014469524,0.026009207473996817,0.034803152243392414
2022-11-22,0.009528536602057235,0.014018687527625265,0.021032367112670723,0.024988984293465143,0.033444867708415725
2022-11-23,0.009087534490114482,0.0133453544219743,0.02003442513593382,0.02380792117171395,0.031872447277554776
2022-11-24,0.008994724421176232,0.013203649676664635,0.019824405589203516,0.023559363292325875,0.031541527210199045
2022-11-25,0.009041838897183371,0.013275585242485968,0.019931020755086418,0.023685542212121814,0.031709516801760346
2022-11-28,0.008643910098797182,0.012668017554283807,0.019030549213322912,0.022619835232202172,0.03029067694665413
2022-11-29,0.008709535544847703,0.01276821613429574,0.019179052781860013,0.02279558902584569,0.030524668552044894
2022-11-30,0.008731988594509337,0.012802498014700806,0.019229861701264946,0.02285572132047209,0.030604726295685978
2022-12-01,0.008343213219711572,0.012208906003633117,0.01835010340640518,0.021814528443195702,0.02921852354111281
2022-12-02,0.007988110025459658,0.011666725523909571,0.017546541758919593,0.02086351420587289,0.02795238103842526
2022-12-05,0.0076611589959936196,0.011167528476765439,0.016806685536453567,0.01998789526196395,0.02678661682845668
2022-12-06,0.008743711912794473,0.012820397471632411,0.01925639035295744,0.022887117947644982,0.030646526515435098
2022-12-07,0.00837716065143027,0.012260737795384249,0.018426922918595854,0.021905444242905806,0.02933956521815736
2022-12-08,0.008015280715333101,0.011708210415930995,0.017608026208148553,0.02093628097712642,0.028049259821362096
2022-12-09,0.007764884139130636,0.011325898631626748,0.017041404762453354,0.020265685181875707,0.027156455271053058
2022-12-12,0.007446131869594387,0.010839219657155088,0.016320101482183186,0.019412023622602654,0.026019924249026667
2022-12-13,0.007171459487799759,0.010419842962890336,0.015698546409724155,0.01867641394655804,0.02504056280555318
2022-12-14,0.007429901602951786,0.01081443887822443,0.01628337407445053,0.019368556779998842,0.025962054224879346
2022-12-15,0.007667784128600045,0.01117764389569979,0.01682167752345398,0.02000563826043552,0.026810239150403425
2022-12-16,0.007386556247699862,0.010748258100679513,0.016185288037374856,0.019252472073824245,0.025807503667557078
2022-12-19,0.007197035212551063,0.010458892622086314,0.01575642161853519,0.018744909186144885,0.02513175464124726
2022-12-20,0.006993309813094614,0.010147839563152659,0.015295412198536144,0.018199305095493102,0.02440535907144053
2022-12-21,0.006952680962188023,0.010085806412700273,0.015203473328657138,0.018090495554256413,0.024260494379145767
2022-12-22,0.00710886470909528,0.01032427168193445,0.015556900926625278,0.018508776688730955,0.024817377232888804
2022-12-23,0.007077446974877282,0.010276302295891535,0.015485805857143674,0.018424635760039266,0.02470535534946038
2022-12-26,0.008765504755144,0.012853671330924209,0.019305705291784367,0.02294548211806534,0.030724230248884286
2022-12-27,0.008581501204766402,0.012572730086718477,0.018889324367934588,0.022452695798596465,0.030068154157343378
2022-12-28,0.008328767998406738,0.01218685067677731,0.018317415370876635,0.021775842192706975,0.029167018207027297
2022-12-29,0.008572678774590363,0.012559259778642962,0.018869360124746014,0.022429068140943666,0.03003669723438776
2022-12-30,0.008194896998493347,0.011982453070309644,0.018014479201948135,0.021417317603395738,0.02868969283904601
2023-01-02,0.008451511826364215,0.012374259037508297,0.018595171905339762,0.022104566715101026,0.029604668952036593
2023-01-03,0.008930268314975781,0.013105236474117998,0.01967854811529919,0.023386741148477927,0.03131170495869816
2023-01-04,0.00858740041729149,0.012581737152632319,0.018902673673185173,0.022468494685205107,0.03008918816613661
2023-01-05,0.008351871142621392,0.012222125137880967,0.01836969538673607,0.02183771552820694,0.029249393903189418
2023-01-06,0.008011946404640858,0.011703119506584272,0.01760048100935435,0.020927351243484736,0.028037371129418596
2023-01-09,0.007677651302775072,0.011192709345164423,0.01684400591380489,0.020032063883393837,0.026845421173000386
2023-01-10,0.00795348587210254,0.0116138604965568,0.017468190895945652,0.020770786054364037,0.027828926468332262
2023-01-11,0.007920204139466954,0.0115630451108929,0.01739287779164039,0.02068165308656325,0.027710258382730352
2023-01-12,0.007687267389794655,0.011207391428451011,0.016865766120001006,0.020057817061092574,0.026879707928743838
2023-01-13,0.0073795245865292914,0.010737521983718513,0.01616937611845594,0.019233640337040434,0.02578243184275608
2023-01-16,0.007089523561240783,0.010294741131401816,0.015513133917807002,0.01845697848676169,0.024748415168492476
2023-01-17,0.006882265449120487,0.009978294238005916,0.015044130335958087,0.01790191331523518,0.0240094234921852
2023-01-18,0.0068894012169899,0.009989189307690615,0.015060277837523936,0.017921023863796532,0.024034866515889368
2023-01-19,0.00729203765951586,0.010603944745255174,0.015971402289038646,0.01899933854951449,0.0254704917686754
2023-01-20,0.0070244712162625175,0.010195417576507413,0.015365927217473992,0.018282759535068232,0.024516466990583255
2023-01-23,0.006773404548217481,0.009812082679140417,0.014797789423534956,0.01761036914350604,0.023621273186174796
2023-01-24,0.006570585388073241,0.009502413289159878,0.014338830728977198,0.017067192083932217,0.022898108868943
2023-01-25,0.006490285382933889,0.009379809223600918,0.014157120157325443,0.016852137842289873,0.022611794211348464
2023-01-26,0.006296669019043823,0.009084190894181516,0.01371898643488616,0.016333607112015727,0.021921443035957115
2023-01-27,0.006153268142100194,0.008865242832005207,0.013394485144013642,0.015949560226982018,0.021410138299305857
2023-01-30,0.006023011631503195,0.00866636391864771,0.013099728189006375,0.015600715727448013,0.020945700617560774
2023-01-31,0.006022628761493765,0.008665779343096872,0.01309886179394001,0.015599690349935486,0.020944335470753337
2023-02-01,0.0058784897054615206,0.008445704210539709,0.012772690080457418,0.015213666521764316,0.02043039871069643
2023-02-02,0.005799710791015789,0.00832542258447248,0.012594421579064468,0.01500268596610765,0.020149507596479738
2023-02-03,0.005698056522941349,0.008170214293691951,0.012364388528249694,0.014730442128856103,0.019787052987588396
2023-02-06,0.005552686077595719,0.007948259044989778,0.012035430308643316,0.01434112047405968,0.019268725632424856
2023-02-07,0.00543908314632505,0.00777480723500511,0.01177835867400662,0.014036876505577188,0.018863667322502567
2023-02-08,0.005395311508939327,0.007707975599187042,0.011679308004735926,0.01391965015836719,0.0187075968297461
2023-02-09,0.00528452863175818,0.0075388295186462435,0.0114286178596123,0.013622958675000487,0.01831259359789807
2023-02-10,0.00516908978368478,0.007362574584755762,0.011167391735929805,0.013313797873760084,0.017900989212544856
2023-02-13,0.005309567746922758,0.007577059868841724,0.011485278776660984,0.013690016801756133,0.018401872118769584
2023-02-14,0.006510805393585092,0.009411139691473051,0.014203554810215683,0.016907093197789904,0.022684959584292584
2023-02-15,0.006413762861267482,0.009262972714725936,0.013983957638442585,0.016647200210754602,0.022338948405782624
2023-02-16,0.006200315159839625,0.008937075400848368,0.013500947658842955,0.01607555848444077,0.021577887364222264
2023-02-17,0.006026858516682976,0.008672237439601552,0.013108433290629763,0.015611018204684312,0.02095941692568732
2023-02-20,0.0059862685500154215,0.00861026365858238,0.013016582411745168,0.015502312800683024,0.02081469087756283
2023-02-21,0.006598501569673566,0.009545036416682005,0.014402002148557136,0.01714195538255454,0.02299764574895158
2023-02-22,0.006528150663124447,0.009437622884843344,0.014242805353699213,0.016953546168501355,0.022746805220546618
2023-02-23,0.00677445479756589,0.009813686226235366,0.014800166028731247,0.017613181852879665,0.02362501791548156
2023-02-24,0.006536094733338281,0.009449752090857858,0.014260781959520002,0.016974821459734835,0.02277513029648196
2023-02-27,0.006403738937970273,0.009247667936762894,0.013961274541108182,0.01662035479251059,0.022303207484451252
2023-02-28,0.00647724777765035,0.009359903080255836,0.014127617410657736,0.01681722137731309,0.022565307819646108
2023-03-01,0.006440860412560129,0.009304345936924436,0.014045276582659399,0.01671977110702655,0.02243556640856532
2023-03-02,0.006228759616209894,0.008980505111563297,0.013565314509360528,0.01615173657413107,0.021679307840746308
2023-03-03,0.006758064905402554,0.009788661727048713,0.014763077405023913,0.017569287511606968,0.023566578736622067
2023-03-06,0.006561928312081103,0.009489195448007227,0.014319240665133064,0.01704400726708073,0.02286724152660401
2023-03-07,0.006682241648959245,0.009672892873886917,0.014591497250715065,0.01736622260663005,0.023296226204656538
2023-03-08,0.006474003429127623,0.009354949527410027,0.014120275786909654,0.01680853257449212,0.022553739893407625
2023-03-09,0.006280519721791558,0.009059533741350555,0.013682442252474333,0.016290357116357373,0.0218638617132019
2023-03-10,0.006131047834481169,0.008831316307998945,0.01334420289567849,0.015890051246929323,0.021330910411878626
2023-03-13,0.008103259810185875,0.011842539108618228,0.017807113762269604,0.02117190085649142,0.028362954750453757
2023-03-14,0.007761374531717747,0.011320540074842234,0.017033462885386687,0.02025628597997863,0.027143941547760404
2023-03-15,0.007445692844301219,0.010838549342306013,0.016319108013542024,0.01941084785366814,0.026018358877065974
2023-03-16,0.0073444946134540775,0.010684037340623048,0.016090106927608486,0.01913982534560465,0.02565753029724347
2023-03-17,0.007096328190625464,0.010305130610527454,0.015528532087374026,0.01847520220180928,0.02477267749735474
2023-03-20,0.006829584532607528,0.009897859690951378,0.014924918893342416,0.017760826717170122,0.023821586411141453
2023-03-21,0.006684470412832649,0.009676295806571367,0.014596540711880608,0.01737219153681583,0.023304173000726666
2023-03-22,0.006473338592678873,0.009353934438414615,0.014118771331076214,0.01680675205283395,0.022551369377741406
2023-03-23,0.006551739682713231,0.009473639192676898,0.014296184855067163,0.017016720743770048,0.022830913335544028
2023-03-24,0.006408356396781455,0.0092547179888995,0.013971723370827461,0.016632720969838106,0.022319671320738515
2023-03-27,0.006342579138020756,0.00915428761742704,0.01382287626589453,0.016456560601285874,0.02208513841769705
2023-03-28,0.00613701289476106,0.008840423911919387,0.013357701207559233,0.015906026482704422,0.021352179204932924
2023-03-29,0.006013075791467252,0.00865119362842125,0.013077244414943862,0.015574106208055064,0.020910273762570313
2023-03-30,0.005986685674205153,0.008610900534276412,0.013017526320463907,0.015503429915509327,0.020816178159778445
2023-03-31,0.006758193273572008,0.009788857722795363,0.014763367888859038,0.017569631298874292,0.023567036441306137
2023-04-03,0.006574323299803791,0.00950812042671324,0.014347289235002985,0.017077202715577187,0.02291143662546548
2023-04-04,0.006410699783077414,0.009258295929978844,0.01397702621063053,0.0166389968743275,0.02232802681017808
2023-04-05,0.0062175011634598475,0.008963315423011424,0.01353983780009289,0.01612158491954492,0.021639165127945982
2023-04-06,0.006292403824674699,0.009077678688246455,0.013709334743012988,0.016322184346364375,0.021906235220425216
2023-04-07,0.006248067629925307,0.009009985072059808,0.013609006539063377,0.016203446038407964,0.021748151763311012
2023-04-10,0.006235945296416337,0.00899147638865833,0.013581574957361169,0.016170980794661307,0.02170492882998935
2023-04-11,0.0061040779062716335,0.008790137943930548,0.013283172749243795,0.015817822142483007,0.02123474745712835
2023-04-12,0.00591795577693062,0.008505962000129572,0.012861997701235944,0.015319361982874945,0.020571117440659984
2023-04-13,0.005745830498869959,0.008243156800564755,0.01247249607395906,0.014858387278370567,0.019957394067096325
2023-04-14,0.005588951393693387,0.008003629840852605,0.012117494952447544,0.014438243880686732,0.01939803187023944
2023-04-17,0.00545200114480391,0.007794530759675427,0.01180759076289773,0.014071472647402921,0.018909727248711324
2023-04-18,0.005401008264982371,0.007716673549456941,0.011692199171994828,0.013934906839217113,0.018727908967373405
2023-04-19,0.00583687937971343,0.008382172519637632,0.012678530234948318,0.015102228458557253,0.020282034508872445
2023-04-20,0.005756137516449823,0.008258893813991915,0.012495819784252873,0.014885990861276763,0.019994144378681966
2023-04-21,0.005987190246098949,0.008611670927322325,0.013018668114254606,0.01550478122707881,0.020817977242216276
2023-04-24,0.005921368431074727,0.00851117252622715,0.012869720183124947,0.015328501530844772,0.02058328547104881
2023-04-25,0.0060992696108490745,0.00878279651766051,0.01327229207609331,0.015804944878977278,0.021217603181046
2023-04-26,0.00591544876978571,0.00850213423862672,0.012856324604445402,0.015312647879688963,0.02056217855091725
2023-04-27,0.007369543372155697,0.010722282414813197,0.016146789666979914,0.01920690929905285,0.02574684320274549
2023-04-28,0.0075590222167809485,0.011011583475854916,0.016575560613046707,0.019714359194821056,0.026422441796122176
2023-05-01,0.0073095855530181,0.010630737309983363,0.01601111134950561,0.019046334174520937,0.025533059873258705
2023-05-02,0.007043470651169839,0.010224426391126015,0.015408920965383203,0.018333642583687425,0.024584210656234822
2023-05-03,0.006826344048717042,0.009892912038723181,0.014917586014855714,0.017752148264355415,0.023810032264489345
2023-05-04,0.0066126319282311325,0.009566611003183675,0.01443397768239034,0.017179798388149103,0.023048028420348383
2023-05-05,0.0064216040723800005,0.009274944872880005,0.01400170148480007,0.01666820003144495,0.022366906731201296
2023-05-08,0.006264841503817474,0.009035595844198413,0.013646964073542617,0.01624836873452765,0.021807960052882543
2023-05-09,0.008054605678678474,0.011768252758091902,0.017697014515898613,0.02104159853165429,0.028189475421543052
2023-05-10,0.007729968447011035,0.011272588475565871,0.016962394177539204,0.02017217625024902,0.027031961201388288
2023-05-11,0.007539602715286371,0.010981933293015805,0.016531616298078755,0.019662351151238232,0.026353200356953804
2023-05-12,0.007320183833421084,0.010646919030807476,0.016035094157317513,0.019074717798542147,0.025570848700537177
2023-05-15,0.007181013945595472,0.010434430949129353,0.015720167155387477,0.018702002072884992,0.025074629818469724
2023-05-16,0.007329330322090311,0.010660884119533063,0.016055791711219375,0.019099213328536667,0.025603461074184944
2023-05-17,0.009580413588358492,0.014097894613832082,0.021149759344713706,0.025127917858019048,0.03362983832633916
2023-05-18,0.009522280670985858,0.01400913581487162,0.02101821059039876,0.024972230066488608,0.03342256179748175
2023-05-19,0.010475523055592316,0.015464570239975953,0.023175299102770903,0.027525141710356204,0.03682140674748593
2023-05-22,0.010191821719864566,0.015031407911974017,0.02253331244531063,0.02676535127818908,0.035809852007769025
2023-05-23,0.009735709447974712,0.014335004234440202,0.021501177745958423,0.025543821110602966,0.03418355536277901
2023-05-24,0.009331031019245643,0.013717131041031397,0.020585432491747276,0.024460037710485907,0.032740649281311325
2023-05-25,0.008997890942471831,0.013208484400944489,0.01983157109801976,0.023567843663338153,0.031552817638623575
2023-05-26,0.008593633439113173,0.012591253886967888,0.01891677835420444,0.022485187558121813,0.030111412392717387
2023-05-29,0.00824057487352512,0.012052195197664067,0.018117843489029523,0.02153964911206432,0.028852560140569493
2023-05-30,0.00791418420209359,0.011553853719247234,0.017379255298596668,0.02066553088253205,0.027688793921989606
2023-05-31,0.007627499784717801,0.011116136747228663,0.016730518237190486,0.019897751355464333,0.026666602819309188
2023-06-01,0.007346126135647622,0.010686528389703694,0.016093798892882177,0.019144194782038014,0.02566334759099572
2023-06-02,0.007058580593267257,0.010247496630390499,0.015443113195027298,0.01837410904609152,0.02463808609360731
2023-06-05,0.007195031899034195,0.010455833912671152,0.015751888328111162,0.01873954404241427,0.025124611702431243
2023-06-06,0.006971479401290584,0.010114508341873715,0.01524601224393565,0.018140840309007616,0.024327521381767015
2023-06-07,0.006738702870680041,0.009759099285921165,0.014719263131392633,0.01751743337178871,0.023497542198800063
2023-06-08,0.006508743185324978,0.009407991060084043,0.014198888247104507,0.01690157032599534,0.02267760665261022
2023-06-09,0.006329118841772067,0.009133736098895336,0.01379241701347348,0.016420512112907577,0.022037144895095444
2023-06-12,0.00615407588672041,0.008866476116787692,0.013396312986196632,0.01595172347599352,0.021413018362936728
2023-06-13,0.006987187826793608,0.010138492360640069,0.015281558779367994,0.018182909590673108,0.024383530748907686
2023-06-14,0.006732455117262096,0.00974956005901426,0.01470512511430105,0.017500701045670763,0.023475265445797498
2023-06-15,0.006492653310011275,0.009383424634161985,0.014162478530368068,0.01685847947030108,0.022620237202469
2023-06-16,0.006400803215450174,0.009243185601852798,0.013954631305950073,0.01661249253174066,0.02229273998340096
2023-06-19,0.006188752329462129,0.008919420980886755,0.013474782174617134,0.016044591665525177,0.02153665937407941
2023-06-20,0.00641074165543314,0.009258359861743698,0.013977120963422664,0.01663910901414232,0.022328176108664072
2023-06-21,0.006231632867541825,0.008984892063893572,0.013571816378708086,0.01615943152863529,0.021689552596893674
2023-06-22,0.006033795914236694,0.008682829632503764,0.013124131900773984,0.01562959749079142,0.020984152647705555
2023-06-23,0.005875266939754802,0.008440783610879698,0.012765397296380366,0.015205035520634909,0.020418907739329428
2023-06-26,0.005717327526822,0.008199637746642795,0.012407996808540333,0.014782052475805,0.019855764949287733
2023-06-27,0.005568291725322315,0.00797208614006457,0.01207074426864213,0.014382914502981053,0.01932436853901779
2023-06-28,0.005995709792173956,0.008624678784341762,0.01303794696218016,0.015527597720267298,0.020848354213090604
2023-06-29,0.0058762141026265785,0.008442229762951853,0.012767540627586622,0.015207572150523638,0.020422284907398697
2023-06-30,0.0058212576376164785,0.008358320851273776,0.012643179855060957,0.015060391326741859,0.02022633421680202
2023-07-03,0.005826030580055412,0.008365608299720096,0.012653980528081268,0.015073173910190342,0.020243352439624673
2023-07-04,0.005665744568255009,0.008120879589368742,0.012291269930722198,0.014643906357170989,0.019671842705519613
2023-07-05,0.005831440919246373,0.008373868941543388,0.012666223563751234,0.01508766352808913,0.020262643340169972
2023-07-06,0.005672084148843752,0.00813055902030738,0.012305615743164099,0.014660884608834569,0.019694446874005147
2023-07-07,0.0057328926737953345,0.008223403004149837,0.012443219119540931,0.014823738038247904,0.019911263447928484
2023-07-10,0.005703421655029362,0.008178405912174537,0.01237652926494091,0.014744810676037341,0.019806182699399287
2023-07-11,0.0061582380068507135,0.008872830946384955,0.013405731431772674,0.01596287019493449,0.021427858660865818
2023-07-12,0.0059851211418432155,0.00860851176695393,0.013013985946221565,0.0154992398868781,0.020810599722433064
2023-07-13,0.005812863927032626,0.008345505123044123,0.012624185759782577,0.015037911837966694,0.02019640592018992
2023-07-14,0.0060361719603923255,0.008686457439477508,0.013129508646447428,0.015635960862788966,0.020992624587904036
2023-07-17,0.006015980414366524,0.008655628479648826,0.013083817274890056,0.01558188517984686,0.02092063037599024
2023-07-18,0.006196799319673794,0.008931707327740047,0.013492991677703719,0.01606614259039087,0.021565351417661735
2023-07-19,0.006168267175313751,0.008888143732798982,0.013428426398372585,0.015989729660439864,0.021463618284161847
2023-07-20,0.007968782983897072,0.01163721651121788,0.017502806671174827,0.02081175378245549,0.027883469270889204
2023-07-21,0.00821126573009948,0.012007445261025852,0.01805151994151226,0.021461155273842895,0.028748056568624027
2023-07-24,0.007999512878773039,0.01168413568686992,0.01757234523166458,0.020894052584639024,0.02799303862040618
2023-07-25,0.007676732733302884,0.011191306850213231,0.016841927286492187,0.02002960383048482,0.026842145956473936
2023-07-26,0.008159411433683024,0.011928272818305285,0.017934179054322003,0.021322282475860058,0.02856316685289464
2023-07-27,0.00782682702599637,0.011420474587743042,0.017181575082026796,0.0204315765854557,0.027377316482862474
2023-07-28,0.007791157354736447,0.011366013237385359,0.017100858320626564,0.020336048396022557,0.027250134053725995
2023-07-31,0.007483806453636485,0.010896742158726387,0.01640535515297874,0.019512921238814557,0.02615425531925899
2023-08-01,0.00852402423824096,0.012484972809993698,0.018759259962259616,0.02229876473188507,0.02986321646198774
2023-08-02,0.008867098833227834,0.013008787722114674,0.019535602138901747,0.023217564758405855,0.031086470246624344
2023-08-03,0.008732273961844823,0.012802933720719101,0.019230507457906828,0.022856485572676256,0.030605743790651344
2023-08-04,0.00853561995152237,0.01250267743639926,0.01878549985708177,0.022329819615651367,0.029904561698167617
2023-08-07,0.009274623270110353,0.01363100627228431,0.020457787613977037,0.024308970152121624,0.032539523946993824
2023-08-08,0.009040827734110274,0.013274041373298295,0.01992873259807165,0.02368283418106398,0.03170591143699675
2023-08-09,0.008735809137086843,0.012808331315107578,0.019238507192315332,0.022865953248667383,0.030618348677627368
2023-08-10,0.008579610714297282,0.012569843638367544,0.01888504638434978,0.0224476328102011,0.030061413496114124
2023-08-11,0.008746645471053034,0.012824876502093609,0.019263028690616472,0.02289497441223068,0.030656986299676406
2023-08-14,0.008497213898668256,0.012444038109866027,0.018698590948335158,0.02222696302732757,0.02976762253043779
2023-08-15,0.00860440778508231,0.012607704429122433,0.01894115958010633,0.02251404270947036,0.030149828992711437
2023-08-16,0.00829822489928489,0.012140216705576305,0.0182482995097778,0.021694043654741042,0.02905811488937779
2023-08-17,0.007995569713691463,0.011678115163342773,0.017563422258623083,0.02088349225684306,0.027978979020307635
2023-08-18,0.008042986140850023,0.011750511755769275,0.01767072070860093,0.021010479842538447,0.02814804523746042
2023-08-21,0.007851992535380993,0.011458897919809617,0.017238522016068108,0.02049897321297598,0.027467045670178797
2023-08-22,0.007605702798116363,0.011082856560388914,0.016681193920351906,0.019839376086178532,0.026588884309272316
2023-08-23,0.007779330264743024,0.011347955339202052,0.017074094844335967,0.020304373854222,0.027207963829503343
2023-08-24,0.00790724360065803,0.011543256634577722,0.017363549438400596,0.020646943015997347,0.027664046776331597
2023-08-25,0.007760882885232536,0.011319789416634925,0.01703235034045318,0.020254969284396237,0.027142188551669975
2023-08-28,0.007443945704392357,0.010835881765192474,0.01631515441738666,0.01940616877740294,0.026012129341166104
2023-08-29,0.008105746824542103,0.01184633634462896,0.017812741617455816,0.02117856141629343,0.028371822354666242
2023-08-30,0.007768612261542924,0.011331590822603009,0.017049841116268633,0.020275669596406354,0.027169748123153033
2023-08-31,0.00775681557135713,0.011313579339609855,0.01702314643158537,0.020244076469389825,0.02712768629133331
2023-09-01,0.00854548534063699,0.01251774016038881,0.018807824208026375,0.022356240457977208,0.029939737356020776
2023-09-04,0.008362229510323107,0.01223794055396445,0.01839313529702239,0.021865456633663648,0.029286327306825045
2023-09-05,0.010218886266778431,0.015072730742257685,0.022594556704046097,0.026837833784284244,0.03590635233138852
2023-09-06,0.01051167004638548,0.01551976037379068,0.023257095988700335,0.02762194822586248,0.03695029108907541
2023-09-07,0.010021219014030648,0.014770927413942928,0.02214725624084813,0.026308454227415852,0.035201557460081606
2023-09-08,0.00962426537686873,0.014164848626401032,0.021248991387654664,0.0252453588607483,0.03378619460291011
2023-09-11,0.013731864598099332,0.020436434329735974,0.030544061809017944,0.036246063455467215,0.04843209484315645
2023-09-12,0.013059214241033061,0.019409414862764676,0.029021923912611148,0.034444615097172566,0.04603371820133616
2023-09-13,0.01325870887770854,0.019714008286777232,0.02947335955584494,0.03497888863460893,0.04674502872357789
2023-09-14,0.012609615518172803,0.018722956235556327,0.028004528698214088,0.033240529092193036,0.0444306460201167
2023-09-15,0.012003856012937152,0.017798067401938088,0.0266337578521994,0.03161822345485189,0.04227077286661941
2023-09-18,0.011484819970205099,0.01700559012998587,0.025459233194709864,0.03022817494413165,0.04042011760705676
2023-09-19,0.011021384167225645,0.01629800470116481,0.024410526105125667,0.028987031372762005,0.03876770845693474
2023-09-20,0.01092050581253016,0.016143981094427783,0.02418224886570091,0.02871686553616565,0.03840802041540579
2023-09-21,0.01039110839219087,0.015335683810792696,0.022984277486821466,0.02729906785905585,0.03652042102020235
2023-09-22,0.009982358570840044,0.014711594312826402,0.022059319093963137,0.02620438072049966,0.03506299813537445
2023-09-25,0.010016393519432397,0.014763559727539278,0.022136336647749364,0.026295530902198435,0.03518435185926969
2023-09-26,0.00954592324311036,0.01404523388806233,0.02107171127559306,0.025035548062669125,0.03350686085737264
2023-09-27,0.009111486523171569,0.01338192498789276,0.02008862609907787,0.023872067946000518,0.0319578497396285
2023-09-28,0.008949413955115724,0.01313446851855949,0.019721872710464914,0.023438015754424807,0.03137996992819078
2023-09-29,0.010330250395991905,0.01524276429300666,0.022846562162149902,0.02713608193897118,0.036303428053472676
2023-10-02,0.009884691349360446,0.01456247354497009,0.021838308315496834,0.025942814731653708,0.034714759588843694
2023-10-03,0.010594811447430106,0.015646702754014058,0.023445236344177636,0.027844612108880982,0.0372467369203143
2023-10-04,0.011401116374079397,0.01687778937618633,0.02526982065015381,0.030004005426878057,0.040121667234325496
2023-10-05,0.011482056053525858,0.01700137011255059,0.025452978738325818,0.030220772802570326,0.04041026269040684
2023-10-06,0.010932181159346093,0.016161807307314816,0.024208668962940928,0.02874813368927541,0.03844964958990086
2023-10-09,0.010514038414833619,0.015523376458247706,0.023262455360519137,0.027628291035924075,0.03695873565393079
2023-10-10,0.010343641840093436,0.015263210686350025,0.022876865609312937,0.027171946032015174,0.03635117607946561
2023-10-11,0.009872714115516004,0.014544186403382356,0.021811205079265362,0.025910738084374302,0.03467205401739136
2023-10-12,0.00962632241159995,0.014167989358716125,0.02125364624360727,0.02525086787713487,0.03379352908805375
2023-10-13,0.01059974240587998,0.015654231465276378,0.023456394591019124,0.02785781788051409,0.03726431855904194
2023-10-16,0.010806521893699994,0.01596994758306413,0.023924315095786537,0.02841160123162539,0.03800160367066826
2023-10-17,0.010276140232893144,0.015160147536351993,0.022724116482952465,0.026991167625825704,0.036110494904924045
2023-10-18,0.009875441535112321,0.014548350696154361,0.021817376946541348,0.02591804248182619,0.03468177880142445
2023-10-19,0.010272563528659536,0.01515468653445565,0.022716022772749207,0.02698158872959522,0.0360977419437482
2023-10-20,0.009925486255073874,0.014624760232074041,0.02193062295015722,0.026052068990054408,0.034860216359869696
2023-10-23,0.009464106834713982,0.013920314539907615,0.02088656924086468,0.02481643268862838,0.03321513936974668
2023-10-24,0.009032390637931174,0.01326115940285166,0.019909640325697264,0.023660238499814506,0.03167582844634913
2023-10-25,0.008637822528612654,0.012658722899162634,0.019016773674251884,0.022603531898382875,0.030268971336922957
2023-10-26,0.008256411579090843,0.012076375077653467,0.018153680308920558,0.021582061945035366,0.028909026898244122
2023-10-27,0.008078677990600162,0.011805006968803104,0.01775148765762106,0.021106067428959,0.028275306745381777
2023-10-30,0.007819838878886997,0.011409804909144065,0.017165761630908993,0.020412861385195335,0.027352399810150335
2023-10-31,0.007726399091949034,0.011267138694569405,0.016954317097748,0.02016261703609108,0.027019234444140432
2023-11-01,0.007604995642441587,0.011081776857335843,0.016679593700505254,0.01983748222792662,0.026586362901776288
2023-11-02,0.007323223240177582,0.010651559673414999,0.01604197201913392,0.01908285773967823,0.025581685894174554
2023-11-03,0.0071518120785864555,0.010389844804819599,0.01565408636325928,0.018623795535372745,0.024970508747253126
2023-11-06,0.007780826378571674,0.01135023964338875,0.01707748039454345,0.020308380648795334,0.027213298316317247
2023-11-07,0.007476609146062593,0.010885753128674569,0.016389068393453186,0.019493645878626422,0.026128592871914862
2023-11-08,0.007508553160024386,0.01093452605185423,0.016461354379335453,0.019579196255437036,0.02624249123846906
2023-11-09,0.007209195780676126,0.01047745968306037,0.015783939721202567,0.018777476827349107,0.02517511390246823
2023-11-10,0.006955152581062446,0.010089580142502538,0.015209066345467002,0.018097114882882175,0.024269307089811308
2023-11-13,0.006697912908861577,0.00969682014728027,0.014626959684253073,0.017408192353805373,0.023352103055538732
2023-11-14,0.006466478189147607,0.009343459801920525,0.014103246950408183,0.01678837896710106,0.02252690818269408
2023-11-15,0.006254145354181528,0.009019264694170241,0.013622759797821245,0.016219723003503606,0.02176982226677305
2023-11-16,0.006212919009769858,0.008956319275620975,0.013529468862196067,0.0161093132940926,0.02162282717426194
2023-11-17,0.006221558254652975,0.008969509891788328,0.01354901857609243,0.016132450356829735,0.021653630938673816
2023-11-20,0.006200948598040176,0.008938042550209479,0.013502381063701753,0.01607725491735644,0.021580145927483665
2023-11-21,0.006108893332302132,0.00879749025739196,0.013294069558219462,0.01583071850271831,0.021251917157836357
2023-11-22,0.006140703196267327,0.008846058356986004,0.01336605197659228,0.015915909607748868,0.02136533720424256
2023-11-23,0.0059529377931766,0.00855937342153314,0.01294115837075965,0.015413048539455406,0.020695847993118268
2023-11-24,0.0061410824973092935,0.008846637483347644,0.013366910295455947,0.015916925427085275,0.021366689625674756
2023-11-27,0.006240036479420812,0.00899772290966943,0.013590832879589003,0.016181937534413944,0.021719516197188767
2023-11-28,0.0062205399508008475,0.0089679551198798,0.013546714260236358,0.016129723201802774,0.02165000011301891
2023-11-29,0.006064155577978882,0.008729183529957888,0.013192832666660291,0.01571090476407568,0.021092401915111515
2023-11-30,0.006167644280812827,0.008887192681823392,0.013427016852810971,0.015988061464973537,0.021461397315116575
2023-12-01,0.006475611792456428,0.009357405216954072,0.014123915346077723,0.01681283998836291,0.022559474612788715
2023-12-04,0.006280678946990339,0.009059776850384935,0.013682802562562005,0.016290783542910085,0.02186442944054127
2023-12-05,0.006322186047620703,0.009123150934583511,0.013776728820350675,0.01640194515533271,0.022012425586794324
2023-12-06,0.006118973214412361,0.00881288047467681,0.013316879284535836,0.015857713786209232,0.021287857603792433
2023-12-07,0.006314963583339645,0.009112123494639076,0.013760385133809585,0.01638260242209058,0.02198667344164774
2023-12-08,0.006113560470305046,0.0088046161609668,0.013304630806789938,0.015843217727620162,0.02126855812836845
2023-12-11,0.0059297095122909345,0.008523907898615853,0.012888595183610446,0.01535084007107669,0.020613026114380557
2023-12-12,0.006098630026449604,0.008781819984128449,0.013270844763024703,0.01580323198571213,0.02121532270313047
2023-12-13,0.00591859638533384,0.00850694009713629,0.012863447331518684,0.015321077618560212,0.02057340156972451
2023-12-14,0.005801185712668628,0.00832767453191265,0.01259775917357911,0.015006636005176547,0.020154766521274056
2023-12-15,0.0056479672276386035,0.008093736699021286,0.01225104165526631,0.014596296241853508,0.019608456492994537
2023-12-18,0.0057078379676129155,0.00818514884919656,0.012386522921638162,0.014756638156644145,0.019821929336314145
2023-12-19,0.005553918763008417,0.007950141140051787,0.012038219747705234,0.014344421771813661,0.019273120848854117
2023-12-20,0.0054379597458240015,0.0077730919988922295,0.011775816535349405,0.014033867887552887,0.018859661768215977
2023-12-21,0.005452495084059257,0.007795284918541788,0.011808708496131928,0.0140727954833329,0.01891148841981613
2023-12-22,0.005640329144265371,0.008082074681403584,0.012233757465885932,0.014575840424639289,0.0195812224321512
2023-12-25,0.00592165108546514,0.008511604090052739,0.012870359800653899,0.015329258517416212,0.02058429329283996
2023-12-26,0.005799431473785723,0.008324996115907164,0.012593789513182786,0.01500193791690161,0.020148511673541154
2023-12-27,0.005709582361450339,0.008187812233539225,0.012390470303719071,0.01476130987855975,0.019828149080925683
2023-12-28,0.00555920420411956,0.00795821108434848,0.012050180151992516,0.014358576895813085,0.01929196641753555
2023-12-29,0.005419756718728318,0.0077452991597319115,0.011734624975602816,0.013985117726443137,0.01879475774409991
2024-01-01,0.005332986164124621,0.007612815696664168,0.011538272222546133,0.01375273448082814,0.01848537194035641
2024-01-02,0.005352316853019232,0.007642330278194043,0.01158201556382446,0.013804504672292515,0.018554296712681422
2024-01-03,0.005240995385176973,0.007472361863898598,0.011330106643972895,0.01350637077051027,0.01815737310236701
2024-01-04,0.005293174290650695,0.00755202992788431,0.011448182087745767,0.01364611291531967,0.018343420231858972
2024-01-05,0.0051918908204162005,0.00739738778056291,0.011218988113931634,0.013374862124682925,0.017982287725704697
2024-01-08,0.005285776775434678,0.007540735215773844,0.0114314422791197,0.013626301372069362,0.018317043931727377
2024-01-09,0.00525335932047777,0.007491239430986609,0.011358084945437191,0.01353948305643371,0.01820145748188885
2024-01-10,0.005151175727663382,0.00733522295389269,0.011126854087711715,0.013265821616152942,0.017837115532748755
2024-01-11,0.0050526668571887106,0.00718481713520244,0.010903938744983438,0.01300200157780786,0.01748587603443199
2024-01-12,0.005014829781025156,0.007127046536577131,0.0108183173713935,0.012900668785783803,0.017350965588444515
2024-01-15,0.005547212699632363,0.007939902153984806,0.012023044622778641,0.01432646202982809,0.0192492099632198
2024-01-16,0.005570990004331321,0.007976205940255648,0.01207685019379558,0.014390140858010724,0.019333989420476237
2024-01-17,0.0054612846865235995,0.007808705104442217,0.011828598453618427,0.014096335223947196,0.018942828293526014
2024-01-18,0.005359901171282047,0.007653910205890193,0.011599178088344021,0.013824816499291199,0.018581339070682986
2024-01-19,0.006499253011028071,0.009393501223506268,0.014177412968322482,0.016876154359546355,0.022643768846502783
2024-01-22,0.006841335104694735,0.009915800759672796,0.01495150921755841,0.017792296333699942,0.023863483806015214
2024-01-23,0.006809904802857738,0.009867812185073408,0.01488038570886029,0.017708121747229924,0.02375141711196039
2024-01-24,0.006926661366273224,0.010046079039858647,0.015144593685503683,0.018020811567840887,0.024167719893239254
2024-01-25,0.006689607067678249,0.009684138580259249,0.014608164428301942,0.01738594819113337,0.023322488062733786
2024-01-26,0.0065241460788166145,0.00943150858489826,0.014233743395327715,0.01694282135173554,0.022732526626380704
2024-01-29,0.006687820281597404,0.00968141047037413,0.01460412111697704,0.017381162937073594,0.023316117165944377
2024-01-30,0.006460341311264078,0.009334089862565554,0.014089359833135428,0.016771943580615047,0.022505026763298495
2024-01-31,0.006339003698217198,0.009148828546094272,0.01381478541696515,0.01644698509136956,0.022072389964925106
2024-02-01,0.006362042466261955,0.009184004716044136,0.01386691975623823,0.016508686018805875,0.022154536123853583
2024-02-02,0.007506150657146544,0.010930857850092235,0.016455917764847446,0.01957276202876991,0.026233924965183706
2024-02-05,0.007386001419894306,0.010747410975644734,0.016184032519675436,0.019250986170146415,0.025805525394543317
2024-02-06,0.007399788994803987,0.010768462191459629,0.016215232369715067,0.019287911154910027,0.025854685849545454
2024-02-07,0.00730917050082489,0.010630103597865682,0.0160101721294998,0.019045222608780714,0.02553157997887543
2024-02-08,0.007103926694353045,0.010316732196947648,0.015545726712127044,0.018495552019395414,0.02479977043451231
2024-02-09,0.00765611313362286,0.011159824327309501,0.016795267273973066,0.019974381762136742,0.026768625492659803
2024-02-12,0.007395892645897771,0.010762513148045383,0.016206415336816073,0.019277476207144508,0.025840793175428985
2024-02-13,0.0071138641497375706,0.010331904953528911,0.015568214141555625,0.018522165864909682,0.02483520304912851
2024-02-14,0.00802167160443499,0.011717968185996738,0.017622488126426788,0.020953396639906786,0.02807204693353919
2024-02-15,0.007693858595404943,0.01121745504679517,0.016880681333732828,0.02007546919849368,0.026903209281877873
2024-02-16,0.00740377256694342,0.010774544409498023,0.016224246779731808,0.01929857969825553,0.02586888952351939
2024-02-19,0.007318080335856024,0.010643707357870194,0.016030334160797563,0.019069084348421375,0.025563348549272606
2024-02-20,0.007901587129932284,0.011534620192942529,0.017350749432630694,0.020631794224659335,0.02764387827850616
2024-02-21,0.008284454792332169,0.012119192160277018,0.01821713918791054,0.021657165451521597,0.02900901671746153
2024-02-22,0.008069158789683626,0.01179047281365312,0.017729946694613523,0.02108057372530862,0.028241365443058546
2024-02-23,0.007727903821919727,0.01126943615409827,0.016957722145390052,0.020166646905854627,0.027024599652344137
2024-02-26,0.007512492582482664,0.01094054086105008,0.016470268883209134,0.019589746559983138,0.026256537494011693
2024-02-27,0.007245925738562165,0.010533539905680813,0.015867055801116067,0.01887584460733903,0.025306076849448782
2024-02-28,0.00700117518427504,0.010159848609505483,0.015313210716618033,0.018220369620103115,0.024433403541082463
2024-02-29,0.007310104310537914,0.010631529361999528,0.016012285243894666,0.01904772347710973,0.025534909535427502
2024-03-01,0.009382490610341146,0.013795700837750106,0.02070188020179041,0.024597853434396053,0.032924131650694674
2024-03-04,0.009500424505350798,0.013975765271996333,0.020968752357553445,0.024913696307770905,0.03334463228092354
2024-03-05,0.009346968839006363,0.013741465304714432,0.020621498122559843,0.024502721340905677,0.032797476567930736
2024-03-06,0.008915445811046478,0.013082605102671101,0.01964500632837614,0.02334704448424702,0.03125885439997344
2024-03-07,0.008514606421746564,0.01247059345112694,0.018737948421669575,0.02227354254938814,0.029829636652120958
2024-03-08,0.008243750476396498,0.012057043787922012,0.018125029548508545,0.021548153804761116,0.028863882949916726
2024-03-11,0.00789038008552928,0.011517508995946672,0.01732538905511313,0.020601780248558618,0.027603918865361364
2024-03-12,0.0077549577882661015,0.011310742829705633,0.01701894246140019,0.02023910107576334,0.027121062250292843
2024-03-13,0.0075345553321292955,0.010974226821585106,0.01652019459421677,0.019648833578540203,0.02633520359869882
2024-03-14,0.007274575212772994,0.010577282642786227,0.015931886585713623,0.018952571762451527,0.025408228329821692
2024-03-15,0.007239049133797605,0.01052304053273664,0.015851494758739756,0.018857428132518755,0.02528155788789752
2024-03-18,0.00696122911302761,0.010098857944193029,0.01522281690619404,0.018113388654861593,0.024290973342085503
2024-03-19,0.0067720529738830165,0.009810019061485313,0.014794730951190913,0.01760674944518825,0.023616454063908065
2024-03-20,0.006543214463273125,0.00946062267342107,0.014276893168905624,0.016993889056544812,0.022800516135933938
2024-03-21,0.008058731666629619,0.011774552420170128,0.017706351198105912,0.02105264848374731,0.028204186887942354
2024-03-22,0.007742797533935191,0.011292176247840374,0.016991425068816395,0.02020653427494217,0.02707770410792442
2024-03-25,0.00749008546893875,0.010906329117063795,0.01641956391246767,0.019529737288474153,0.026176643538452487
2024-03-26,0.007299800869364789,0.010615797809120042,0.01598896962663786,0.019020129472303034,0.025498171975742303
2024-03-27,0.01244210416832182,0.018467195697517026,0.027625467911271972,0.03279191110958927,0.04383337389426127
2024-03-28,0.011808449986659718,0.017499716571016493,0.026191574309652285,0.03109489976738125,0.041574040538789034
2024-03-29,0.011225591683452177,0.01660979386809726,0.024872626505302642,0.02953392663713406,0.0394958230440405
2024-04-01,0.010693737650282925,0.01579774576626565,0.023669096066733418,0.028109549819609017,0.03759946444315541
2024-04-02,0.010644521925154478,0.01572260196048745,0.02355772599232525,0.02797774347132786,0.03742398271729544
2024-04-03,0.010233962157542418,0.015095748991090667,0.022628671879059217,0.026878209052625827,0.03596010635661595
2024-04-04,0.009783416011228226,0.014407843813946782,0.021609132743785547,0.02567158571988341,0.03435365607820535
2024-04-05,0.011255862802679779,0.01665601257356164,0.024941126904148698,0.029614996776268665,0.03960375660047818
2024-04-08,0.010750605635082613,0.01588457323438956,0.023797782410012,0.028261849951142035,0.03780223077633008
2024-04-09,0.012333622587107422,0.01830156329348332,0.027379985359907922,0.03250138280713476,0.04344657607616882
2024-04-10,0.011837880343945414,0.017544651580022,0.026258172151545554,0.031173718232664724,0.041678976306283894
2024-04-11,0.011347678742862445,0.016796199458107633,0.02514889684075558,0.02986089224479816,0.0399311320399878
2024-04-12,0.013548797470249075,0.02015692283897464,0.030129799912090457,0.035755785001796415,0.0477793576243194
2024-04-15,0.01296308481091434,0.019262642033398503,0.028804392996279116,0.03418716752095117,0.04569096274545
2024-04-16,0.01239386288698105,0.01839353969699887,0.02751630290194934,0.032662714453168255,0.04366136660827125
2024-04-17,0.011793808040320045,0.01747736087943435,0.026158441105801813,0.031055686660722268,0.04152183376936871
2024-04-18,0.011700667677722857,0.017335151833466872,0.02594767413882571,0.03080624421037783,0.04118973601944993
2024-04-19,0.012327041510582901,0.01829151514048183,0.02736509306724518,0.03248375779679117,0.043423110838919435
2024-04-22,0.011807895041327942,0.017498869266539728,0.026190318526003238,0.031093413548952363,0.04157206184672824
2024-04-23,0.01136734320250363,0.01682622364920009,0.02519339547056789,0.029913556319328453,0.040001246892647856
2024-04-24,0.011307744068479892,0.01673522619381484,0.025058528820253122,0.029753941801897565,0.039788742477220675
2024-04-25,0.010833552212667281,0.01601121815325891,0.023985481900233828,0.028483992070664228,0.03809798195241755
2024-04-26,0.010370728355100112,0.01530456705806979,0.022938159579560826,0.027244487371625124,0.036447754731684955
2024-04-29,0.00986865756185715,0.01453799275532629,0.021802025519650055,0.025899874086678758,0.03465759012327538
2024-04-30,0.00991097065805309,0.014602597453806779,0.02189777566169272,0.026013194263908704,0.03480846009679631
2024-05-01,0.00971015482349115,0.014295986791663207,0.02144335028486181,0.025475382380378355,0.03409243876140059
2024-05-02,0.010049555283371786,0.014814191941983346,0.022211378275355114,0.02638434257765389,0.03530259218903132
2024-05-03,0.009684299696013612,0.014256510533364214,0.021384842816700143,0.0254061388626152,0.034000250697926025
2024-05-06,0.009349454190641836,0.013745260002041335,0.020627122215181676,0.024509377447717296,0.032806338243609054
2024-05-07,0.00982345503361841,0.014468976399399591,0.021699736892991664,0.02577881562081902,0.034496417700277116
2024-05-08,0.009358417433258371,0.013758945306089218,0.020647405102298278,0.024533382220073292,0.03283829724207034
2024-05-09,0.009195915564177754,0.013510833369164203,0.02027968025005357,0.024098180302465078,0.032258886731155095
2024-05-10,0.008809824952886545,0.012921340522478841,0.019405997296168934,0.02306417758388033,0.030882256667676633
2024-05-13,0.008750872333764766,0.012831330182290997,0.0192725936419301,0.022906294520534783,0.030672057441302216
2024-05-14,0.008706271880194908,0.012763233089097183,0.019171667447715767,0.022786848491823764,0.030513031752944487
2024-05-15,0.009335350687637259,0.013723726419272775,0.020595207452675665,0.02447160636491492,0.03275605132735505
2024-05-16,0.008904573023546015,0.013066004257512972,0.01962040233951302,0.02331792569320345,0.031220086800582997
2024-05-17,0.009115213845426209,0.013387615957168218,0.0200970606422195,0.02388205021760109,0.03197113973871667
2024-05-20,0.008910596678423045,0.013075201325136645,0.019634033244881437,0.02333405785321075,0.03124156451631404
2024-05-21,0.008518519246028188,0.012476567649558339,0.01874680273663198,0.02228402162043059,0.02984358807021211
2024-05-22,0.008197765980150528,0.011986833503593228,0.018020971409465184,0.021425001123135248,0.028699922371402765
2024-05-23,0.007858434092588962,0.011468733051212873,0.017253098591007997,0.02051622457177666,0.027490013442636275
2024-05-24,0.007638530544396648,0.011132978788278142,0.01675547970068626,0.01992729321730303,0.026705933678316925
2024-05-27,0.007417411823048019,0.010795369168434488,0.016255110999719966,0.019335107465259408,0.025917521138606535
2024-05-28,0.0071552816891782885,0.010395142293452717,0.015661937731673976,0.01863308762038975,0.02498287985939519
2024-05-29,0.006925238637729011,0.010043906782168197,0.01514137419857307,0.018017001308954755,0.02416264706621665
2024-05-30,0.007412306832589078,0.010787574740727793,0.01624355893651697,0.019321435612439052,0.025899318977937447
2024-05-31,0.007783020001946969,0.011353588922677706,0.01708244433641147,0.020314255467988738,0.02722111981675799
2024-06-03,0.007610611008352838,0.011090350539107417,0.016692300690349108,0.019852520935028727,0.026606384837831683
2024-06-04,0.007523544979895293,0.010957415939135195,0.016495279310649157,0.019619346370590596,0.026295945503703646
2024-06-05,0.007227547098297118,0.01050547893592085,0.015825466847006437,0.018826624130481546,0.025240546665666
2024-06-06,0.007547681304725952,0.010994267886364279,0.01654989730693621,0.01968398670309721,0.02638200506954661
2024-06-07,0.007574337406002183,0.011034967091585322,0.01661021729561498,0.01975537533669883,0.02647704905486722
2024-06-10,0.007270988492629988,0.010571806348347746,0.01592377021054765,0.0189429660422651,0.02539543965629857
2024-06-11,0.0074178165352470175,0.010795987093189192,0.01625602682139279,0.01933619133910086,0.025918964165097994
2024-06-12,0.007167680274030416,0.010414072764346343,0.015689994441474217,0.018666292702483895,0.02502708778404517
2024-06-13,0.0075915293649345805,0.011061216206468646,0.016649120913117845,0.019801417720932017,0.02653834805262652
2024-06-14,0.0072863190520223164,0.010595213431641586,0.01595846167421676,0.01898402334753362,0.025450101718343644
2024-06-17,0.0070039158351744854,0.01016403310416357,0.01531941252495879,0.018227709452768925,0.024443175502148955
2024-06-18,0.007083854336120064,0.010286085216035894,0.01550030505016595,0.018441795537434098,0.024728201194079296
2024-06-19,0.006818566535617343,0.009881037136295637,0.014899986310485547,0.017731319035532617,0.02378230105829312
2024-06-20,0.006643688575019475,0.009614029071865881,0.014504255648521262,0.017262972276014126,0.023158762824110966
2024-06-21,0.006443443040261204,0.009308289157792572,0.014051120800914575,0.01672668773225883,0.022444774928099587
2024-06-24,0.006276006052079,0.009052642157017659,0.013672228286705678,0.01627826890023119,0.021847767943394495
2024-06-25,0.006381881212800805,0.009214295012751287,0.013911812779198472,0.01656181685714945,0.022225272407276207
2024-06-26,0.0062244241913460415,0.00897388567594419,0.01355550389317194,0.016140125721744756,0.021663849614021832
2024-06-27,0.006834393941364403,0.009905202817088225,0.01493580208585283,0.017773706962335274,0.023838734656886483
2024-06-28,0.006739011638254056,0.009759570720011629,0.01471996184034395,0.017518260292987014,0.02349864312876983
2024-07-01,0.006511002495678314,0.0094114406319016,0.014204000831781569,0.016907621063773352,0.022685662364052485
2024-07-02,0.0065162345324938685,0.00941942903717789,0.01421584038769452,0.016921633163868008,0.022704317516399834
2024-07-03,0.006302320259001926,0.009092819349349236,0.013731774603972152,0.01634874189465266,0.021941592883155517
2024-07-04,0.006102159210892021,0.008787208431613562,0.013278830940875914,0.015812683617534108,0.021227906229538285
2024-07-05,0.005916284475780278,0.008503410215538156,0.012858215720314477,0.015314886013031367,0.020565158312565696
2024-07-08,0.006428231393829908,0.009285063633795585,0.01401669842492595,0.016685948891934515,0.02239053685760548
2024-07-09,0.006393498384669955,0.009232032402667803,0.013938101232575988,0.01659292920990725,0.02226669415538395
2024-07-10,0.007069037182137109,0.010263462013021515,0.015466775369615837,0.018402113201080914,0.024675369710920693
2024-07-11,0.006929589718858965,0.010050550122167781,0.015151220243265782,0.018028654090932822,0.02417816111633068
2024-07-12,0.006686943233010514,0.009680071370553912,0.014602136447115395,0.0173788140826942,0.023312989994714272
2024-07-15,0.0064515254424212035,0.009320629572498382,0.014069410437562345,0.01674833349509721,0.02247359323518395
2024-07-16,0.006290593973992345,0.009074915362748206,0.013705239238890363,0.01631733732219166,0.021899782085366054
2024-07-17,0.006097076355002833,0.008779447799524148,0.013267328965905364,0.015799071044076237,0.021209782991052934
2024-07-18,0.006016786851116308,0.008656859767541873,0.013085642157498096,0.015584044926204986,0.020923505776327827
2024-07-19,0.005835823275170838,0.008380560032685079,0.012676140380055715,0.015099400068184079,0.020278268902507026
2024-07-22,0.005738507576880204,0.008231975979266462,0.012455925062056752,0.01483877550583855,0.019931283733747657
2024-07-23,0.005599016884704185,0.008018998085445234,0.012140272113200571,0.014465200622872845,0.019433921003836334
2024-07-24,0.005760839048235741,0.008266072230858863,0.01250645886238214,0.014898582197367258,0.020010907982384345
2024-07-25,0.005686522053296773,0.008152603175609986,0.01233828722141692,0.014699551263807512,0.0197459261194009
2024-07-26,0.005546730212858808,0.007939165481055416,0.012021952805321288,0.014325169865188635,0.0192474896266504
2024-07-29,0.005660226118074516,0.008112453880970108,0.012278782251111356,0.014629127203464244,0.01965216632852389
2024-07-30,0.00558508363576968,0.007997724450868864,0.012108742617972502,0.014427885503427659,0.019384241139047544
2024-07-31,0.00553903793980432,0.00792742072527074,0.012004545990320383,0.014304568920700922,0.019220062349131584
2024-08-01,0.005745982644291351,0.008243389100017123,0.01247284036324581,0.014858794744324774,0.019957936551049535
2024-08-02,0.005611220900187638,0.00803763148293779,0.012167888532727527,0.014497884621961398,0.019477435179313152
2024-08-05,0.0055411883092712074,0.007930703963405492,0.012009412053086036,0.014310327900095128,0.019227729625074408
2024-08-06,0.005486142362508103,0.007846658428738506,0.011884848792646917,0.01416290743211283,0.019031459881727632
2024-08-07,0.005481068497800648,0.007838911524611282,0.011873367163786806,0.01414931893825204,0.019013368701859403
2024-08-08,0.005534407579030477,0.007920350974093354,0.011994067964799602,0.014292168190177663,0.01920355251009482
2024-08-09,0.00577840567565017,0.008292893398994916,0.012546210315746677,0.01494562799431668,0.020073542883895554
2024-08-12,0.005629149780412541,0.008065005747767265,0.0122084597265785,0.01454590058078446,0.019541361715727918
2024-08-13,0.005492308017822097,0.007856072306197403,0.011898801030255986,0.014179419888438058,0.01905344390883957
2024-08-14,0.005443734347174704,0.007781908805333895,0.011788883858454505,0.014049333048633601,0.018880251468124488
2024-08-15,0.005336967667692335,0.007618894756355288,0.011547281951599916,0.01376339748425965,0.01849956823870936
2024-08-16,0.005292514438045414,0.007551022448346336,0.011446688909832473,0.013644345741066342,0.018341067486396304
2024-08-19,0.0051793629188863636,0.007378259865716395,0.011190638773920597,0.013341310715088445,0.017937618714405523
2024-08-20,0.005947926121805849,0.008551721475755142,0.012929817478961082,0.015399626607736635,0.020677978567456307
2024-08-21,0.005786572457060418,0.00830536264606022,0.012564690893874114,0.014967499736165162,0.020102662050439403
2024-08-22,0.00562530005356788,0.008059127888088078,0.012199748194562626,0.014535590493186434,0.01952763527546868
2024-08-23,0.00559641433028126,0.008015024439957476,0.012134382802843444,0.014458230631192472,0.019424641434337208
2024-08-26,0.0057069127922798595,0.008183736268251009,0.012384429345948397,0.01475416041234897,0.019818630566180332
2024-08-27,0.005572986991637818,0.007979254990653856,0.012081369168662582,0.014395489059296922,0.019341109802796113
2024-08-28,0.005491085245642076,0.007854205346908137,0.01189603402381002,0.014176145139657911,0.019049084038657356
2024-08-29,0.005359013604811292,0.007652555047100607,0.011597169617603577,0.013822439476600553,0.018578174397284455
2024-08-30,0.005303456943388159,0.0075677297404578734,0.011471450662931766,0.013673651245892492,0.018380083669085178
2024-09-02,0.005654362412879424,0.008103501028539902,0.012265513295260749,0.01461342341027324,0.019631258923321928
2024-09-03,0.005506741398801537,0.007878109554946888,0.0119314622723579,0.014218074428938795,0.019104907025509217
2024-09-04,0.0053702888474746555,0.007669770370914015,0.011622684320701248,0.01385263609683856,0.01861837697556392
2024-09-05,0.00548019355714335,0.007837575643230933,0.011871387263950893,0.01414697572919233,0.019010249046583227
2024-09-06,0.0054387083628407475,0.007774235006164026,0.011777510577906752,0.014035872784869362,0.01886233100870291
2024-09-09,0.006115982582941031,0.008808314303400264,0.013310111796123947,0.01584970447186383,0.021277194321464875
2024-09-10,0.006194573118542508,0.008928308307914658,0.013487954015757427,0.01606018052357405,0.02155741375920786
2024-09-11,0.007047154068282609,0.010230050324927655,0.01541725615574878,0.018343507271397774,0.0245973441088117
2024-09-12,0.007076149505855925,0.010274321287587998,0.015482869819503801,0.01842116096304569,0.024700729143049254
2024-09-13,0.006825802805022517,0.009892085654250458,0.014916361236588706,0.01775069874075865,0.023808102426467487
2024-09-16,0.0065869696165995,0.009527429140963127,0.014375906536462053,0.017111071257221118,0.022956527853752597
2024-09-17,0.006366430938299113,0.00919070514542037,0.013876850412670515,0.01652043893867533,0.022170183493570455
2024-09-18,0.006198429415167169,0.008934196198499025,0.013496680414503099,0.016070508205928802,0.021571163624425883
2024-09-19,0.006872668109820524,0.009963640779208718,0.015022412553904331,0.01787621034645758,0.023975203582600906
2024-09-20,0.008392191769924562,0.012283687684790861,0.018460936778612713,0.02194569960507193,0.02939315960507536
2024-09-23,0.00806336907993318,0.011781632939327095,0.01771684518276897,0.021065068101896137,0.028220721873212024
2024-09-24,0.007954307958224925,0.011615115678305157,0.01747005119145854,0.0207729877118522,0.027831857667480205
2024-09-25,0.007870026587655402,0.011486432763966953,0.01727933120334392,0.020547270836729317,0.027531347204070713
2024-09-26,0.007548066687109847,0.010994856297871579,0.016550769387245055,0.01968501880908733,0.02638337917438131
2024-09-27,0.008065441582572039,0.01178479728843224,0.017721535040990062,0.0210706185434251,0.02822811151014142
2024-09-30,0.00830000510949683,0.012142934775259549,0.01825232794059434,0.02169881129773718,0.029064462339498037
2024-10-01,0.0080148697757471,0.011707582983045334,0.01760709629454572,0.020935180425502856,0.02804779459073535
2024-10-02,0.008287513135397164,0.01212386171531617,0.018224059900626352,0.02166535610664526,0.029019921429683418
2024-10-03,0.007983855441725874,0.011660229518559165,0.01753691407781217,0.02085211985693375,0.027937211055772935
2024-10-04,0.007864671807046877,0.011478256950383355,0.01726721389097568,0.020532930012205967,0.027512254401103105
2024-10-07,0.007681936950931077,0.011199252780455238,0.016853703890473443,0.020043541427044502,0.026860701917780262
2024-10-08,0.007390781351428498,0.010754709095217311,0.01619484900829243,0.019263787471334434,0.02582256853741937
2024-10-09,0.007126338035062572,0.010350950395076608,0.015596441248505257,0.018555572611823914,0.02487967946229316
2024-10-10,0.006946757131115928,0.010076761758570266,0.015190068314191563,0.018074630735859253,0.024239372591393558
2024-10-11,0.0071936547013747845,0.010453731172679677,0.01574877187284401,0.01873585572137715,0.025119701218607363
2024-10-14,0.006950099175949108,0.010081864476597709,0.015197631014543439,0.01808358118257326,0.024251288859897115
2024-10-15,0.0067973686352518084,0.00984867164937421,0.014852017663577573,0.01767454819996905,0.023706718627453313
2024-10-16,0.0073695893774586504,0.01072235265686573,0.016146893772202377,0.019207032507457644,0.02574700723751161
2024-10-17,0.007080256854984127,0.010280592491443013,0.015492164323990615,0.018432160997857557,0.024715374151567267
2024-10-18,0.012810835701946377,0.019030184268236376,0.028459869075315117,0.03377942387743573,0.04514810908774989
2024-10-21,0.012151146495005634,0.018022954210953807,0.026967060915494098,0.032012687226895285,0.042795946232015686
2024-10-22,0.011748815012452608,0.01740866439393871,0.02605662655672492,0.0309351892651065,0.04136140833296119
2024-10-23,0.01164353965075652,0.017247927326428797,0.025818399347132044,0.03065324765085771,0.0409860424897729
2024-10-24,0.011094256455092445,0.016409267941354493,0.024575428524034208,0.02918219318597411,0.039027539127088555
2024-10-25,0.011299190235632747,0.016722165986890174,0.02503917238492325,0.029731033484109964,0.03975824325472996
2024-10-28,0.011084975273221703,0.016395097199664373,0.024554426173406585,0.029157336929423523,0.038994446496461915
2024-10-29,0.010541987021034524,0.015566049092464736,0.02332570015360256,0.02770314117199898,0.03705838814586737
2024-10-30,0.010074007992245743,0.014851526952319574,0.022266712215872425,0.026449830229290577,0.03538977984183851
2024-10-31,0.010090130951405731,0.014876143891489443,0.02230319679791691,0.026493009687986308,0.035447267254489254
2024-11-01,0.009718427570488561,0.014308617829649605,0.021462070652107382,0.025497537912357954,0.034121935754829406
2024-11-04,0.009260597606729067,0.01360959153700848,0.02042604899445409,0.024271407534326533,0.032489514572753064
2024-11-05,0.009289167581610554,0.013653212892540262,0.020490699880326164,0.02434792177951514,0.03259138259332768
2024-11-06,0.009321320156386013,0.013702304251610772,0.020563457817668575,0.02443403071030768,0.03270602459642148
2024-11-07,0.009021440371052543,0.013244440260232106,0.019884861009048377,0.023630912208548665,0.031636784589421804
2024-11-08,0.008725544019575343,0.01279265827575763,0.01921527829752448,0.022838461879794193,0.030581747763338853
2024-11-11,0.008528378700106563,0.012491621311785422,0.018769113657205978,0.02231042656792907,0.029878742566324782
2024-11-12,0.008210471443597085,0.012006232524435823,0.018049722553652135,0.02145902806748565,0.028745224490748435
2024-11-13,0.008102149245996233,0.011840843471308142,0.01780460067085192,0.021168926615839953,0.028358994964833045
2024-11-14,0.007780902759315438,0.01135035626342756,0.017077653236233663,0.02030858520672653,0.027213570656604895
2024-11-15,0.0076462524216420495,0.011144768744485375,0.016772953506896504,0.019947973445805917,0.02673346651141784
2024-11-18,0.007376973968924234,0.010733627636669296,0.016163604335723475,0.019226809439161614,0.025773337457208043
2024-11-19,0.0076210762425658685,0.01110632912166563,0.016715982428451355,0.019880548243412916,0.02664369928065333
2024-11-20,0.007758892292735663,0.011316750129992736,0.01702784583637619,0.020249638209272502,0.027135090970441138
2024-11-21,0.00744189384771833,0.010832748938865211,0.01631051127883968,0.019400673628551753,0.026004813318707104
2024-11-22,0.007235305294387543,0.010517324344653252,0.015843022838990885,0.018847401625748744,0.02526820899586544
2024-11-25,0.007130932237285808,0.010357964938470365,0.015606837450981449,0.018567876504872922,0.0248960603757711
2024-11-26,0.008906834629461218,0.01306945733425207,0.01962552011880817,0.023323982578805684,0.03122815069699373
2024-11-27,0.008557676542720962,0.012536353994061073,0.01883541163216111,0.022388890141054156,0.029983205844525615
2024-11-28,0.008224157277731643,0.012027128399878798,0.018080692174884484,0.02149568057673447,0.02879402218269542
2024-11-29,0.007969328028152095,0.011638048698481871,0.017504040049715508,0.02081321348446575,0.027885412660045652
2024-12-02,0.007679559977256627,0.011195623557322457,0.016848325045921243,0.02003717557102649,0.026852226670455802
2024-12-03,0.007837632002417057,0.011436971897240668,0.017206025621459262,0.020460513769283793,0.02741584229763468
2024-12-04,0.008418859974973904,0.012324405370356822,0.018521284156872934,0.02201712065421005,0.02948824674715104
2024-12-05,0.008082394421269595,0.011810681308532595,0.01775989755423657,0.021116020531425736,0.028288557909846163
2024-12-06,0.008638533259184882,0.012659808060458962,0.019018381983720183,0.022605435330692217,0.03027150549093797
2024-12-09,0.008581376735521739,0.012572540043948165,0.01888904270696132,0.022452362453175476,0.0300677103545179
2024-12-10,0.008261552635867048,0.012084224572319606,0.018165313986453668,0.02159583038831664,0.028927357655608322
2024-12-11,0.008062574136090463,0.011780419199093343,0.017715046307415966,0.021062939135092867,0.028217887451548667
2024-12-12,0.007728750349524386,0.011270728653715908,0.016959637749438827,0.020168914020928075,0.027027617999115745
2024-12-13,0.00747097229148915,0.010877146637473613,0.01637631277699861,0.019478549621989374,0.02610849431669927
2024-12-16,0.007819425405579776,0.011409173607709183,0.01716482598375819,0.020411754047924693,0.027350925545383153
2024-12-17,0.007573377632860681,0.01103350168583649,0.01660804542867804,0.01975280493480737,0.026473626924097732
2024-12-18,0.007321616515246889,0.01064910648541836,0.016038336167490615,0.019078554713658512,0.025575957016603725
2024-12-19,0.007309001517422911,0.010629845589761468,0.01600978973761178,0.019044770048444015,0.025530977458056252
2024-12-20,0.007463561706324358,0.010865831969836946,0.016359543392435914,0.019458703075653856,0.026082071414853244
2024-12-23,0.007167735610719665,0.010414157253793941,0.015690119662654708,0.01866644090159946,0.025027285090448916
2024-12-24,0.00690837901353727,0.010018165084317535,0.015103222620071941,0.01797184896197,0.024102533028624074
2024-12-25,0.006702092778427348,0.009703202077161598,0.014636418294958119,0.01741938660812791,0.023367006640182805
2024-12-26,0.006664781807235891,0.009646234748827219,0.01455198744227864,0.017319462796160607,0.023233972054161757
2024-12-27,0.006559654341117505,0.009485723492001542,0.014314094905017633,0.017037917266211552,0.022859133541844948
2024-12-30,0.006481425127650841,0.009366281163201585,0.014137070319848233,0.01682840888390006,0.022580202420623623
2024-12-31,0.006825499043494276,0.00989162186351647,0.014915673855799047,0.01774988522642596,0.023807019345864967
2025-01-01,0.006648408711292318,0.009621235894530941,0.01451493682667217,0.017275613437429286,0.023175592763267427
2025-01-02,0.008440551326311444,0.012357524270621336,0.018570369432080614,0.022075213018014968,0.029565588608091057
2025-01-03,0.008210823341652745,0.012006769811229407,0.018050518862403872,0.021459970497929633,0.02874647920513033
2025-01-06,0.008072048680446219,0.011794885171484235,0.017736486217264494,0.02108831324245186,0.028251669528129793
2025-01-07,0.007866684767462042,0.011481330388925234,0.017271769011328625,0.02053832099163104,0.027519431736534393
2025-01-08,0.007576651386510825,0.011038500135169708,0.016615453593175445,0.019761572488524632,0.026485299696145048
2025-01-09,0.007291122323223749,0.010602547186804565,0.015969330978076655,0.018996887155497688,0.025467228080253403
2025-01-10,0.007026923510322974,0.010199161800698138,0.015371476504236928,0.01828932710923638,0.024525210797423893
2025-01-13,0.007012182760016358,0.010176655252736599,0.015338119717271066,0.01824984939223092,0.024472651736320458
2025-01-14,0.006915046372448359,0.010028344975434873,0.015118310160814174,0.017989705048179372,0.02412630591108374
2025-01-15,0.007243371900925087,0.010529640642205802,0.015861276731785577,0.018869005085780266,0.025296970982676508
2025-01-16,0.007005884953644948,0.010167039603722654,0.01532386843554431,0.018232983017554313,0.024450196516402383
2025-01-17,0.007158464015118622,0.010400001148661277,0.015669139004759785,0.01864161031837177,0.024994226640262508
2025-01-20,0.006968994474097851,0.010110714292596652,0.015240389111783655,0.018134185338910886,0.024318661219465656
2025-01-21,0.007080681706971025,0.010281241166131938,0.015493125719911731,0.01843329880876671,0.02471688898772383
2025-01-22,0.0068682929565362,0.009956960685238974,0.015012512036426416,0.017864493096004155,0.023959603701724792
2025-01-23,0.006632023714391648,0.009596218869554331,0.014477859280435827,0.017231732206330102,0.023117171038771124
2025-01-24,0.0066827166752418355,0.009673618155951243,0.014592572185856221,0.017367494791068708,0.023297919940381863
2025-01-27,0.00645338575347235,0.009323469942155632,0.014073620128258718,0.01675331565894177,0.022480226289823286
2025-01-28,0.006288731954988221,0.009072072385345433,0.01370102568327379,0.016312350584218722,0.021893142940914257
2025-01-29,0.006149669839726982,0.008859748853526618,0.013386342559463648,0.015939923488021316,0.021397308328621297
2025-01-30,0.006270034029618146,0.00904352392306438,0.013658714220132512,0.016262275018796672,0.021826474326251396
2025-01-31,0.006081773218722428,0.008756082586526655,0.013232699557890366,0.01575808718159926,0.021155218707817298
2025-02-03,0.0065119846160544255,0.009412940157969757,0.014206223268189443,0.01691025131457246,0.022689164175275476
2025-02-04,0.006365271025017396,0.009188934160676503,0.01387422564938287,0.016517332534500915,0.022166047750695743
2025-02-05,0.0062111151235399,0.008953565056798514,0.01352538685500975,0.01610448224352767,0.02161639530582839
2025-02-06,0.00603504154272603,0.008684731489380405,0.013126950628674063,0.01563293345184992,0.02098859401347876
2025-02-07,0.005888729374141526,0.008461338393974276,0.012795861387185723,0.01524108973523517,0.02046690888559504
2025-02-10,0.005762929101440423,0.008269263376608903,0.012511188435710887,0.014904179641678065,0.020018360196946652
2025-02-11,0.005851089571957516,0.008403868998217875,0.01271068642412257,0.015140285269529315,0.020332701832238835
2025-02-12,0.005784629095803308,0.008302395473261687,0.01256029326918726,0.014962295152670311,0.020095732875130553
2025-02-13,0.005883713266063587,0.008453679674120258,0.012784510455579583,0.015227655921416294,0.020449023640577935
2025-02-14,0.005743652798272276,0.00823983183257275,0.012467568163683034,0.014852555102522681,0.01994962934030849
2025-02-17,0.0055871365081593865,0.00800085882801635,0.012113388054978566,0.014433383372502395,0.019391560783103907
2025-02-18,0.005771570329047451,0.008282457020048942,0.01253074263630553,0.014927322014417186,0.020049171030883824
2025-02-19,0.006097513304794403,0.008780114945445231,0.013268317737901974,0.015800241254537606,0.021211340962683723
2025-02-20,0.006221683675088445,0.008969701386860665,0.0135493023895117,0.01613278624966797,0.021654078133029216
2025-02-21,0.006039506307719154,0.008691548404758834,0.013137053928141896,0.01564489069454301,0.02100451341047043
2025-02-24,0.005858090696324094,0.008414558490819235,0.012726529241425609,0.015159035224634364,0.02035766477616785
2025-02-25,0.005702413730425765,0.00817686698756347,0.01237424843624627,0.014742111318037515,0.01980258888159991
2025-02-26,0.005569240890323556,0.007973535349038299,0.012072892130459423,0.01438545649484246,0.019327752845804066
2025-02-27,0.005463689088921419,0.007812376206439045,0.011834039366522858,0.014102774537784957,0.018951401339667873
2025-02-28,0.005414283639687074,0.007736942725128731,0.011722239966167839,0.01397046008276527,0.018775243140720217
2025-03-03,0.0053262337572453885,0.007602505952172055,0.011522992227085097,0.01373465062469197,0.018461295814082058
2025-03-04,0.005601546111524617,0.008022859772506993,0.012145995490809077,0.014471974233346035,0.019442939119212715
2025-03-05,0.005516690358408968,0.007893299876464751,0.011953975734648088,0.014244719084313268,0.019140380659146975
2025-03-06,0.0054175190434615625,0.007741882620908173,0.01172956134887966,0.013979124930344321,0.018786779173903097
2025-03-07,0.005872463776326561,0.008436503670521883,0.012759054028679509,0.015197528270987616,0.02040891288595743
2025-03-10,0.005715898728137346,0.008197456220909394,0.012404763585512346,0.014778225960264253,0.019850670478802228
2025-03-11,0.005834780865504403,0.008378968455413558,0.012673781515245501,0.015096608354535905,0.02027455212607344
2025-03-12,0.005686520417381633,0.008152600677853648,0.012338283519510863,0.014699546882606176,0.019745920286443827
2025-03-13,0.005857695187482879,0.008413954617982448,0.012725634245995585,0.015157975998626064,0.020356254564820396
2025-03-14,0.005731576730981044,0.008221393789595056,0.012440241277626343,0.014820213765945795,0.019906571372060824
2025-03-17,0.005919851571018415,0.008508856546178768,0.012866287686358977,0.015324439175076282,0.020577877012271158
2025-03-18,0.005876156368051581,0.008442141612352037,0.012767409980239734,0.015207417529546702,0.02042207905118433
2025-03-19,0.006123903490965523,0.008820408144802096,0.01332803598831589,0.015870917731630997,0.02130543681117499
2025-03-20,0.0059341875034054515,0.00853074500796876,0.01289872841241732,0.01536283273510632,0.02062899266992983
2025-03-21,0.005773163921597472,0.00828489015719679,0.01253434877073531,0.014931589870150655,0.02005485308413541
2025-03-24,0.005613989289499479,0.008041858329300908,0.012174153110214615,0.01450529874183593,0.01948730604341251
2025-03-25,0.00547965733817058,0.00783675693062964,0.011870173856107353,0.014145539662477974,0.01900833712451899
2025-03-26,0.005395413121166302,0.007708130743288415,0.011679537942652099,0.013919922289612707,0.01870795913445484
2025-03-27,0.005340723346886205,0.0076246290217180926,0.011555780663549866,0.013773455699567207,0.018512959346226248
2025-03-28,0.005328373046947454,0.007605772273443472,0.011527833217493708,0.013740379930981955,0.018468923584434988
2025-03-31,0.0052652262485915246,0.007509358155013054,0.011384938571256498,0.013571264290092401,0.0182437697514048
2025-04-01,0.005151141930839054,0.007335171352052088,0.011126777609008407,0.013265731103700135,0.01783699502807172
2025-04-02,0.00504901786886013,0.007179245768133599,0.0108956814633807,0.012992229095024045,0.017472865339824298
2025-04-03,0.004957306774390506,0.0070392189646567545,0.010688148781733128,0.012746614417451767,0.01714586373421889
2025-04-04,0.004873622444833551,0.006911447627538493,0.010498779835421121,0.012522496498667237,0.01684748205763559
2025-04-07,0.005024535091987427,0.007141864849221364,0.010840279482105097,0.012926660917232265,0.017385570477699366
2025-04-08,0.004967850428732155,0.007055317281037822,0.010712007976441708,0.012774851745514789,0.017183457788881598
2025-04-09,0.005073253846194688,0.00721624986730962,0.010950524962934142,0.013057136310373526,0.017559280222861615
2025-04-10,0.0050449600972591775,0.007173050260492932,0.010886499147688918,0.012981361835515327,0.01745839710306009
2025-04-11,0.005349486686596701,0.007638009108986039,0.011575611191152066,0.013796925104985355,0.018544205578455514
2025-04-14,0.005380440273975503,0.007685269823972167,0.011645655944542973,0.013879822985854808,0.018654572517490003
2025-04-15,0.005271403080615861,0.007518789097354144,0.011398916100600252,0.013587806679155025,0.018265793629771904
2025-04-16,0.00556458830968335,0.00796643167201063,0.012062363823688825,0.014372996256520894,0.0193111637804532
2025-04-17,0.005422983512889929,0.007750225910138076,0.011741926875654892,0.013993759516317955,0.01880626307917313
2025-04-18,0.005717613488743236,0.008200074360489553,0.01240864391066801,0.014782818320389982,0.019856784564285534
2025-04-21,0.005571914241523779,0.007977617088824562,0.012078941646570605,0.014392616089838876,0.01933728484561146
2025-04-22,0.007851841885398506,0.011458667903630947,0.017238181110804284,0.02049856975200881,0.02746650851830592
2025-04-23,0.007634513406964416,0.011126845321907303,0.016746389335898018,0.01991653478157737,0.026691610325206006
2025-04-24,0.007434232287034111,0.010821051075499175,0.0162931739627429,0.019380154935932963,0.025977495548052728
2025-04-25,0.007324297138969667,0.010653199329074797,0.016044402140565014,0.019085733785450976,0.02558551494704215
2025-04-28,0.007154716322699586,0.010394279077706972,0.015660658366051777,0.018631573492724176,0.02498086401008753
2025-04-29,0.00688206512267567,0.00997798837455633,0.015043677018019421,0.01790137681400338,0.02400870921579935
2025-04-30,0.006645729614663616,0.009617145382480114,0.014508874309253066,0.017268438455400676,0.023166040277777813
2025-05-01,0.006413075980895192,0.009261923968514163,0.013982403299499662,0.016645360652496725,0.02233649929113737
2025-05-02,0.006328702832871481,0.009133100926052795,0.013791475628538243,0.016419397984975995,0.022035661589512576
2025-05-05,0.006821152112295008,0.009884984859735331,0.014905837201968464,0.017738243558521858,0.023791520092586643
2025-05-06,0.0066074018915309035,0.00955862565173372,0.01442214265253064,0.017165791644632993,0.0230293803995365
2025-05-07,0.006805579356432544,0.009861207984785177,0.014870597672842024,0.01769653761844786,0.02373599446397894
2025-05-08,0.006570398886394407,0.009502128533710373,0.014338408695048106,0.017066692607287888,0.022897443885619234
2025-05-09,0.00643814111289847,0.009300194041872697,0.014039123089952206,0.01671248845585459,0.02242587057666377
2025-05-12,0.006788721440362625,0.009835468894937836,0.014832449959643172,0.01765138984604367,0.02367588651680085
2025-05-13,0.0066288340477884435,0.009591348806437253,0.014470641396192346,0.017223189849063077,0.023105798084314243
2025-05-14,0.0063975745727177825,0.009238256029002315,0.013947325222774313,0.016603845791144024,0.022281228057133763
2025-05-15,0.006214235109454969,0.008958328729690067,0.013532447059093032,0.016112837986515922,0.021627519809462262
2025-05-16,0.0061607472910433555,0.0088766621845415,0.013411409681285739,0.015969590396361342,0.021436805669563724
2025-05-19,0.00614935335211801,0.0088592656322928,0.013385626380875027,0.015939075891528407,0.02139617987238722
2025-05-20,0.006196399061040543,0.008931096202801431,0.013492085933987635,0.016065070643799022,0.02156392427063566
2025-05-21,0.0060115407554308985,0.00864884989682983,0.013073770787822823,0.015569995174561122,0.020904800496206494
2025-05-22,0.0068474072690670315,0.009925071892812748,0.014965249894876409,0.01780855840867672,0.023885134485365667
2025-05-23,0.006599301931557278,0.009546258429316886,0.014403813284374189,0.017144098859602174,0.023000499488976735
2025-05-26,0.006372980512149917,0.009200705199348059,0.013891671418054509,0.016537979580610793,0.02219353640607935
2025-05-27,0.006373413283445892,0.009201365965437074,0.013892650734549566,0.016539138600497518,0.022195079479024472
2025-05-28,0.006165797394576934,0.0088843728095114,0.013422837541077214,0.015983115254594466,0.021454812127490147
2025-05-29,0.007394903459885953,0.010761002833987086,0.016204176911608435,0.019274827033620226,0.02583726617124287
2025-05-30,0.007408196995419994,0.010781299738069444,0.016234258801852048,0.019310428914318212,0.02588466509815508
2025-06-02,0.007160122558483295,0.010402533454344966,0.01567289211613731,0.018646052121145028,0.025000140279679315
2025-06-03,0.006894164934387575,0.009996462671112143,0.015071057635233993,0.017933781741340592,0.024051851846254232
2025-06-04,0.007176511265030701,0.010427556143303426,0.01570997805691893,0.018689943287178393,0.02505857523115155
2025-06-05,0.007036391681947763,0.01021361804304326,0.015392901993257158,0.018314684149562534,0.024558970151636803
2025-06-06,0.0072266684102653975,0.01050413733295507,0.015823478467251413,0.018824270885447827,0.025237413648893488
2025-06-09,0.006962072543245386,0.010100145714642548,0.015224725501177993,0.018115647474715307,0.024293980644931726
2025-06-10,0.00682424321987833,0.009889704440464345,0.014912832057386315,0.017746521961443655,0.02380254162873438
2025-06-11,0.0066694788230562815,0.009653406270604525,0.014562616301246948,0.017332042037886474,0.023250719555908458
2025-06-12,0.0064373855187092165,0.0092990403816786,0.014037413258778126,0.016710464872729317,0.022423176458634748
2025-06-13,0.007055155426829237,0.010242267000208177,0.015435362399116699,0.018364935988511397,0.024625873449857113
2025-06-16,0.009981755071596269,0.014710672875016775,0.022057953437854057,0.02620276446814729,0.035060846321323634
2025-06-17,0.009549477224024145,0.014050660195422993,0.02107975356528361,0.025045066102785053,0.03351953279713979
2025-06-18,0.00999471595818731,0.014730461882334428,0.02208728257808866,0.0262374754701206,0.035107059167761134
2025-06-19,0.009772633932509715,0.014391381465236188,0.021584734019474947,0.025642709859189334,0.03431521190661294
2025-06-20,0.009786977001478823,0.014413280823339012,0.02161719089487731,0.025681122531948476,0.03436635301019841
2025-06-23,0.009926318517957625,0.014626030951957365,0.021932506274624116,0.026054297902281764,0.03486318384489259
2025-06-24,0.009540035378653408,0.01403624414866406,0.02105838764984205,0.02501977956771716,0.03348586731082143
2025-06-25,0.009098008322750178,0.013361346132820296,0.02005812633137353,0.023835971507833478,0.03190979237858669
2025-06-26,0.008705708447923928,0.01276237282654839,0.019170392459004756,0.022785339544227283,0.03051102280017464
2025-06-27,0.008345170721177485,0.012211894766057753,0.01835453302891595,0.021819770896076434,0.029225503134214716
2025-06-30,0.00801351072583074,0.011705507951483955,0.017604020905736265,0.020931540706568722,0.028042948813816894
2025-07-01,0.007984280991429142,0.011660879258538974,0.017537877052592965,0.02085325953642142,0.02793872837968056
