date,log_return,true_sigma
2014-01-01,0.001998609144017506,0.009999999999999995
2014-01-02,-0.00450720290748695,0.009601024234388878
2014-01-03,0.001772542734648218,0.00932563489479027
2014-01-06,-0.0040242545744105865,0.008966619696003474
2014-01-07,0.005763577006426669,0.00871766896892786
2014-01-08,0.00413185288545252,0.008521408126526603
2014-01-09,0.0017908144036477994,0.00827092408642927
2014-01-10,-0.002990442032708417,0.00798126950209686
2014-01-13,0.0023304530212217263,0.007765645589729621
2014-01-14,-0.0025004357845778715,0.007519492731813123
2014-01-15,-0.0028281134089346432,0.007321796435383968
2014-01-16,-0.0017165478049708414,0.007150799944488706
2014-01-17,0.00013236291660113035,0.006957987682888452
2014-01-20,-0.000692177814099237,0.006751521746814704
2014-01-21,-0.015394516026357847,0.00656798632330908
2014-01-22,0.00569939828249647,0.00781251886947029
2014-01-23,0.0016572264162626972,0.007687301566690914
2014-01-24,0.005165082291065944,0.007435877801430267
2014-01-27,0.008137680156761614,0.007314649016365477
2014-01-28,0.0029655503131690085,0.007404080892556078
2014-01-29,0.0035364131484600355,0.007198936556527223
2014-01-30,0.0009692910052838532,0.007027076431565613
2014-01-31,-0.001042413568328821,0.006816116312194918
2014-02-03,-0.005480191422953137,0.00663353756245443
2014-02-04,0.005664958123252618,0.006668167191189605
2014-02-05,0.004320663458121068,0.0066447085499582274
2014-02-06,0.00048298968828279124,0.0065501705384911095
2014-02-07,0.00533063595360342,0.006372933690463254
2014-02-10,-0.007095163270934582,0.006357645707181009
2014-02-11,0.0004419734077662081,0.006556875281199552
2014-02-12,-0.001119921509523284,0.006379155232059934
2014-02-13,0.006716566272898128,0.006231708512358963
2014-02-14,0.00395260078836181,0.006327908626294568
2014-02-17,0.0007440120310957825,0.006244343120037816
2014-02-18,-0.003680815195787481,0.006090763683676522
2014-02-19,0.00858361625005922,0.00606514627040929
2014-02-20,-0.0016470037104610344,0.006350983190622651
2014-02-21,0.011704646758804981,0.006218541527836974
2014-02-24,-0.003483196556803445,0.006844469415466594
2014-02-25,0.010604773788050992,0.006740278466513258
2014-02-26,0.0003358968910264333,0.007145399547271144
2014-02-27,-0.0003582149437671995,0.006924826034461689
2014-02-28,-0.011564082305551143,0.0067243450742789064
2014-03-03,0.0005809262221527348,0.007371465360441577
2014-03-04,0.0053990973511425285,0.007134786284707175
2014-03-05,0.00024146867877842138,0.007052286876189793
2014-03-06,0.003993874455026273,0.006838612596221189
2014-03-07,0.003353280997230778,0.006713161156539772
2014-03-10,0.002920479882275199,0.006573520855541544
2014-03-11,-0.0030191929226559217,0.006431077407655391
2014-03-12,0.003923366087752005,0.0063414240094067
2014-03-13,-0.003646889260600164,0.006255385475734762
2014-03-14,0.00031433634246280217,0.0062122940970469635
2014-03-17,0.004516634818776309,0.006061030921624019
2014-03-18,-0.0016245728011774906,0.006029357732875595
2014-03-19,-0.0004600336141548251,0.005922748008390051
2014-03-20,0.002844241218279238,0.005800412290262138
2014-03-21,0.0012838200061292245,0.0057201347724052795
2014-03-24,0.008592371321967144,0.005612227502266161
2014-03-25,0.0030676976938911866,0.0059654258584346765
2014-03-26,-0.0027911203046073365,0.005878360385431478
2014-03-27,-0.003054909506758552,0.005828046548172123
2014-03-28,-0.004201042758337376,0.005794868802569588
2014-03-31,-0.0016524434815782772,0.005830131922722861
2014-04-01,0.023725576776922323,0.005741257305506177
2014-04-02,0.005446178343348039,0.00864985694869472
2014-04-03,0.013330516354554537,0.008443648330309033
2014-04-04,0.00793603845060497,0.008907044931249466
2014-04-07,0.005249090370250358,0.00882187496474968
2014-04-08,0.018717923038498483,0.008593441618577146
2014-04-09,-0.022831760070092313,0.0097475090435268
2014-04-10,-0.0012421699996567296,0.011448240979982096
2014-04-11,-0.0018973515134442496,0.010963521874232914
2014-04-14,-0.015117128017157467,0.010518493915025396
2014-04-15,0.009490116847784762,0.011003927381472782
2014-04-16,-0.0015162876841468454,0.010837137634541682
2014-04-17,0.020864211105575226,0.010393480176582775
2014-04-18,-0.007186945508256689,0.011506436228438058
2014-04-21,-0.003991466090651069,0.011219866207355296
2014-04-22,-0.006485346637582512,0.010812526039336759
2014-04-23,-0.0033946833408929943,0.010541501450361649
2014-04-24,0.0022880239090538983,0.010159941545660852
2014-04-25,0.012696793855670924,0.009754882539019563
2014-04-28,-0.00899726859464919,0.009977118945050241
2014-04-29,-0.005277886231744402,0.009940043312784164
2014-04-30,-0.01103784886122204,0.009674437063652914
2014-05-01,0.0009854760188297944,0.009843018630291996
2014-05-02,-0.002059984720979493,0.009445388776426119
2014-05-05,0.012398737962064157,0.009100445811375656
2014-05-06,0.0005419044228663169,0.009373510536421005
2014-05-07,-0.0006915365231908864,0.009004252899447488
2014-05-08,-0.003543904350198077,0.008665015521761948
2014-05-09,0.00045490948595755006,0.008419174400416111
2014-05-12,0.004870006632874645,0.008111375375268754
2014-05-13,-0.003937202299628498,0.007921030619078187
2014-05-14,-0.00578108591065603,0.007748777619816111
2014-05-15,-0.0025652133984916817,0.007693852244395526
2014-05-16,0.009760923552572055,0.0074851498834021014
2014-05-19,-2.4169920349667454e-05,0.007699733651433779
2014-05-20,0.004075750073629512,0.0074417261976742685
2014-05-21,0.007786976259586334,0.007270779807432026
2014-05-22,0.01359604015093002,0.007336608000156963
2014-05-23,0.0059859923044895316,0.008010227004520667
2014-05-26,-0.0015724700091901893,0.00788384753294674
2014-05-27,0.007944083613346824,0.0076343406582097696
2014-05-28,0.0027852294057336387,0.007673851185971434
2014-05-29,0.0013891886816434114,0.0074442578338567815
2014-05-30,0.0037802848674758256,0.007206839095482101
2014-06-02,-0.0006532926618365051,0.007043117085374601
2014-06-03,0.00017729055770354419,0.006837496264538192
2014-06-04,-0.0006208786620261028,0.006639619790435905
2014-06-05,-0.0012404188863184926,0.006463482450149622
2014-06-06,-0.009324597118240439,0.006311994096721041
2014-06-09,0.009442536462230394,0.006751219090815837
2014-06-10,0.003478364293795411,0.007029834988194403
2014-06-11,0.007841810993292732,0.006869233892832767
2014-06-12,0.0010506347256269998,0.006984261731915327
2014-06-13,0.005632900556991923,0.006776885467085342
2014-06-16,0.005082057476870147,0.006741015681692982
2014-06-17,0.0007141375903463776,0.006676584698515773
2014-06-18,-0.003331050524950781,0.0064902059524654075
2014-06-19,-0.005121294031031464,0.0064097310259365586
2014-06-20,0.0067829010414556055,0.006442367761082346
2014-06-23,0.01320105982255046,0.006520098141275771
2014-06-24,-0.008725366918687319,0.0072914926759862705
2014-06-25,-0.0025794651580161028,0.007527142252031518
2014-06-26,0.0008236909576980706,0.007331489063405954
2014-06-27,-0.0052525719395630985,0.007098171649449219
2014-06-30,0.029486695946287986,0.007070573060376936
2014-07-01,0.0017089754224015696,0.01068700081465886
2014-07-02,0.0002793191706730228,0.010242446851071521
2014-07-03,0.016739999148924992,0.009819411476743247
2014-07-04,0.004783763672329857,0.010482259458876415
2014-07-07,-0.0032121238419970193,0.010117214909396434
2014-07-08,0.0014888603281301956,0.00975831045028226
2014-07-09,0.009135296712654506,0.009369118856091171
2014-07-10,-0.005209634231877678,0.009325653718150454
2014-07-11,-0.01054908845688268,0.009103792033472337
2014-07-14,-0.0004366013593435869,0.009292885176740559
2014-07-15,0.01777022761849066,0.008932643572077749
2014-07-16,0.009090746529976974,0.009883004099299054
2014-07-17,0.010352993797955056,0.009788282132196163
2014-07-18,6.627295440970397e-05,0.009797751748851715
2014-07-21,0.008384917836542678,0.0094027333755095
2014-07-22,-0.0071753808489947585,0.009302903298484327
2014-07-23,0.0006106241803651803,0.009197963171106131
2014-07-24,-0.0019228697277834496,0.008839867242445714
2014-07-25,-0.004357341326522169,0.008532206713100841
2014-07-28,0.004651806526445075,0.008331038196801283
2014-07-29,0.007492243425450153,0.00811446717212833
2014-07-30,0.002013009661861422,0.008072882830095676
2014-07-31,0.008316964228968033,0.007799835211628455
2014-08-01,0.0042756037353265716,0.007851247084142777
2014-08-04,0.00647656215948046,0.0076562580536402615
2014-08-05,-0.013364641305009568,0.007590388808567643
2014-08-06,-0.001219220380527722,0.008320508657530033
2014-08-07,0.0036963413449415277,0.008033942704884991
2014-08-08,0.0002750740124223813,0.007804302639333504
2014-08-11,0.020284270472954915,0.0075379355962802
2014-08-12,0.007589294433361107,0.009189766830560183
2014-08-13,0.002692381454677775,0.00905689133229987
2014-08-14,0.0037114928237354673,0.00872978095143314
2014-08-15,-0.004970105336130773,0.00845063682846191
2014-08-18,-0.002354497025882428,0.008286476978606192
2014-08-19,0.00024624124780689785,0.00802813695118208
2014-08-20,0.005289124292627649,0.007746679036631551
2014-08-21,-0.0005534235820689572,0.007605576204742608
2014-08-22,-0.0005189803390031179,0.007358606292294281
2014-08-25,0.0020255022145313816,0.007128621436364515
2014-08-26,0.00040637674028646723,0.006922549514826118
2014-08-27,-0.012181194525344686,0.0067179032318036664
2014-08-28,-0.0013309477913171284,0.0074486386015070495
2014-08-29,-0.008325431211958332,0.00722510795071168
2014-09-01,0.007730241656791675,0.007430546769629681
2014-09-02,0.0028759595022157763,0.007474880221069574
2014-09-03,-0.0031589905081799764,0.007262097876777548
2014-09-04,-0.00020212558058677445,0.007108819588217397
2014-09-05,0.0026290549344643063,0.006893563865702136
2014-09-08,-0.0027653061714003804,0.006718015368141108
2014-09-09,0.0019028678249252081,0.006593294729447557
2014-09-10,0.013496551427804586,0.006425093376843769
2014-09-11,0.002360094628249896,0.007257166825441665
2014-09-12,0.00032640281697084893,0.007048164261787993
2014-09-15,0.007982249497437909,0.006834571558889948
2014-09-16,-0.005721690916002296,0.006965554978433623
2014-09-17,0.011573642874019473,0.006983109305328431
2014-09-18,0.002512087436511126,0.00746307438883292
2014-09-19,-0.0030212197643807526,0.0072423484497849
2014-09-22,0.006234123918179214,0.007085080737127617
2014-09-23,-0.0029594199357645115,0.007057545346306883
2014-09-24,0.00037252975251096687,0.006912702697716526
2014-09-25,-0.006289877181817992,0.006708816037233037
2014-09-26,0.0070710519802783724,0.006796733475047076
2014-09-29,0.002154422008871963,0.006857865941234531
2014-09-30,0.004651819057972153,0.006674298593547139
2014-10-01,0.007585298543256878,0.0065932271054055195
2014-10-02,0.008587483807799407,0.006718608169321595
2014-10-03,-0.011168319803591911,0.006917970635012901
2014-10-06,-0.0021676866060915067,0.0074809398406431755
2014-10-07,0.01263492424144685,0.007275805038320894
2014-10-08,0.002903574098120821,0.007837353888127197
2014-10-09,-0.006660986088032584,0.007598939257987317
2014-10-10,-0.003173775433212673,0.00762048999751082
2014-10-13,-0.004675635443921565,0.007439382440541712
2014-10-14,0.002726836007176615,0.007345266922777313
2014-10-15,-0.013255939445798207,0.007138231954650291
2014-10-16,0.0006955184576306053,0.007937064287094368
2014-10-17,0.0033522027802584914,0.007661615283026411
2014-10-20,-0.005517847101750899,0.007448564876979366
2014-10-21,0.0056165675294689195,0.007404739398055661
2014-10-22,-0.0015980688904695187,0.007310368667891873
2014-10-23,-0.005375503250280486,0.007102780617474973
2014-10-24,0.0049331928159625105,0.007082814858903546
2014-10-27,0.005994492425116772,0.006980107132160259
2014-10-28,0.0005286721857848497,0.006947291686662098
2014-10-29,-0.0019237959031372233,0.0067408042078929194
2014-10-30,-0.004008320520678411,0.006585178825106983
2014-10-31,-0.00015119054418806543,0.006531012054509413
2014-11-03,0.006127893971575354,0.0063578794059434415
2014-11-04,-0.00019388370936877601,0.006396422651052016
2014-11-05,0.0037612748111245414,0.0062338846978406935
2014-11-06,-0.0009053971236490535,0.006150289396025943
2014-11-07,-0.0019936785793089446,0.006016765324939567
2014-11-10,0.004664021453526054,0.005922735272355836
2014-11-11,0.003130992451330399,0.005912532432807552
2014-11-12,0.001583987895434291,0.005832324193185567
2014-11-13,-0.0011525829603467748,0.0057191264477690785
2014-11-14,-0.016160934464311397,0.0056263708576915605
2014-11-17,0.0011377804427528866,0.007259296322880002
2014-11-18,0.006337873659272334,0.007032793605992846
2014-11-19,-0.0017498149390614403,0.007017166723327481
2014-11-20,-0.0020019421795001015,0.006835312671815314
2014-11-21,-0.004692972674024772,0.006674588119344597
2014-11-24,0.006472909541217825,0.006652253086140055
2014-11-25,-0.0006247157024819995,0.006684405424632737
2014-11-26,-0.0007691698201928428,0.006504947895693429
2014-11-27,0.008295909440731757,0.006341275563773964
2014-11-28,-0.001725560500067312,0.006561455213501984
2014-12-01,0.004277285638630002,0.006414333529687236
2014-12-02,0.009371332984903346,0.006338038979899616
2014-12-03,0.00824487855911579,0.006667061437693296
2014-12-04,0.005480097953271737,0.006841300234912617
2014-12-05,0.0028952790006643646,0.006790225332323544
2014-12-08,0.00019673544627593024,0.006629889363830851
2014-12-09,5.401145321588466e-05,0.00644726664797861
2014-12-10,0.0028978953308904406,0.006279047297945177
2014-12-11,-0.013209547392951876,0.006159852565953332
2014-12-12,-0.015620849807859483,0.00715440706476932
2014-12-15,-0.0032311760897589547,0.008298043762585498
2014-12-16,0.0023197413486773697,0.008067559188393279
2014-12-17,0.00620118491439864,0.007800120307949924
2014-12-18,0.0033709643334567376,0.007704412365060483
2014-12-19,-0.004138901266522131,0.007488762768183116
2014-12-22,0.008530469716550642,0.007361722856448504
2014-12-23,0.008747737293503765,0.007478939937124489
2014-12-24,0.0006954378229814877,0.007601519713966169
2014-12-25,-0.005824430314155454,0.007349003159684096
2014-12-26,0.001700906680210311,0.007335321138220931
2014-12-29,0.002704407333426838,0.007109262741600821
2014-12-30,0.002449657281743101,0.006919263544015038
2014-12-31,0.0036826299619458504,0.006737409017840783
2015-01-01,0.004977632561503258,0.006607854638556157
2015-01-02,0.0019746159222513095,0.006549908709312371
2015-01-05,-0.009778171911783698,0.006386323908145124
2015-01-06,0.004162211352267112,0.006867159906513446
2015-01-07,0.005363098809617935,0.006746483530147918
2015-01-08,-0.0015302323204221071,0.006697425955012119
2015-01-09,0.0027441813671243475,0.0065345015450739554
2015-01-12,-0.0027004431818200914,0.00639004283232909
2015-01-13,0.002131100084331197,0.006290374359599359
2015-01-14,-0.003504357779614185,0.006150184356937844
2015-01-15,0.001546368389572724,0.0061094256162149314
2015-01-16,-0.005997063724918754,0.0059732875511390405
2015-01-19,0.00021682387908078586,0.006122833879453679
2015-01-20,0.007570473446551769,0.005978846071031091
2015-01-21,-0.009935158319993764,0.0061782900456070385
2015-01-22,5.152477615250441e-05,0.006713087473878851
2015-01-23,-0.0023034022186074364,0.006524958198399942
2015-01-26,-0.004019014973697806,0.0063989293371409725
2015-01-27,0.0030450968916451997,0.006362812797981053
2015-01-28,0.0035858626502308453,0.0062413980394592115
2015-01-29,-0.004393523863779418,0.006149906373430082
2015-01-30,0.0004120907170951474,0.00616075803989985
2015-02-02,0.0019997432907684436,0.006013323865129271
2015-02-03,0.0009486190204881458,0.005892707010474584
2015-02-04,-0.003814711468710164,0.005767815621377835
2015-02-05,0.004823721130902384,0.005781891225425007
2015-02-06,0.008609606636594954,0.005795067271551467
2015-02-09,0.000787624902922984,0.006122563335536078
2015-02-10,-0.013261455202171589,0.005978613707597114
2015-02-11,-0.007907189983371641,0.007022795143011887
2015-02-12,0.004824121117610294,0.007214024808105429
2015-02-13,-0.000276791913690607,0.0070946303930469546
2015-02-16,-0.000644810358395875,0.006881037336530374
2015-02-17,0.004233044689942187,0.00668720080486505
2015-02-18,0.004246439267013785,0.006584955501497139
2015-02-19,0.014318876010360332,0.006492175262232338
2015-02-20,-0.0043252614376046335,0.007430370946807727
2015-02-23,0.004064804043134947,0.0073179247742612575
2015-02-24,0.006065259517842189,0.007156357099170506
2015-02-25,0.004477749008886853,0.007111249631241892
2015-02-26,-0.009828835917123439,0.006984173763607989
2015-02-27,0.01139274099210913,0.007378048722831254
2015-03-02,0.00664839236430451,0.007777158039188781
2015-03-03,-0.0004988065882118192,0.0077110301998566865
2015-03-04,-0.0071563806816738965,0.007456124813657835
2015-03-05,0.010771623631910502,0.007531535748077973
2015-03-06,-0.0028127434512512707,0.00784169164243077
2015-03-09,-0.0010207080446734624,0.007630259272618223
2015-03-10,0.00687736213997036,0.007388083320267138
2015-03-11,-0.004428912047994175,0.007374215718409296
2015-03-12,0.0012840905431458077,0.007272185753514567
2015-03-13,0.028661480956915866,0.007045949255327225
2015-03-16,-0.007693271708523604,0.010494111758158498
2015-03-17,0.0061594706667177,0.010319114280626214
2015-03-18,-0.007662322191268178,0.01001988404329893
2015-03-19,0.001675827400276269,0.009883731527179722
2015-03-20,0.008359293300359687,0.009488410805674943
2015-03-23,0.02620032322697648,0.009379148412836337
2015-03-24,-0.0017941164178937553,0.011576360031231522
2015-03-25,0.0012168734163012802,0.011091976290388165
2015-03-26,-0.003378939410653759,0.010619315270933424
2015-03-27,-0.006839734640799957,0.01023213393272653
2015-03-30,0.0040205114508699916,0.01002679633299276
2015-03-31,-0.006137196681057217,0.009668221155054424
2015-04-01,-0.0001261569411359167,0.009468433907219327
2015-04-02,-0.0009422695077364576,0.009094915194274062
2015-04-03,0.0049111436155737116,0.008752836423615443
2015-04-06,0.006631565905231162,0.008515138633779817
2015-04-07,0.002811248016516885,0.00838239317815957
2015-04-08,-0.0014251297421033827,0.008103419848769947
2015-04-09,-0.010296318720878626,0.007835519247810533
2015-04-10,-0.0022978012173668345,0.008159697637066705
2015-04-13,0.0026318043918683487,0.007908780835733705
2015-04-14,-0.01466284132648645,0.007658818451570516
2015-04-15,-0.0163988541448288,0.008554805119585234
2015-04-16,-0.0010539196418433167,0.009524280722623067
2015-04-17,0.016851279145506822,0.009156085640450342
2015-04-20,0.012885767174978259,0.009941813728152312
2015-04-21,0.0020547020744015676,0.010160131518133587
2015-04-22,0.005620848449083312,0.009751862032576459
2015-04-23,-0.004244861573394489,0.009470310390860688
2015-04-24,0.0004985114518677471,0.009193432325164176
2015-04-27,-0.00045322538210127567,0.008835568929214365
2015-04-28,-0.0032535615129555663,0.008504895152965439
2015-04-29,-0.0024407403107667065,0.00825996702954466
2015-04-30,-0.006771759095587408,0.008006009373107041
2015-05-01,0.0038700608183018007,0.007994801179616082
2015-05-04,-0.004929342647275681,0.0077739144647311275
2015-05-05,-0.010789510439648035,0.007664763037497141
2015-05-06,-0.001873063519678012,0.008066596361306168
2015-05-07,0.0064424686431303595,0.007811113467879483
2015-05-08,0.006805145968560697,0.00772898304651048
2015-05-11,-0.005197856048166782,0.007677489843347912
2015-05-12,0.007457161611719056,0.007592543075208054
2015-05-13,-0.0019255976251773541,0.007599618880531246
2015-05-14,-0.0018302603980073526,0.007378988299457831
2015-05-15,-0.0010536593988500226,0.007172093876475943
2015-05-18,0.009221589773424108,0.0069633430274471005
2015-05-19,0.0039269176126225415,0.0071919831590583
2015-05-20,0.0006699871388172644,0.007035030968663649
2015-05-21,0.005524895299695975,0.006822375415296346
2015-05-22,0.0073254017859626375,0.006775713357156465
2015-05-25,0.004702150637617749,0.006859019690283695
2015-05-26,-0.0007563474841237436,0.006764183734866166
2015-05-27,-0.010343926819672243,0.006580656210378591
2015-05-28,-0.0032287718569151006,0.0070980132750585526
2015-05-29,0.01944362506717564,0.006961028111744016
2015-06-01,-0.002099594246473773,0.008620858170164931
2015-06-02,0.004136403134632271,0.008332341042635825
2015-06-03,-0.0042102292074276265,0.008095862569628957
2015-06-04,-0.002293471688988131,0.007922347657519683
2015-06-05,-0.001062026713238952,0.007688401127160387
2015-06-08,-0.0004634887596528123,0.00744281901561087
2015-06-09,0.005302434539092245,0.007206265624886656
2015-06-10,0.0012678004523152156,0.007112124016843495
2015-06-11,0.004570960328009384,0.006897190633194931
2015-06-12,0.00013582339613006015,0.006792638088912643
2015-06-15,0.000545567444333863,0.006598223166440842
2015-06-16,-0.007905843167675458,0.006417402914738922
2015-06-17,-0.0004972471288520249,0.006687107753121236
2015-06-18,-0.003377645637431937,0.0065057842908099114
2015-06-19,0.010990615206281343,0.006426165043776398
2015-06-22,-0.010047261559402627,0.006926057900809756
2015-06-23,0.0010223052743521372,0.007353422900461289
2015-06-24,0.008148818540150832,0.007119506284967726
2015-06-25,-0.015025611982389003,0.00723180383945374
2015-06-26,-0.0018057547516252639,0.00826756664861676
2015-06-29,-0.0038496476810956633,0.007996418752063921
2015-06-30,-0.0013449521752735337,0.007814217578778853
2015-07-01,-0.01376360867596322,0.007564925949007731
2015-07-02,0.020178528497294172,0.008353522415691152
2015-07-03,-0.011412313359694722,0.009786866800974386
2015-07-06,0.01673102949280294,0.009977812504170343
2015-07-07,0.0058199741766672385,0.01061493163441194
2015-07-08,-0.002944512333447513,0.010279750301546625
2015-07-09,-0.0004122223355988114,0.009902278164804042
2015-07-10,-0.006968536466514441,0.009503482179443735
2015-07-13,0.008398295633337131,0.00936733041680695
2015-07-14,-0.0029181481109666024,0.009271614591687922
2015-07-15,2.4355345841431495e-05,0.008961096603864993
2015-07-16,-0.004607379581111955,0.008619119800558697
2015-07-17,0.001101581409003329,0.008423011908907018
2015-07-20,-0.009517575056629118,0.008116733867213042
2015-07-21,-0.006695009819095847,0.008325945988610705
2015-07-22,-0.0058137856657863324,0.008278326657512814
2015-07-23,0.007379499028137124,0.008177208214196192
2015-07-24,0.0005168842322196544,0.008121961666416376
2015-07-27,0.012057658195521043,0.007833878859533582
2015-07-28,-0.015744526139402238,0.008241301427834202
2015-07-29,0.009586432221535384,0.009178121521394104
2015-07-30,-0.012007230198440095,0.009187991251446335
2015-07-31,-0.0046686679148635665,0.00951271409703512
2015-08-03,-0.0054268562003038975,0.00925093329258561
2015-08-04,-0.0012001795777228758,0.00904610413708622
2015-08-05,-0.0022654722401733722,0.00871091550302424
2015-08-06,0.003856376343608314,0.008420443631284448
2015-08-07,-0.0016869691215324065,0.00816790700398025
2015-08-10,0.0038236373702299426,0.007901003800668974
2015-08-11,0.008266182809743184,0.007685505850747245
2015-08-12,0.0038102288844369067,0.007745023421425604
2015-08-13,0.002487792162237244,0.007540786314435444
2015-08-14,-0.01731855848217706,0.007313905784900387
2015-08-17,0.005044558967126207,0.008691603888695143
2015-08-18,0.00413319921440997,0.008464149197564837
2015-08-19,-0.00010653191269717846,0.008217886005372724
2015-08-20,-0.0027530569560046837,0.007925258092608745
2015-08-21,0.0023086947863002628,0.0077055392164166675
2015-08-24,0.010354458908422067,0.007463210522326223
2015-08-25,-0.0003186345374997498,0.007739404951333603
2015-08-26,0.0029390827657770615,0.007480786262227613
2015-08-27,-0.0025292735423965472,0.007269241829110165
2015-08-28,0.0021909679073388202,0.007091671802096421
2015-08-31,0.002743532747155269,0.006891398831215368
2015-09-01,-0.010505907001802579,0.006718996591812913
2015-09-02,0.0032225902549545605,0.007233313403641539
2015-09-03,-0.025756047152942343,0.007048527529312785
2015-09-04,-0.0016258948143129163,0.01009276806758853
2015-09-07,-0.0035946413875827545,0.009697377214507181
2015-09-08,-0.007434290477096922,0.009379578850024727
2015-09-09,0.0009276247875803731,0.009285207951007029
2015-09-10,-0.0016244563925207007,0.008922343137361172
2015-09-11,-0.0037616949066494325,0.008602816489489483
2015-09-14,0.0038811293127407457,0.008370219225016623
2015-09-15,-0.006752599549826332,0.008122134923880054
2015-09-16,-0.0018889239394241676,0.008098159307395238
2015-09-17,0.0012125084312449316,0.007840836840428784
2015-09-18,-0.0028280980369246593,0.0075743952619050925
2015-09-21,-0.007257831666435576,0.007383794156711293
2015-09-22,0.0009273780035862502,0.007475499361714607
2015-09-23,0.0027063928199185638,0.007232523335111467
2015-09-24,-0.004072161830525865,0.007033342587682031
2015-09-25,0.003592789477758281,0.006942153143261318
2015-09-28,-0.0049810256773666645,0.006792596630033488
2015-09-29,-0.0009904851363024003,0.006777076322322501
2015-09-30,0.0045652344277327134,0.006596484730979745
2015-10-01,0.005067478363449056,0.006518001242838014
2015-10-02,0.010569799244798962,0.006473395930230139
2015-10-05,0.0007390960403851541,0.0069156661233038446
2015-10-06,-0.005987753856146513,0.006711808064108613
2015-10-07,0.007959928024976507,0.006775751378874935
2015-10-08,-0.0161022069603727,0.006911712390176505
2015-10-09,-0.0032218694174946157,0.008188116598123851
2015-10-12,-0.0038761969559914454,0.007965482599246244
2015-10-13,0.0057250911494296525,0.007786919141664149
2015-10-14,0.017582396652422227,0.007665287010185713
2015-10-15,-0.0001832938644719549,0.008844525113590018
2015-10-16,-0.01565851583256973,0.008511193410847277
2015-10-19,0.00883981220025247,0.009385317398046674
2015-10-20,-0.001887664787186024,0.009318796156087343
2015-10-21,-0.007258463300536524,0.008978420856125807
2015-10-22,0.003722508323858568,0.008908778658469698
2015-10-23,0.0005560494978627118,0.008617451378385122
2015-10-26,0.005363994380629065,0.008296666364067277
2015-10-27,-0.006572772004171647,0.008114424242530342
2015-10-28,-0.004479753683836929,0.008078454122839793
2015-10-29,0.0008167600370813388,0.007919540053152046
2015-10-30,0.003920123410599532,0.007645602013041151
2015-11-02,0.019087647661413375,0.007452884452286611
2015-11-03,-0.000228859300073137,0.008923619761061631
2015-11-04,-0.0005084146716710786,0.008585475499141147
2015-11-05,0.006863903039895548,0.008271680760505749
2015-11-06,0.017116249260339812,0.008174262859453702
2015-11-09,0.007435168625359633,0.009177401327415036
2015-11-10,0.006698387486610202,0.009036036228400655
2015-11-11,-0.004037943399515687,0.008863326477322468
2015-11-12,0.004721022991894395,0.008622652436635818
2015-11-13,-7.144614541231172e-05,0.008386923413658164
2015-11-16,-0.0008332392335825038,0.008082855928920132
2015-11-17,-0.004155628347364538,0.0078065040907712635
2015-11-18,-0.0077243201130684815,0.007653845146853205
2015-11-19,-0.00609209620171855,0.007754635148386116
2015-11-20,-0.006388734626948051,0.0077199344714021885
2015-11-23,0.005919698285295077,0.007709346444369358
2015-11-24,0.002978715471960687,0.007605292282330104
2015-11-25,-0.0005045510734803587,0.007385658133232126
2015-11-26,-0.00037755594706592645,0.00715359219438867
2015-11-27,0.004511833830840674,0.006936721236324488
2015-11-30,-0.0033837691035662255,0.006825970715900401
2015-12-01,-0.005227043755513519,0.006718718746076673
2015-12-02,-0.001989441714395254,0.006726885300359982
2015-12-03,-0.0011649952768021162,0.006574319193933998
2015-12-04,0.006460134835821434,0.006412587802057602
2015-12-07,-0.0006744550318896997,0.006469235709732791
2015-12-08,0.007618978059674052,0.00630684209181015
2015-12-09,0.013916271701715598,0.00646939095611442
2015-12-10,-0.001107746549011018,0.007353055495417529
2015-12-11,0.00017015856466368788,0.007132143473324796
2015-12-14,0.013546104477312375,0.006912989736827165
2015-12-15,0.0010800227540642645,0.007656797748012281
2015-12-16,-0.004919875524509815,0.007402081510641985
2015-12-17,-0.00808329110558741,0.0073254169626898085
2015-12-18,0.007410491618186963,0.00749595832471057
2015-12-21,-0.00031793125626580364,0.00750938370557934
2015-12-22,-0.005425013890722306,0.007266724172352807
2015-12-23,-0.0006673927838429523,0.0072341699831957994
2015-12-24,-0.007163662159148005,0.0070149068621141
2015-12-25,0.008745310325636056,0.007140487649375671
2015-12-28,0.002011452739785076,0.0073025145582245226
2015-12-29,0.0180689825339716,0.007083558860949861
2015-12-30,-0.009708590415484367,0.00847659467623686
2015-12-31,0.0042839589533152835,0.008660520598461499
2016-01-01,-0.004588789915550916,0.008405333007178736
2016-01-04,0.00556519228911646,0.008225346393300437
2016-01-05,-0.023208126290447655,0.008058733448555079
2016-01-06,-0.004095602391394532,0.010267175195333895
2016-01-07,0.006810962363345467,0.009927888131405134
2016-01-08,0.0011290895684265344,0.009689836229310096
2016-01-11,0.001550233011961226,0.00930243483344945
2016-01-12,-0.001967059362058471,0.00894259490292775
2016-01-13,0.0010723027427237426,0.008629015806553843
2016-01-14,0.009853535988649192,0.00830903874374929
2016-01-15,0.002913359794208802,0.008434168791285277
2016-01-18,0.026203684502910274,0.008153994562152087
2016-01-19,0.0040407438801884545,0.010709491881021117
2016-01-20,0.015986254049242473,0.010306640776348948
2016-01-21,-0.004254399622106404,0.010806946138555668
2016-01-22,-0.0208521238650773,0.010436446790877334
2016-01-25,-0.009807900606397196,0.011683344338882627
2016-01-26,0.0004715060193018784,0.011547757645522343
2016-01-27,0.0013260682803773315,0.011046071741949834
2016-01-28,0.0015579655148445586,0.010576801120366216
2016-01-29,-0.006524937743592462,0.010137622651699464
2016-02-01,0.01298504535823813,0.009921805972177296
2016-02-02,0.008214536651634876,0.010152246991792548
2016-02-03,0.011886200510650593,0.009976093080163104
2016-02-04,0.0007480463911162089,0.010096624920990655
2016-02-05,-0.0031147266903991,0.009682591258367993
2016-02-08,0.007710188450240286,0.009350006206022781
2016-02-09,0.0003765534759373816,0.009210825144710779
2016-02-10,0.0016082291461290102,0.00885192572186058
2016-02-11,0.0028343126980188934,0.008521689024719786
2016-02-12,0.008557543408831206,0.008233661804592006
2016-02-15,0.0009061427121223963,0.008258800669829336
2016-02-16,0.004373698767753851,0.007962424618530774
2016-02-17,0.014421126568316608,0.007762771966035733
2016-02-18,-0.0020670873707824156,0.008469851647549117
2016-02-19,0.016439160726108563,0.00819095496531875
2016-02-22,-0.006013803811531868,0.0090943453030831
2016-02-23,-0.0003069023898884595,0.008934806995685404
2016-02-24,-0.0044938577782338476,0.008596498459400697
2016-02-25,-0.001840215850359091,0.008396719384793614
2016-02-26,-0.006947154183090217,0.008117421733677124
2016-02-29,0.0023214193745240827,0.008108026299678227
2016-03-01,0.00809174206388876,0.007837824118444974
2016-03-02,-0.0011483015797574408,0.007867598237434307
2016-03-03,0.00019321839664735102,0.007610948933670357
2016-03-04,0.0034033182639577214,0.007358085246857133
2016-03-07,0.0011247257390993106,0.007169492116277231
2016-03-08,0.007016599441647016,0.00694929335002867
2016-03-09,-0.0016136363164692314,0.006990042612238309
2016-03-10,-0.0003644821311925688,0.006806763021222381
2016-03-11,0.007518663805587031,0.0066150288656047825
2016-03-14,-0.003373665835970093,0.006732286204015293
2016-03-15,-0.0033680175608102702,0.006632626383281221
2016-03-16,0.006057912995729867,0.006541367154826065
2016-03-17,0.002521371005001529,0.006556048167780783
2016-03-18,-0.0015560770367296002,0.006403941448797331
2016-03-21,-0.015023882796085769,0.006264791751857308
2016-03-22,0.0010722043430670455,0.007523438647988966
2016-03-23,-0.006568822576668014,0.007277919318449925
2016-03-24,-0.0018528226173775736,0.007325896454012496
2016-03-25,0.006346660555774791,0.007123534579892839
2016-03-28,-0.010655058293284551,0.007099644046865475
2016-03-29,-0.0008670983190990924,0.0075709495491054
2016-03-30,0.0013029342561956337,0.007330543362719848
2016-03-31,0.0022925577805352655,0.007100334898230238
2016-04-01,-0.008965264632703753,0.006901473840568274
2016-04-04,0.004958136939140318,0.0072135016337568246
2016-04-05,-0.01216971999402967,0.007100784747874092
2016-04-06,0.0015943437159545413,0.007760204508274663
2016-04-07,0.0019386390137988141,0.0075029663242422795
2016-04-08,-0.002276482173164369,0.007268468055471129
2016-04-11,0.0005492743442593181,0.007082674166350997
2016-04-12,0.01286002868073274,0.006866443056554565
2016-04-13,-0.0004595360397206675,0.00752694233690538
2016-04-14,0.0024100181523077813,0.0072844376311222946
2016-04-15,-0.0018494393909177084,0.007074502243190764
2016-04-18,0.0017983296056010652,0.0068909587885973966
2016-04-19,0.011042205736379831,0.006698629300440154
2016-04-20,0.00494245712828445,0.007160692647872592
2016-04-21,-0.002986187992013424,0.00705172328615485
2016-04-22,-0.0008156036878228831,0.006908429757282142
2016-04-25,0.03221894672103082,0.0067150745777872275
2016-04-26,-0.010426762141219008,0.01109370679322503
2016-04-27,-0.02585650275950439,0.011059603421637896
2016-04-28,0.014376414605918491,0.012948226290749446
2016-04-29,0.007364194648277674,0.012972867772934306
2016-05-02,0.005368061697077608,0.012539343758035715
2016-05-03,0.0023026574890783478,0.012058501966201883
2016-05-04,0.008665696053023688,0.011538053935731088
2016-05-05,0.0010288421392729064,0.011276005814289251
2016-05-06,0.0033912641312906647,0.010791471184790244
2016-05-09,0.0032808084110360733,0.010367208783519958
2016-05-10,-0.00351837854695664,0.009967434363892002
2016-05-11,-0.000725579044854889,0.009628424705546436
2016-05-12,-0.0006719251643270395,0.00924965240422332
2016-05-13,0.012357244357392107,0.008894399098664366
2016-05-16,-0.007094170214888014,0.009189496248095534
2016-05-17,0.0031582274497410833,0.009089327305395106
2016-05-18,0.003803532336228684,0.008770380700522955
2016-05-19,-0.000775389821801174,0.008491212277443996
2016-05-20,0.006775396465768507,0.008186619991324773
2016-05-23,0.0024899522209638806,0.008091299046403424
2016-05-24,0.0038410609694971153,0.00782553519063288
2016-05-25,-0.0027141854482935525,0.007616305928073136
2016-05-26,0.001192947812027494,0.007418475816411587
2016-05-27,0.0067871378144615,0.00718114330928096
2016-05-30,0.0049028562202949166,0.00718151693289309
2016-05-31,-0.006902290004056068,0.007068774882779499
2016-06-01,0.004062481503909715,0.007166193710290335
2016-06-02,0.033122282315445326,0.0070167087028976905
2016-06-03,0.0019366051558071485,0.01146507065816332
2016-06-06,0.009816878864358003,0.010975799170306694
2016-06-07,-0.004613596116804959,0.01083354462888598
2016-06-08,-0.0007715599369072974,0.010474780643198312
2016-06-09,0.012336296300766152,0.01004381778730885
2016-06-10,-0.013904229538144325,0.010197954744935768
2016-06-13,0.002602377469540584,0.010592308491013001
2016-06-14,-0.006028265140338754,0.01016518069361593
2016-06-15,-0.002420168740328144,0.00992004376703454
2016-06-16,0.010607957056542047,0.009552420234875134
2016-06-17,0.0017856789608256761,0.009607159974614692
2016-06-20,-0.0022764301355824947,0.009230385047834109
2016-06-21,-0.0015882913983542653,0.00890486903115218
2016-06-22,-0.0010995191281896804,0.008585796415763135
2016-06-23,-0.002554323091763394,0.008279431562550267
2016-06-24,0.008823491640853534,0.008027477777170644
2016-06-27,0.006758632825621251,0.008095603780095736
2016-06-28,0.04528813872078249,0.008007406527431078
2016-06-29,0.00054868973038085,0.014838628406013667
2016-06-30,-0.018287711411238174,0.014148024361364652
2016-07-01,0.014574045600968298,0.014504764113991942
2016-07-04,0.0212448307096293,0.014394292777644355
2016-07-05,7.158186559173959e-05,0.01492996778983077
2016-07-06,0.002283851072022335,0.014234754221716547
2016-07-07,-0.006507025599627278,0.013587493328395116
2016-07-08,0.01095324631238113,0.013118149643702429
2016-07-11,-0.012749878975800762,0.012869300437261456
2016-07-12,0.0033626134259452426,0.01284919249602548
2016-07-13,-0.01360408655241615,0.012298257497305783
2016-07-14,-0.026375083763992502,0.012411141942677064
2016-07-15,-0.00988930278207552,0.014085965003324376
2016-07-18,0.017342330175371113,0.013755289093697835
2016-07-19,0.006215634927561567,0.013963534907213847
2016-07-20,0.0012455022504822295,0.013419975968849371
2016-07-21,-0.01871529041928785,0.01281134814890623
2016-07-22,-0.005259183983358961,0.01338864325184
2016-07-25,0.010140389444633028,0.012883464104225657
2016-07-26,-0.013559762834616003,0.012602390697162156
2016-07-27,-0.017770357083442417,0.012678816215750557
2016-07-28,-0.008505207817785222,0.013167445401672296
2016-07-29,-0.009031387585110212,0.012826962149813135
2016-08-01,0.004280348205572085,0.012543749444933616
2016-08-02,-0.08641653147095697,0.012031390930726792
2016-08-03,0.005984490940048255,0.027141068630223936
2016-08-04,0.005722970755338341,0.02583370312249467
2016-08-05,0.016470828315046274,0.02459318094919731
2016-08-08,0.019660637372942706,0.023806458847242695
2016-08-09,0.015042273255087078,0.02326893071294654
2016-08-10,-0.031131211698644225,0.02249926753886814
2016-08-11,0.07239479335504756,0.023187022665468824
2016-08-12,0.019375728245100757,0.029989716954404017
2016-08-15,-0.00927825764268177,0.02898186087964975
2016-08-16,0.005085901780457269,0.02766952438775861
2016-08-17,-0.034076144544487846,0.026319664919437935
2016-08-18,0.008921107815286636,0.02685317610729219
2016-08-19,0.041981046489406024,0.025625318825163088
2016-08-22,-0.015332102555815415,0.027030454044107973
2016-08-23,-0.023933352935056853,0.026069778268228486
2016-08-24,-0.0006776553454681388,0.025718264014335468
2016-08-25,0.013310331823963099,0.024441709090997975
2016-08-26,-0.006943608695316648,0.023511397174036237
2016-08-29,0.12015917606126582,0.02244860356905237
2016-08-30,0.03608328662297024,0.040012639193551136
2016-08-31,-0.012460933194370458,0.03929635846565646
2016-09-01,-0.014926067658211091,0.03748629446793519
2016-09-02,0.018481069798303152,0.03585717683692806
2016-09-05,0.029921930620907318,0.034424249117890326
2016-09-06,-0.04032124384156105,0.033730965517079915
2016-09-07,-0.025219572544682035,0.03404864383708646
2016-09-08,-0.044812122394396706,0.033140592109689025
2016-09-09,0.018669730778788658,0.03398123063859646
2016-09-12,-0.013314227955619986,0.03267510920361294
2016-09-13,0.008509879639532331,0.03127559938421668
2016-09-14,-0.023344542518744394,0.029790593463457502
2016-09-15,-0.010394135490436033,0.029089800440167235
2016-09-16,-0.019197431446821935,0.02780448553256465
2016-09-19,-0.00935748132188917,0.0269966586563174
2016-09-20,0.021770760584196643,0.025801380113979505
2016-09-21,-0.022505523801389284,0.02524550880203979
2016-09-22,-0.009235760701597755,0.024858448729488024
2016-09-23,0.02369506299151306,0.023785100984188155
2016-09-26,0.0016299564831401634,0.02354142735094128
2016-09-27,0.005430463237201703,0.022380372331129453
2016-09-28,0.01469752985100079,0.021324580102094814
2016-09-29,-0.007954187002802055,0.020673401587237572
2016-09-30,0.00787286099268281,0.0198082922559908
2016-10-03,0.00724610272878185,0.018959966356148012
2016-10-04,0.02760585394679511,0.01814312773382308
2016-10-05,-0.015505164663812764,0.01889534231031651
2016-10-06,0.005771345611439887,0.018542486041383296
2016-10-07,-0.00171913239052802,0.017710572449805926
2016-10-10,0.00501199549731028,0.016872815495203447
2016-10-11,0.009248386771383208,0.016119905729596547
2016-10-12,0.016562427915530295,0.015555994546994053
2016-10-13,-0.0007200859960132624,0.015505811715444837
2016-10-14,0.0019396296921798983,0.014781957449754654
2016-10-17,0.013225932575681752,0.014100405743586597
2016-10-18,-0.007974578355425466,0.013924627345608096
2016-10-19,-0.004529492918028115,0.01350004445573535
2016-10-20,0.00760666940792855,0.012963400178855364
2016-10-21,-0.0007434354298833307,0.012541337639315815
2016-10-24,-0.004203959205729045,0.01198667282186557
2016-10-25,0.011759483730928189,0.011536137628397935
2016-10-26,-0.0023903028412840216,0.01148548223428898
2016-10-27,-0.005074367617474903,0.011017848246363614
2016-10-28,-0.007863657492351255,0.010664875429590737
2016-10-31,0.000539816191770314,0.010486261129104522
2016-11-01,0.002097107799658769,0.01004816560608561
2016-11-02,-0.0041684061755804976,0.00964744158357479
2016-11-03,0.003415484409519296,0.009354642563735673
2016-11-04,-0.001910915903009065,0.009024323115508532
2016-11-07,0.010044575976641901,0.008703997252015996
2016-11-08,0.01579623195246602,0.00880179105595577
2016-11-09,0.004284109805066585,0.009510118304675505
2016-11-10,-0.0032834455681686123,0.009194763407145165
2016-11-11,-0.001799029713085648,0.008901374249598866
2016-11-14,-0.007939221412910862,0.008586842271057018
2016-11-15,0.010795048197844114,0.008605702226646071
2016-11-16,-0.00922215951121029,0.00878244505385634
2016-11-17,-0.007321648880624563,0.008887060135754594
2016-11-18,-0.0038682901415799183,0.008830408222036434
2016-11-21,0.009460175237677173,0.00858516482846484
2016-11-22,0.006147647018543716,0.008646232060378059
2016-11-23,0.006409508937012635,0.00847545097947028
2016-11-24,0.004337921016894837,0.008333290229254825
2016-11-25,0.009297920794461843,0.008104179443907225
2016-11-28,-0.00021827491420864495,0.008203793320019312
2016-11-29,-0.0008194469379895232,0.00791285510179636
2016-11-30,0.015856832047463697,0.007647955510696685
2016-12-01,0.01656774403989441,0.008573720568513816
2016-12-02,-0.010274329056968208,0.0094239910776054
2016-12-05,0.0038626927206400863,0.009550776951532997
2016-12-06,0.003039859701149878,0.009219556525496017
2016-12-07,0.0056607976405395125,0.008889109699978765
2016-12-08,0.00017635690103787546,0.008674407801997713
2016-12-09,0.005734867409905586,0.008350400902487459
2016-12-12,0.012982675834829772,0.008182211354699924
2016-12-13,0.009290927038740316,0.008644021058944603
2016-12-14,-0.003985506504148582,0.008685022850676126
2016-12-15,0.0011915083493557429,0.008455544997987448
2016-12-16,0.008499528440050738,0.008147691194164749
2016-12-19,0.014893882516709372,0.008177149933624629
2016-12-20,-0.0062368540806006425,0.00887434004564092
2016-12-21,-0.005670069600560452,0.008746961549781954
2016-12-22,0.020496727665082506,0.00859674260566689
2016-12-23,0.00041901460684821745,0.010025124162333232
2016-12-26,-0.017544777616305275,0.00961526534807491
2016-12-27,0.012238949606760977,0.010547848827142627
2016-12-28,0.010910658280814542,0.010637463909308203
2016-12-29,0.0023869606690624045,0.01060710229265479
2016-12-30,-0.006863228286823954,0.010175677215177637
2017-01-02,-0.004529876184940095,0.009976338836118566
2017-01-03,0.007639692780075773,0.009674635666039781
2017-01-04,-0.0011259351440205852,0.00950351170794551
2017-01-05,0.02214225900649442,0.009137644910596853
2017-01-06,-0.010091865810664818,0.010705974456035099
2017-01-09,0.001807878539123453,0.010683216269272043
2017-01-10,0.007693063184369591,0.010239865359089589
2017-01-11,0.008096221591792926,0.010025396299049794
2017-01-12,0.003871505446210932,0.009852609829655839
2017-01-13,-0.011399517984571483,0.00950136265636641
2017-01-16,-0.0021831270367241805,0.009725028810046065
2017-01-17,0.0008099503960285747,0.009364534183621702
2017-01-18,-0.01586179906051011,0.008996262333238027
2017-01-19,-0.019862575013082372,0.009811021345981994
2017-01-20,-0.024196589112777382,0.011036361844342339
2017-01-23,-0.008638013387610251,0.012665499421173973
2017-01-24,0.013485828946326673,0.012371485404863635
2017-01-25,-0.0041102215002964786,0.012378967092788438
2017-01-26,-0.006302058470380437,0.011900221638206945
2017-01-27,-0.002697079109127376,0.011539288864109515
2017-01-30,-0.002121452425685139,0.011075078958040307
2017-01-31,0.003991724930195826,0.010627389028343457
2017-02-01,-0.008508480567564324,0.010228520383849832
2017-02-02,-0.008188642794548277,0.010131761154381951
2017-02-03,0.0151869327880203,0.010021313624939557
2017-02-06,0.003769537559807722,0.010470937573591268
2017-02-07,0.014844042237898895,0.010076292491360118
2017-02-08,-0.011317523365566965,0.010480392509448608
2017-02-09,0.017112832537451335,0.010584284251500124
2017-02-10,0.009846854173193231,0.011176012804139513
2017-02-13,-0.019313034361538837,0.01101825896470293
2017-02-14,-0.019590130035439992,0.011944301319074813
2017-02-15,0.006645454109946252,0.01275495066976106
2017-02-16,-0.003391901347080976,0.012306145555235024
2017-02-17,0.0014268978462710124,0.011811386382283856
2017-02-20,-0.008016875123704803,0.011297198529451194
2017-02-21,-0.005260530014013158,0.011075513446440005
2017-02-22,-0.004837779417717335,0.010726369132909502
2017-02-23,0.0016252170130571417,0.010384066950230381
2017-02-24,0.006048118682578185,0.009957271255233437
2017-02-27,0.0018722678225718595,0.009679620624722133
2017-02-28,0.008547930706220397,0.009299258003348482
2017-03-01,0.0072728501506945965,0.009220092980210488
2017-03-02,0.02330150288151805,0.009065253611480221
2017-03-03,0.003303579781681598,0.010842214876531444
2017-03-06,0.0019191482123005802,0.010412831788393207
2017-03-07,-0.005271511971141275,0.009987265781980219
2017-03-08,-0.014475803788699474,0.009717806236726672
2017-03-09,-0.00042072075171523614,0.010243737510231188
2017-03-10,0.000739910784759109,0.009823877060350301
2017-03-13,0.009989100737202609,0.009426680700117124
2017-03-14,0.012420128159648896,0.009443490919348995
2017-03-15,0.013574229172326355,0.009676193729811357
2017-03-16,-5.553371656245008e-05,0.009997034063320847
2017-03-17,0.003680574481274555,0.00959016738507189
2017-03-20,0.00486565906514169,0.0092511331062093
2017-03-21,-0.0017842746831830637,0.00897495602773439
2017-03-22,-0.0022521436672462017,0.00865518832816755
2017-03-23,-0.007300969098723001,0.008368213673040147
2017-03-24,0.00340741252083985,0.008360185977610126
2017-03-27,-0.005635840347129148,0.00809812832866416
2017-03-28,0.004792258540396551,0.008002099544869353
2017-03-29,-0.010325317674830364,0.007816912183439639
2017-03-30,-0.008856206553343734,0.008146699006108298
2017-03-31,0.00826933505109016,0.008290652707237224
2017-04-03,-0.0012870604481025197,0.008287969320147474
2017-04-04,-0.003613307638715033,0.008004803477297177
2017-04-05,-0.0030405434790351286,0.00781170498787499
2017-04-06,-0.002319425448677079,0.0076107356534034845
2017-04-07,-0.003571108104629544,0.007400466218843249
2017-04-10,0.0022182321236812437,0.007253697259093635
2017-04-11,0.0013637986286701253,0.007042066263845596
2017-04-12,0.007703726979528142,0.0068331046665205146
2017-04-13,0.0003848582497049173,0.006940726333526523
2017-04-14,-0.001948647006894716,0.0067347883740345215
2017-04-17,0.00351738597909118,0.00658037284444259
2017-04-18,-0.0012393775566886792,0.006457518528539813
2017-04-19,-0.022938581335129528,0.006306474905568758
2017-04-20,0.0023619103627290534,0.00904122949390127
2017-04-21,-0.013643892384882091,0.008709005942193301
2017-04-24,-0.00689192139543382,0.0092879535633342
2017-04-25,-0.007656897494325195,0.009165735835626564
2017-04-26,0.001911724351071933,0.009106724998937565
2017-04-27,-0.003618068919662738,0.008763482951265424
2017-04-28,0.012318007348182265,0.008513251401407991
2017-05-01,0.01553247233427657,0.008854441162250322
2017-05-02,0.013340683311958859,0.009520453425370074
2017-05-03,0.02045707409254043,0.009836959993596508
2017-05-04,-0.004765456092320168,0.010997817430329904
2017-05-05,-0.0048282447020766145,0.010633663133492314
2017-05-08,-0.004085789156065339,0.010297501046436014
2017-05-09,0.002949347084165819,0.009955753713101116
2017-05-10,-0.019669748276493662,0.009575242706450365
2017-05-11,0.006028812434003019,0.010819530731120335
2017-05-12,-0.007641522318226112,0.010478618328382922
2017-05-15,0.00011187486906390545,0.010301652717762533
2017-05-16,0.0037165856065236123,0.00987540860597813
2017-05-17,-3.03047105364799e-05,0.009518352770235603
2017-05-18,0.005755057970937805,0.009141205246556275
2017-05-19,0.006061063622957061,0.00891149374493045
2017-05-22,-0.0017326773241252338,0.008714773834060593
2017-05-23,-0.006846177261512263,0.008411381724998425
2017-05-24,0.0016372693304820094,0.008366212637739883
2017-05-25,0.0024061569260264903,0.008068310419926533
2017-05-26,-0.015483236961366144,0.00780247040796674
2017-05-29,0.002596121693935612,0.00878793486102005
2017-05-30,0.003470023973132484,0.008476822358752207
2017-05-31,-0.0018265481250205363,0.008208321933485292
2017-06-01,0.005667881055488934,0.00794178318525538
2017-06-02,0.0034211405708360347,0.007803927710694089
2017-06-05,-0.0035374453405798835,0.007582466875702915
2017-06-06,0.001447792076037075,0.007419467684360675
2017-06-07,-0.0027562956476749763,0.007184393880690076
2017-06-08,-0.00404689118522897,0.0070215554400156
2017-06-09,0.008500873603134548,0.00693007606549282
2017-06-12,0.0021623044205635765,0.0070953842122348535
2017-06-13,0.004268419246769789,0.0068942795045050555
2017-06-14,-0.0016795292482919269,0.006775991409909595
2017-06-15,0.0011193372562544308,0.006610800363646187
2017-06-16,4.537215052317862e-05,0.006431415053792197
2017-06-19,-0.0053222639451729215,0.006264449261766911
2017-06-20,-0.006581786469053354,0.0063269971308439555
2017-06-21,0.01827623414383177,0.0064838213571780535
2017-06-22,-0.0017185160397429249,0.008069417914541598
2017-06-23,0.00734542606092747,0.007810102432430711
2017-06-26,-0.006071335424665262,0.007787600313383071
2017-06-27,0.0027568092746803603,0.007748331608674253
2017-06-28,0.005414883935636114,0.007512684839281171
2017-06-29,0.0021160851739146554,0.007397896787127444
2017-06-30,5.16437011039623e-05,0.007173906027321465
2017-07-03,-0.0011025161855325258,0.006952302984595544
2017-07-04,0.008635248175099903,0.006760658973846114
2017-07-05,-0.002443484783046319,0.006959198216333453
2017-07-06,0.00415157703398346,0.006802979056724991
2017-07-07,-0.0005340793180581946,0.006687241047578904
2017-07-10,-0.003257961319509207,0.006506367584794502
2017-07-11,0.0003748867315601013,0.0064210060812876025
2017-07-12,-0.000493599342600832,0.006253610113585137
2017-07-13,0.0006520209826112805,0.006105395538353779
2017-07-14,0.001199848163735139,0.005962391973202326
2017-07-17,-0.0008101793181947774,0.00583389143146146
2017-07-18,-0.0010544389336790089,0.00572435025992798
2017-07-19,0.0014712896583752252,0.005628913726500589
2017-07-20,0.0015320360679851929,0.005530974150580114
2017-07-21,-0.0013970071584407497,0.0054422160398680105
2017-07-24,0.0034605698151023165,0.005379947469527098
2017-07-25,0.00040342909462724215,0.005361963184113774
2017-07-26,-0.0016513471721989934,0.005279804006229164
2017-07-27,0.0019973616712774703,0.0052401298535628355
2017-07-28,0.003731978969708974,0.005185791371810988
2017-07-31,-0.016044718478445835,0.005199888843197097
2017-08-01,0.002437918903828111,0.006945010896026531
2017-08-02,0.007331458814025284,0.00676093936413866
2017-08-03,0.012653952609857607,0.006846369646697555
2017-08-04,0.004134424910812598,0.0074835141964662965
2017-08-07,-0.004246569419262856,0.007311594204441885
2017-08-08,-0.005041227575117964,0.007205266305247562
2017-08-09,-0.017845790733236583,0.0071540682495851325
2017-08-10,0.004715297103960127,0.008659565016671832
2017-08-11,0.0022399401523409157,0.008420852571096487
2017-08-14,0.014715708047283694,0.008127845566964614
2017-08-15,0.0058842460130076255,0.008810368586343719
2017-08-16,-0.0027387304037998447,0.008612754703043393
2017-08-17,0.002390608520771221,0.008342705747393724
2017-08-18,0.002195039020191654,0.008057705462173563
2017-08-21,-0.004837257527201159,0.007788697462735684
2017-08-22,0.011842386060777052,0.007673091474911269
2017-08-23,-0.003497530885015181,0.008079645860324397
2017-08-24,0.008854257342469099,0.00787597801924075
2017-08-25,-0.0024951382426753595,0.00796312853363193
2017-08-28,0.014724506108760133,0.007732266335703112
2017-08-29,0.0072789605789749055,0.008485050049391296
2017-08-30,0.0006143587400704133,0.008394808599909313
2017-08-31,-0.016796877641539094,0.008088669638445786
2017-09-01,-0.007168444364757984,0.009209694726734063
2017-09-04,-0.0071979535348266205,0.00911268524539836
2017-09-05,-0.0003889822308453376,0.00902649479219253
2017-09-06,0.001025631531157525,0.00868291832062652
2017-09-07,0.004184861441977782,0.008359178583265719
2017-09-08,0.00040852192556652014,0.00812247106710522
2017-09-11,0.010990373298604802,0.007834395450282902
2017-09-12,0.0018192758377990517,0.008126734363801891
2017-09-13,-0.014663933945699701,0.007847207743950374
2017-09-14,-0.005857126911755968,0.008707260984707347
2017-09-15,-0.03463535659103685,0.00857133592131354
2017-09-18,0.02176057948234674,0.012918222871229044
2017-09-19,0.005578492419491307,0.013724190800542133
2017-09-20,-0.02230449399604335,0.013175027841985884
2017-09-21,-0.0027337116988368293,0.014136011406568654
2017-09-22,0.011960166896467941,0.013515941992553487
2017-09-25,-0.002325780586296796,0.013301107216132634
2017-09-26,-0.00022858977146945675,0.0127226691669359
2017-09-27,0.001137272766809902,0.012154100012036205
2017-09-28,0.0019113518546652478,0.011618193565209095
2017-09-29,0.006740360817169508,0.011119511350388234
2017-10-02,0.0006776474856517773,0.010788630480953023
2017-10-03,0.009322692227586821,0.010332357793815817
2017-10-04,0.00601744057218122,0.010213180095978994
2017-10-05,-0.0005471316350760668,0.009915317188220227
2017-10-06,-0.0012288331950042126,0.009516821014477896
2017-10-09,-0.028209213804005793,0.009151612051258464
2017-10-10,-0.005720878742208448,0.011971395883630054
2017-10-11,-0.0002691658061914451,0.011579241514380638
2017-10-12,-0.011493215533768685,0.011077828303711587
2017-10-13,-0.0007628591179390113,0.011133437449459023
2017-10-16,-0.014697454720784774,0.010662348313061992
2017-10-17,-0.012501705336707285,0.01108125059699376
2017-10-18,-0.0019610912493048353,0.01122667585027029
2017-10-19,-0.005878589087681003,0.010766567846501983
2017-10-20,0.004735000261752938,0.010468141992443357
2017-10-23,0.020742554073149386,0.010102406410055189
2017-10-24,0.02774010500577217,0.011253161039409413
2017-10-25,0.019699992795760592,0.01324130415401116
2017-10-26,-0.011164598662635883,0.01375827387420786
2017-10-27,0.007320147260168804,0.013536843020245484
2017-10-30,-0.011227373817551576,0.013063026439203245
2017-10-31,-0.005762811651306116,0.012906622234679307
2017-11-01,-0.00565644668428217,0.01245233442131335
2017-11-02,-0.008300205134785327,0.012024421655460834
2017-11-03,-0.021471206497776972,0.011761102557440272
2017-11-06,-0.004330936322136601,0.012849509454738024
2017-11-07,-0.0008270924700885087,0.012347709891495863
2017-11-08,0.001283398222954982,0.011805093797256486
2017-11-09,-0.024352137737965095,0.01129040799209132
2017-11-10,-0.006052411788684304,0.012889386384806481
2017-11-13,0.0020529218277973026,0.012448187870490643
2017-11-14,0.0057020334701933465,0.011901872475765622
2017-11-15,0.0034276112621703485,0.011474057859556465
2017-11-16,0.006425030972009841,0.011007918786228189
2017-11-17,-0.00030017443916794393,0.010670769783165505
2017-11-20,-0.01686374045479767,0.010223992239797232
2017-11-21,0.01656060217742277,0.01096343806449495
2017-11-22,-0.0035062387343573844,0.011437338508531174
2017-11-23,0.012086776526713234,0.011000701652467006
2017-11-24,0.0010590101255691254,0.011029694664147811
2017-11-27,-0.02042469927880428,0.010560006975922732
2017-11-28,-0.008368411138452094,0.01172134018749795
2017-11-29,0.007085501449447586,0.01148663273120538
2017-11-30,-0.0022297481181137537,0.011145311332515255
2017-12-01,-0.0023203338097660927,0.010695433147464918
2017-12-04,-0.02447037249394794,0.010275670480050582
2017-12-05,0.008849555704231587,0.01212072702572109
2017-12-06,-0.02100636492032564,0.011823621598541048
2017-12-07,-0.0019085359711070878,0.012838228986189441
2017-12-08,0.018979635799072792,0.012280154510167233
2017-12-11,0.006548367141100445,0.012846856831751975
2017-12-12,0.015790313587197406,0.012388065911023507
2017-12-13,0.005044402323552508,0.012602430498989594
2017-12-14,0.0012099881249243993,0.012107487618492183
2017-12-15,0.006671006248940762,0.011574647184244972
2017-12-18,0.0006655123219811506,0.011208109436730725
2017-12-19,0.010303283304370879,0.010726683409957492
2017-12-20,0.017470182758417812,0.010641612300933169
2017-12-21,-0.00765537667729306,0.011267585782028154
2017-12-22,0.004011057021717131,0.011026488739381616
2017-12-25,0.015881060684101462,0.010602420018114664
2017-12-26,-0.01797625716988216,0.011049721328518091
2017-12-27,0.0017735946278528238,0.01179815551748351
2017-12-28,0.02484304007832235,0.011287452755840956
2017-12-29,-0.010444925204383235,0.012809083447467742
2018-01-01,-0.004479547096354956,0.01261937668453305
2018-01-02,0.004769076705934544,0.01213702897163503
2018-01-03,0.0005901553280826651,0.011663392572753844
2018-01-04,-0.002420113993016342,0.011154904926273782
2018-01-05,0.0038741066904383215,0.010708448943771603
2018-01-08,-0.00565614712649966,0.01030119209508801
2018-01-09,0.004492582276347724,0.010026712049189512
2018-01-10,0.007936103756169662,0.0096828051784748
2018-01-11,-0.002553810330687302,0.009529149785666621
2018-01-12,-0.003411952837863746,0.009190771821602809
2018-01-15,0.0018635267373723215,0.008902108065483423
2018-01-16,0.014277211174669725,0.00857155246274984
2018-01-17,-0.0018082257215821622,0.00912739197578482
2018-01-18,-0.005012738806449047,0.008797987743239978
2018-01-19,0.007740517932947033,0.008607865741810286
2018-01-22,-0.005414722201813509,0.008536968159780979
2018-01-23,0.0012269272335172642,0.00838990809979304
2018-01-24,0.0017791658194790019,0.008086641823829092
2018-01-25,0.009027905355878546,0.007809308522763689
2018-01-26,0.006694778835157315,0.007918635186952634
2018-01-29,0.0020595165408314508,0.007842469489067904
2018-01-30,0.001960569054897732,0.007586070278184552
2018-01-31,0.001171043948636151,0.007346038183683062
2018-02-01,-0.0016623501386663136,0.007113639946960816
2018-02-02,0.0001128986849303466,0.006922250112158057
2018-02-05,-0.003292857202759826,0.006718465579877246
2018-02-06,0.015501213220432712,0.006616257479424297
2018-02-07,0.0019849290143341726,0.007707158268611393
2018-02-08,-0.02559950540416299,0.007458998649543476
2018-02-09,0.0002664799420374498,0.010323164696732147
2018-02-12,-0.01336288646588262,0.009895216973349745
2018-02-13,0.020555148030077873,0.010271229563590629
2018-02-14,-0.006798196824040989,0.011363320732684052
2018-02-15,0.012662245096113679,0.011066781213029281
2018-02-16,-0.009516294628145995,0.011138217911209466
2018-02-19,0.0035898660594597624,0.011030865834559622
2018-02-20,0.014129011420319176,0.0105960267428542
2018-02-21,0.0006447820695259354,0.010858554261289507
2018-02-22,-0.021804339365983492,0.010398031425642267
2018-02-23,-0.0013221916563959267,0.011794313720603527
2018-02-26,-0.0020038835640314133,0.011289857533229817
2018-02-27,-0.00017369977594223313,0.01082664996389657
2018-02-28,0.003896233621952383,0.01036971668888383
2018-03-01,-0.00926456230410386,0.009985022484307915
2018-03-02,0.006693258023435027,0.009967865406905294
2018-03-05,0.004854090476431693,0.009720649273003769
2018-03-06,-0.0029397479704640745,0.009410556220013251
2018-03-07,-0.00026380473910242257,0.009091163887041747
2018-03-08,-0.004068352518714844,0.008742482859766145
2018-03-09,0.005874235103200908,0.008512196748007779
2018-03-12,-0.0017615727662175437,0.00833800553877682
2018-03-13,0.0017141096795996785,0.00806097262359558
2018-03-14,-0.0006010923018681506,0.007784553722574561
2018-03-15,-0.0012645844471314749,0.007525712015102836
2018-03-16,0.007949994208293072,0.007295327810490871
2018-03-19,-0.005795766403777849,0.007371554800213955
2018-03-20,-0.005930268599550209,0.007353691054441755
2018-03-21,-0.0011674250296036406,0.007346901609028662
2018-03-22,0.011899484288289377,0.0071275305278771725
2018-03-23,0.002990659134472778,0.007623475693301281
2018-03-26,-0.0010803490721243234,0.007402831493128188
2018-03-27,0.0060568675106907055,0.007177849466188783
2018-03-28,0.001892930127221244,0.007130194442359166
2018-03-29,-0.0046597960062142,0.006921771872462299
2018-03-30,0.0019571255642139543,0.006873842655678753
2018-04-02,-1.1024715126220605e-05,0.006685401914792911
2018-04-03,-4.430000353253781e-05,0.006499694653354313
2018-04-04,0.007919433997232325,0.006328122037987733
2018-04-05,-0.0026966360775727656,0.0065149409622837235
2018-04-06,0.0020440647255950024,0.006404489733369343
2018-04-09,-0.0013104786389499768,0.006253516669882325
2018-04-10,0.001758002519666844,0.006120298219745019
2018-04-11,0.0018721978959407466,0.005986555845885987
2018-04-12,0.0034994364433958143,0.0058656286936329734
2018-04-13,0.0006610331811779569,0.005803858155800423
2018-04-16,0.0014479108296391295,0.00568492454463744
2018-04-17,-0.00317061272320939,0.005581972157371878
2018-04-18,-0.0044113165387314,0.005578570038120011
2018-04-19,-0.00017887876055464838,0.005651378744578937
2018-04-20,-0.000946886318696827,0.005548075671161427
2018-04-23,0.004800250167760712,0.00546539181479046
2018-04-24,0.0076240377849217215,0.005510247638780564
2018-04-25,-0.0035329951400119215,0.005778122470621188
2018-04-26,0.0028153581712324228,0.00577487950877735
2018-04-27,-0.0015228462541591451,0.005695891561792087
2018-04-30,-3.8756126857498606e-05,0.005614821027669726
2018-05-01,3.8023700711077146e-05,0.005513330600338059
2018-05-02,0.0015215893545279392,0.005419797657279283
2018-05-03,0.0037362186236167163,0.005340437956385954
2018-05-04,0.004196108409562084,0.005339110289907346
2018-05-07,0.011624905845028562,0.005361752158486431
2018-05-08,-0.007085392839217622,0.006146106897296089
2018-05-09,-0.0013292003917231548,0.006371830330110166
2018-05-10,-0.009667801170094711,0.006229596897551804
2018-05-11,-0.004721150160400664,0.006722932708733199
2018-05-14,0.007067929553700569,0.006697676799109926
2018-05-15,-0.012157889121681262,0.006769342873912631
2018-05-16,-0.00773014910302742,0.007487280895724075
2018-05-17,0.0031253669692677495,0.007607382337635743
2018-05-18,-0.00995848872710374,0.007391646877776346
2018-05-21,0.009251442339362918,0.0077410075652697315
2018-05-22,0.0016930487405605829,0.007877683527188841
2018-05-23,0.003829962917654913,0.007613539072131726
2018-05-24,6.259432308481174e-05,0.007420004833234634
2018-05-25,0.0016738460904322549,0.007180956095869031
2018-05-28,-0.001534371621559579,0.006965612003064813
2018-05-29,0.0031901957299740272,0.006782246600580451
2018-05-30,-0.0006645375733281098,0.006631587615437363
2018-05-31,-0.0003838667372418679,0.006456674894392269
2018-06-01,0.0014848038756543507,0.0062914452437754
2018-06-04,0.00107101822332653,0.006140166286328245
2018-06-05,-0.00013123876854419182,0.005996462521044843
2018-06-06,0.0039026298970727216,0.005864612815889808
2018-06-07,-0.0003880904018323142,0.005820699816137689
2018-06-08,0.00740263559635905,0.005705750439650593
2018-06-11,-0.0010022142727951903,0.005925515971264062
2018-06-12,0.007982066486746719,0.005812150840338377
2018-06-13,0.003877155201957308,0.006073013515935015
2018-06-14,-0.010698487344424615,0.0060088067059030125
2018-06-15,0.00011985605071821804,0.006672905793600983
2018-06-18,0.0024507313054671154,0.006487408212146069
2018-06-19,0.00837515887090559,0.006338946836029514
2018-06-20,0.00640324350762108,0.006566998741462341
2018-06-21,0.003831762699048911,0.006603089272162902
2018-06-22,0.0005047848884904192,0.006490667188907425
2018-06-25,0.005814198543523025,0.006317902051556047
2018-06-26,-0.005017041706595235,0.0063390499440017884
2018-06-27,0.002298026367525837,0.006371830091008317
2018-06-28,0.0017507668992046874,0.006228870583282062
2018-06-29,0.0028080491157056226,0.006086386390613123
2018-07-02,0.003773461392836761,0.005980456222053409
2018-07-03,0.0007311291953725101,0.005920009706135541
2018-07-04,-0.001313217859432709,0.005791902717161381
2018-07-05,0.0032748975965894165,0.005696888984087413
2018-07-06,-0.0013640929053532664,0.0056413734339289656
2018-07-09,-0.0009407461348266981,0.005560626959949625
2018-07-10,0.002103286374362027,0.005476730313147452
2018-07-11,-0.0009599195878934852,0.005403772719731148
2018-07-12,0.005179864549276197,0.005333965959969066
2018-07-13,0.004504235858701073,0.005418317465031337
2018-07-16,0.003956588524649097,0.005450234868484647
2018-07-17,0.0030665812464735535,0.005448889285696686
2018-07-18,0.004085402889124305,0.005408173642421451
2018-07-19,0.0024458596929059894,0.005417740953765801
2018-07-20,-0.0037213777592796427,0.0053590703422756215
2018-07-23,-0.003663460986547467,0.005410478154011492
2018-07-24,0.0020944257550719984,0.005452769852144162
2018-07-25,0.00026862530649461846,0.005381710195976924
2018-07-26,-0.0034854756114343697,0.005298189021735386
2018-07-27,-0.0015810793080226599,0.005341764454464525
2018-07-30,0.0052250526030462405,0.005294098036982789
2018-07-31,0.002465914352897209,0.005386168990181318
2018-08-01,-0.0010774549707083855,0.00533093990691566
2018-08-02,-0.0024173845410146136,0.005270303349599562
2018-08-03,-0.010359310107028712,0.00526111948751712
2018-08-06,-0.02191005472223512,0.006028715428330354
2018-08-07,-0.0031466809964984365,0.00865376871406299
2018-08-08,-0.005670119361991119,0.00839421254460856
2018-08-09,0.019053666902497622,0.008274185981409577
2018-08-10,0.013427969738298766,0.009547513955568023
2018-08-13,-0.010265012863225769,0.009869656153227378
2018-08-14,0.001318185719557674,0.009946855859027938
2018-08-15,0.02044906590472587,0.00954460588824838
2018-08-16,-0.0031922345693055814,0.01076228460149028
2018-08-17,0.008011656422013352,0.010360246162534427
2018-08-20,-0.0009482957985225725,0.010154566907045732
2018-08-21,-0.0012722365865514072,0.00974533278140377
2018-08-22,0.005755386700297698,0.009366195904409087
2018-08-23,0.006912079153117853,0.00911935251524832
2018-08-24,-0.001650112231127395,0.008951844055438923
2018-08-27,0.002017441813792646,0.008630863189862469
2018-08-28,-0.0015420321420041272,0.008320266211760916
2018-08-29,0.002975751143676455,0.008039759851676638
2018-08-30,0.00027300583438679836,0.007788729814507731
2018-08-31,-0.007948026096348995,0.007523430269442208
2018-09-03,-0.002854558713672178,0.0076584159139609816
2018-09-04,-0.01181297424429996,0.007462335158190609
2018-09-05,0.003639162208626164,0.008015394450126233
2018-09-06,-0.004132326847369154,0.007785257896933686
2018-09-07,-0.0025384255738264538,0.0076332098511216135
2018-09-10,-0.0035310508944223847,0.007428180515142901
2018-09-11,0.004385075675928295,0.00727736414466582
2018-09-12,-0.012063777646856353,0.007132428131097858
2018-09-13,0.0040453596574675605,0.007772532318460971
2018-09-14,0.005068794253028681,0.007574734238600858
2018-09-17,-0.017829573565468826,0.007436991957842199
2018-09-18,-0.0015256911072462783,0.00886881197287795
2018-09-19,0.014918804739503348,0.008550936626253003
2018-09-20,0.014576439442559947,0.009189059792865073
2018-09-21,0.005974269289661386,0.009687447015574802
2018-09-24,-0.010979428292250633,0.009426525163180259
2018-09-25,-0.024470154769805175,0.00961850408848577
2018-09-26,-0.007485360967553457,0.011625177381375206
2018-09-27,0.005039568866622771,0.011345992835189172
2018-09-28,-0.004656039750096385,0.01093192631305812
2018-10-01,-0.01059179750508011,0.010568022108941916
2018-10-02,0.01582760411441253,0.010599859429118518
2018-10-03,0.0005286797190752726,0.011041564823720321
2018-10-04,0.013437581009886203,0.010569986006749445
2018-10-05,0.011978517564736519,0.010767665668824446
2018-10-08,-0.0014566558673104768,0.010811515656869749
2018-10-09,-0.0007588903943653634,0.01036852274403216
2018-10-10,0.0021303405220861613,0.009943964094171047
2018-10-11,-0.05368760843592268,0.009550226203236404
2018-10-12,-0.028716156951276463,0.017860288102941543
2018-10-15,-0.008688360625287574,0.018904433558512068
2018-10-16,0.012473160387673527,0.018176741320429367
2018-10-17,-0.003145234649889262,0.017630174647471315
2018-10-18,-0.007917759425833856,0.016816770532493048
2018-10-19,-0.012289115713217547,0.016192346584987954
2018-10-22,-0.006365380300905218,0.015844803488640032
2018-10-23,-0.0167580685550998,0.015222440460331648
2018-10-24,-0.06082351863196835,0.015309399029083728
2018-10-25,-0.0031110316222694783,0.022666844592068136
2018-10-26,0.036588704489536786,0.02157430006593572
2018-10-29,-0.017511782621938934,0.022914993963345915
2018-10-30,0.0030634845194667357,0.02237277806987233
2018-10-31,-0.017993121002961403,0.021284097230982287
2018-11-01,0.004500178319110017,0.020906246851085702
2018-11-02,0.0083037321469508,0.019915927188696288
2018-11-05,-0.006325747858064694,0.019074894469973225
2018-11-06,0.011279508915161891,0.018253594326660808
2018-11-07,-0.031554363544396676,0.017640015880215004
2018-11-08,-0.0035365956487492093,0.019085379797314003
2018-11-09,-0.013905719816506396,0.01819697991869721
2018-11-12,-0.0016365157029860043,0.017793792496819144
2018-11-13,-0.005572688119767312,0.016950584716339437
2018-11-14,0.0160495134274588,0.016233924149238136
2018-11-15,0.00775400461586973,0.016078844901962118
2018-11-16,0.00461210690004674,0.015455936551389651
2018-11-19,-0.011020800876473778,0.014776675237180972
2018-11-20,0.005503302305347846,0.014461446199652174
2018-11-21,-0.015181635424627853,0.013864441073609379
2018-11-22,0.029106030334561866,0.013952546320385522
2018-11-23,-0.000408738752467185,0.01557788790755676
2018-11-26,0.010297786503573377,0.01484821864682702
2018-11-27,-0.00038281728562920337,0.014425753599557698
2018-11-28,-0.0008216430508094076,0.0137606133414329
2018-11-29,-0.004653900187142266,0.013136162712431634
2018-11-30,-0.009304571107487534,0.012626476495754995
2018-12-03,0.007574126718128281,0.01237640848534866
2018-12-04,0.004710765888844238,0.011994223601489187
2018-12-05,0.012547488139038911,0.011527953147541872
2018-12-06,0.008279289679851018,0.011541910198556873
2018-12-07,0.0009780447225313537,0.011257686696752534
2018-12-10,-0.026004540545217492,0.010774054061798386
2018-12-11,-0.009076624043343856,0.012754272632923648
2018-12-12,-0.010339007493966776,0.012479633872868816
2018-12-13,0.0065703241058000135,0.012311208799996478
2018-12-14,0.01454138974837132,0.011889372678377787
2018-12-17,0.01285376762127686,0.012041358499026343
2018-12-18,0.0019104338146780204,0.012029302931055783
2018-12-19,0.004650067761215017,0.011506209714325717
2018-12-20,0.010233020380521804,0.011069391165951868
2018-12-21,0.05872896204118964,0.0109479136626382
2018-12-24,0.018683551634365102,0.019522297350457154
2018-12-25,-0.00120816060415631,0.019273282244051466
2018-12-26,0.009239439418946773,0.018345214433877568
2018-12-27,0.04431003813478227,0.017635260913041524
2018-12-28,0.019183190073029953,0.02086738459974396
2018-12-31,-0.03036313280360331,0.020538449146288173
2019-01-01,-0.02024053854941242,0.021397376972830742
2019-01-02,0.00548186053428725,0.02117726522314101
2019-01-03,0.053644025571344664,0.020189463114426272
2019-01-04,-0.049243794765212255,0.02438843937356632
2019-01-07,0.034902503655865835,0.027115899154956907
2019-01-08,0.004897854909651781,0.027539560071049834
2019-01-09,0.036726515995643076,0.02619411999363166
2019-01-10,0.008075724623111919,0.02691667822951605
2019-01-11,0.019333131914330694,0.025664141102039455
2019-01-14,-0.008747647589630644,0.024963138289707455
2019-01-15,0.01687107515906368,0.02386805322642198
2019-01-16,0.009358937035949574,0.023155054231991733
2019-01-17,0.014363598331970446,0.022154442987138808
2019-01-18,-0.032790392622378185,0.02142693067987486
2019-01-21,0.006672976861236177,0.0224468715370386
2019-01-22,0.007905040901362655,0.021413180265589485
2019-01-23,0.011767364347141837,0.0204709215874136
2019-01-24,-0.06196257886113049,0.019730916033492515
2019-01-25,0.013981889790516417,0.025777975936975627
2019-01-28,0.003837881029087,0.024791017471101413
2019-01-29,0.022474348621732376,0.023580212223564847
2019-01-30,0.0019457061688114422,0.023260557333079444
2019-01-31,0.017179514123962035,0.022115953065763444
2019-02-01,-0.008004072617894938,0.021551341891382594
2019-02-04,0.0021447220529059938,0.020634918068036287
2019-02-05,0.010963031268006344,0.019632530864807488
2019-02-06,0.0016501238139252073,0.018911653634917255
2019-02-07,0.000256307159494169,0.017999761155897593
2019-02-08,-0.01146284033485767,0.017134672812705382
2019-02-11,-0.0008930752400508621,0.01666391535830647
2019-02-12,0.030797266211807436,0.0158767981738094
2019-02-13,-0.007541300592697199,0.01738675919829282
2019-02-14,-0.0016412987572498295,0.016710549275689504
2019-02-15,-0.004232698906016082,0.0159274927159031
2019-02-18,0.0028948636628926025,0.015235104099034969
2019-02-19,0.00020357348133080575,0.014538101216276366
2019-02-20,-0.022924167123939715,0.013864623246655654
2019-02-21,0.011552537472681155,0.014795280613444092
2019-02-22,-0.01639449498698321,0.014449324633155033
2019-02-25,-0.009710772268979985,0.014585561387484776
2019-02-26,-0.004328668846829293,0.014205827343579669
2019-02-27,0.004015422488655881,0.01361948093323029
2019-02-28,0.004042245161869969,0.013035715953619919
2019-03-01,-0.012865236170061873,0.01248762192909675
2019-03-04,0.004509903706326621,0.012515470200123313
2019-03-05,-0.009539649879432937,0.012010813507663757
2019-03-06,0.0011979202661110992,0.011827816475597606
2019-03-07,0.007127646813256816,0.011311343233153357
2019-03-08,0.020999587558141342,0.010984802836049707
2019-03-11,-0.019901302149535963,0.012009077867034978
2019-03-12,-0.0016919479554656247,0.012848860122461888
2019-03-13,0.0007832903211970144,0.012286914041739276
2019-03-14,-0.009304894317602973,0.01174213997849913
2019-03-15,-0.012905408245275711,0.011566371183458959
2019-03-18,0.016898993589961674,0.011695265954051464
2019-03-19,0.017280841518221714,0.01210848794951228
2019-03-20,-0.013008995300980642,0.012509263117622458
2019-03-21,-0.0011418595563228403,0.012547228127944116
2019-03-22,-0.010878829104576746,0.01199605337389843
2019-03-25,0.014008572744555421,0.011911044750053244
2019-03-26,-0.004120719558492707,0.012011836301814535
2019-03-27,-0.004660543357106863,0.011556983782392772
2019-03-28,-0.006942826078957012,0.011150694299059901
2019-03-29,-0.0013533684309760417,0.010878227696610624
2019-04-01,-0.0029576048084297727,0.010429623770810284
2019-04-02,-0.003713633222656523,0.010042696315307357
2019-04-03,-0.010002279856452082,0.009705181644263294
2019-04-04,0.005745808988973887,0.009777286241487961
2019-04-05,-0.003483166196509397,0.009499330217394
2019-04-08,0.000301907766588754,0.009191452342100594
2019-04-09,0.00231133477403536,0.008833892448067888
2019-04-10,0.014819508759755871,0.008514479719790174
2019-04-11,0.03126033044109535,0.009146069915461194
2019-04-12,-0.006748698624750396,0.012368563769342183
2019-04-15,0.004731297492859906,0.011995279208290749
2019-04-16,-0.008403665032764676,0.011529542975947212
2019-04-17,-0.010983925331326264,0.011312795639984241
2019-04-18,0.006129406910327,0.011301851793139032
2019-04-19,0.012550718258519186,0.010931325918278851
2019-04-22,-0.033009065472345535,0.011007364922730965
2019-04-23,-0.02191065180927637,0.014173019148873908
2019-04-24,-0.03784156166432646,0.014932046402829104
2019-04-25,-0.014300364823336843,0.017896240858553656
2019-04-26,0.014875541540018479,0.017543430596463683
2019-04-29,-0.012986839690267322,0.017190906228269295
2019-04-30,0.006934612435628975,0.016808513284663543
2019-05-01,0.011082910857358609,0.016111668005901185
2019-05-02,0.015633480156825672,0.015639280722473326
2019-05-03,0.011670297100112215,0.015506455723254625
2019-05-06,-0.016294049494975153,0.015112484745134155
2019-05-07,-0.016928338850943168,0.015169432538163557
2019-05-08,-0.02234211172456599,0.015277443332742863
2019-05-09,0.006210536519024649,0.015931139719105373
2019-05-10,0.003129607099242364,0.015265317214571738
2019-05-13,-0.013120663173382893,0.014569835461495819
2019-05-14,0.005872715278694514,0.014418526001647149
2019-05-15,-0.007745635430318726,0.013835237201126362
2019-05-16,-0.0014700045861948934,0.013405657382697275
2019-05-17,0.0030271398305009665,0.012808237908534087
2019-05-20,-0.006741673069561756,0.012253847450791978
2019-05-21,-0.009815141456937472,0.011888500574936532
2019-05-22,0.004906722296002317,0.011735202290134162
2019-05-23,0.013127853210393734,0.011291457462296876
2019-05-24,0.008104130967331896,0.011379996687030885
2019-05-27,-0.006558963279990211,0.011098635806197868
2019-05-28,0.0024143562976783267,0.01080962821237695
2019-05-29,0.0034011077726567693,0.010366119654122798
2019-05-30,-0.004219334565969344,0.009969157793912053
2019-05-31,-0.006022372365283642,0.009655437116338645
2019-06-03,-0.00014443895244873695,0.00945029240915466
2019-06-04,-0.001754147248418388,0.009078020052949224
2019-06-05,0.0025008247196367265,0.008750765547023732
2019-06-06,0.007884336226123183,0.008440294536198163
2019-06-07,0.006078067178259856,0.008395057378721942
2019-06-10,-0.003872710949673092,0.008241266664078085
2019-06-11,-0.0014708712193698243,0.008040912677647455
2019-06-12,-0.0030423071642533992,0.007778264310864193
2019-06-13,-0.0018621386028449091,0.007579913675258507
2019-06-14,0.007402579591600013,0.007359073181743598
2019-06-17,-0.013005629419121124,0.007385933298257026
2019-06-18,-0.0037624377358577072,0.00810487333017624
2019-06-19,-0.004681971812227893,0.007910344149564354
2019-06-20,-0.0010630489868413949,0.007775886872705278
2019-06-21,0.002099213681057497,0.0075241893093023985
2019-06-24,0.0063201917140072745,0.00729086284590603
2019-06-25,-0.0034684078934844064,0.007249205712425023
2019-06-26,0.0033205065588377586,0.007110256395635503
2019-06-27,0.0008572405570595725,0.00693805390512237
2019-06-28,-0.004210026627297962,0.006732989117516384
2019-07-01,-0.005724832141047754,0.006676419420417137
2019-07-02,-0.009320887567419138,0.006724358814365017
2019-07-03,0.016987100854411116,0.007100090698494398
2019-07-04,-0.0011442596783454925,0.008313610449187759
2019-07-05,-0.001440921072251235,0.008026256538508232
2019-07-08,0.0026169399957806116,0.007764025282573996
2019-07-09,0.0016295192871598546,0.0075240012310779335
2019-07-10,0.002766388152487231,0.007283652941920099
2019-07-11,0.018892396267872653,0.007082186200681675
2019-07-12,-0.0032448669844761095,0.008614176947391423
2019-07-15,0.003736009168593469,0.008360954630386793
2019-07-16,0.00280931864509071,0.008108806726355328
2019-07-17,0.006997572293995041,0.007848828452782744
2019-07-18,0.02030670612917854,0.0077987930431795745
2019-07-19,-0.005209828852680126,0.009387412010363805
2019-07-22,-0.002649325588661125,0.00916074917619963
2019-07-23,0.006350876576667563,0.00884990695179275
2019-07-24,0.0015860521971825293,0.008673372371060892
2019-07-25,-0.004394778690671782,0.008354580193425318
2019-07-26,-0.003428312147437391,0.008169199340326415
2019-07-29,-0.011298428271385618,0.007955926531963886
2019-07-30,-0.002492256672087404,0.008372772722211486
2019-07-31,0.0037807527581835403,0.008112291831003121
2019-08-01,-0.0010253420648642037,0.00787968387494386
2019-08-02,-0.002488798468590344,0.00762014498847186
2019-08-05,-0.011356574823723759,0.007414484606745593
2019-08-06,-0.0010886408809593013,0.007919810168769541
2019-08-07,0.00971943442873647,0.0076585218016470575
2019-08-08,-0.0016257449429076172,0.007847770273302773
2019-08-09,0.004694600736079923,0.007601989986922173
2019-08-12,-0.006039346017340273,0.007444380472003582
2019-08-13,-0.0017837722409168818,0.00743626009883421
2019-08-14,0.009573021121508325,0.0072239474723749895
2019-08-15,-0.015777750690274258,0.007453351753203158
2019-08-16,0.008035650710136509,0.008555373780499415
2019-08-19,-0.007676468816826935,0.008509868447964732
2019-08-20,-0.00473958245952243,0.008516128597344134
2019-08-21,-0.004293741797586044,0.008334762120532482
2019-08-22,0.004673263785417237,0.008146154336804004
2019-08-23,0.014986071792985342,0.007944629499287025
2019-08-26,-0.03406788221931866,0.008694430756074229
2019-08-27,0.005678017481480417,0.012869688886886409
2019-08-28,0.0015904088887452742,0.012377841170567835
2019-08-29,0.007059923763180107,0.011831524676177457
2019-08-30,-0.006431118214108151,0.011464252549948265
2019-09-02,0.0067382191290916,0.011141337884290697
2019-09-03,0.0031240972394665154,0.010808778797761714
2019-09-04,-0.027316460245817808,0.010377745424456263
2019-09-05,0.004525892503313389,0.01268180889833598
2019-09-06,-0.016527466225094867,0.012167254171602608
2019-09-09,-0.0009786115939063621,0.012587002627809478
2019-09-10,-0.007019976119155466,0.012031802650346504
2019-09-11,-0.012231362790385558,0.011696659813032528
2019-09-12,-0.0030895160548255335,0.011751496652923075
2019-09-13,0.0060344795293493375,0.011283557784046841
2019-09-16,-0.013359219422534818,0.010910419136412431
2019-09-17,0.007121093990018456,0.011157945966849474
2019-09-18,0.03331691190033843,0.010842365665720369
2019-09-19,-0.022976359645944237,0.013926851059742062
2019-09-20,0.012275243411389058,0.014854380477632594
2019-09-23,-0.017397263948717392,0.014549222179506436
2019-09-24,0.01799270627659225,0.014769456454920152
2019-09-25,-0.013621692355289245,0.014926578355629086
2019-09-26,-0.004036883666501222,0.014780941880146068
2019-09-27,0.005613067058407766,0.014151865023738025
2019-09-30,0.010810361937449206,0.01357715845324756
2019-10-01,-0.0005964390945402956,0.01328192732854041
2019-10-02,0.008779370462359225,0.01268324913023507
2019-10-03,-0.0004401305171393722,0.012339455647227179
2019-10-04,0.003425888031661967,0.011794348508249135
2019-10-07,0.002014237163515232,0.011308441834423547
2019-10-08,0.0021219818867128665,0.010829413843106938
2019-10-09,-0.001866033096902902,0.0103807056497145
2019-10-10,0.00557106901598761,0.009971509104276256
2019-10-11,-0.004583445573282344,0.009671874363958137
2019-10-14,0.00779485097375947,0.009394570338908186
2019-10-15,-0.009625305098944723,0.009256853932399112
2019-10-16,0.003108746954910886,0.009344632390893335
2019-10-17,-6.094078573062184e-05,0.009007462679513035
2019-10-18,0.0008836536504536626,0.008662916246608057
2019-10-21,-0.01237377925662269,0.008339860989012453
2019-10-22,0.006795275968206213,0.008823643724239239
2019-10-23,0.006798564136121645,0.008674183516409244
2019-10-24,0.017111490558432765,0.008537626515774643
2019-10-25,-0.002223678302165932,0.009469809362199669
2019-10-28,0.0009531035116214224,0.009127049594488857
2019-10-29,-0.0028368447023816136,0.008774346419740491
2019-10-30,-0.0033443813708289504,0.008495940335811952
2019-10-31,0.003023310037835916,0.008255013229587157
2019-11-01,-0.006803996243099143,0.007989999159096112
2019-11-04,0.010389752398813599,0.007982728029668644
2019-11-05,0.0024271625685959976,0.008196104459856452
2019-11-06,-0.006260497258099929,0.00792184523519961
2019-11-07,0.006875892300559742,0.007882665449678264
2019-11-08,-0.007513496965730759,0.007821440618112704
2019-11-11,0.004183176667036284,0.007886363591540718
2019-11-12,-0.003778803278765954,0.007685084310339683
2019-11-13,0.009606546183526432,0.0075245678527870626
2019-11-14,-0.0012703793582257584,0.007719555939656946
2019-11-15,0.013499460378875885,0.007475501920319872
2019-11-18,-0.006056364441272406,0.008112563939716754
2019-11-19,0.011739906164287826,0.008041840428865512
2019-11-20,0.004903731841321347,0.008385160522110588
2019-11-21,0.005362449992265291,0.008175038447238468
2019-11-22,-0.0025616393893020443,0.008002474732645325
2019-11-25,0.00278960884560214,0.007770812861083083
2019-11-26,0.00370802198158727,0.007534345622749569
2019-11-27,-0.001967970588674945,0.007342549963703945
2019-11-28,0.0013537211194720499,0.007142058966339125
2019-11-29,-0.0064661865300658095,0.006925778860950239
2019-12-02,0.0034046874492186137,0.00700371272465114
2019-12-03,-0.005941553621463907,0.00684264345634844
2019-12-04,-0.00031012129783764106,0.006889055201425874
2019-12-05,0.004368119890241947,0.006690715741446532
2019-12-06,-0.0011110617905584351,0.0065943989520182355
2019-12-09,-0.0001150949786443055,0.0064300178376098666
2019-12-10,-0.004002286657034683,0.006264254448807395
2019-12-11,0.0017375787199718962,0.006240067486079932
2019-12-12,0.0033323109417461943,0.00609648473259787
2019-12-13,0.0025522649694309225,0.006007676115352578
2019-12-16,0.006772576949161757,0.005900838787550489
2019-12-17,0.001029568908408094,0.006040325014736105
2019-12-18,0.003564140072688827,0.0059041857282424864
2019-12-19,-0.00047949548413102035,0.005841625163687639
2019-12-20,-0.0019004336359214123,0.0057261574384573485
2019-12-23,-0.0030247100115447043,0.0056542866605998506
2019-12-24,0.007491147543886547,0.005636288524326301
2019-12-25,-0.001031627442819188,0.0058737607216278725
2019-12-26,0.023435936674273555,0.005765295232972228
2019-12-27,1.4413339096671328e-05,0.008602286992486474
2019-12-30,-0.005106984330653172,0.008283614603747061
2019-12-31,-0.018474980919768364,0.008140731274019899
2020-01-01,-0.02640463164413176,0.009510433595828897
2020-01-02,0.0029446693362761103,0.01188748286119131
2020-01-03,-0.008702227732760796,0.0113867965886242
2020-01-06,0.0024660659250887035,0.011201236651159581
2020-01-07,-0.0006684990734843873,0.010734531451418653
2020-01-08,-0.005985262229272505,0.010286708907134746
2020-01-09,0.003177364571753972,0.010029926830276833
2020-01-10,-0.017189216604889732,0.009649505245485026
2020-01-13,0.006856348218265402,0.01052778832718227
2020-01-14,0.007911134079026584,0.010246128408794582
2020-01-15,0.006427141233960227,0.010043845145139455
2020-01-16,0.004230618053762293,0.009777598019256682
2020-01-17,0.0033182661987568715,0.009442175681938964
2020-01-20,-0.00022428516207485024,0.009103550043642536
2020-01-21,-0.0005970365206474512,0.008753806496437637
2020-01-22,-0.003930670069177822,0.008429857323204061
2020-01-23,0.00447451499403907,0.008217463843642518
2020-01-24,0.0033301240747473974,0.00800236104999282
2020-01-27,0.003268717238148724,0.007763682909500822
2020-01-28,-0.0044336478777613885,0.007540594054776678
2020-01-29,0.0023822534395765006,0.007424403904663269
2020-01-30,-0.004459763368308977,0.0072036814370490514
2020-01-31,0.004763753973363042,0.007118403180166613
2020-02-03,0.009631679630815373,0.007004203401350867
2020-02-04,0.0004913334211286735,0.007268011047675521
2020-02-05,-0.007177761829196487,0.0070385788437004266
2020-02-06,0.006128720554136321,0.0071626304568613505
2020-02-07,0.01782672139256191,0.007120923195873313
2020-02-10,0.014113318737734757,0.008464869425018376
2020-02-11,-0.0030928756161545754,0.00901745023322905
2020-02-12,-0.003563863751913063,0.00873015854686151
2020-02-13,0.0008883860285115435,0.00848028894056884
2020-02-14,-0.007347237360557028,0.008169200570469071
2020-02-17,0.004902942240344045,0.008184655453953497
2020-02-18,-0.01815206074030017,0.007990031191408587
2020-02-19,0.0011381904647726957,0.009342830844262443
2020-02-20,0.007749115215116913,0.008977317100982768
2020-02-21,0.0052366414304800026,0.00887338570166997
2020-02-24,0.0033918106438072058,0.008640494094252719
2020-02-25,-0.007383140986473243,0.008358309032185006
2020-02-26,-0.0050851445582840455,0.008357434405053028
2020-02-27,0.001175987174492358,0.008207164311151692
2020-02-28,-0.0035343573919045693,0.007915702629585328
2020-03-02,-0.007883370864845233,0.00772622782949551
2020-03-03,0.0011167620880735182,0.007832471473969546
2020-03-04,0.002859693919713008,0.007565928897984358
2020-03-05,0.004512156398813654,0.007346046862905094
2020-03-06,-0.005946292325819837,0.007201094082032348
2020-03-09,0.0073248524844015915,0.007210725009348718
2020-03-10,0.0016340457017706028,0.007247164173599889
2020-03-11,0.0012734628468749245,0.0070265307567458305
2020-03-12,0.005493969262362024,0.006817828144650266
2020-03-13,-0.001621074633550732,0.006769762246080737
2020-03-16,-0.006854604444941027,0.006603531584667516
2020-03-17,-0.0006903169142358169,0.006750791285031336
2020-03-18,0.0020771472700275013,0.006567283534700996
2020-03-19,-0.014592673172507693,0.00640431754393454
2020-03-20,0.004206568170457843,0.0075588926148321255
2020-03-23,0.0008169600213250676,0.007383919258394378
2020-03-24,-0.0004199882601839881,0.007146892635645796
2020-03-25,0.005757601062327818,0.006930943455462135
2020-03-26,0.018824034555642855,0.006888074402834171
2020-03-27,-0.0026478292244447588,0.008459469928594395
2020-03-30,0.0016329551603405529,0.008197504170881224
2020-03-31,-0.01588940544234314,0.007910869368159289
2020-04-01,-0.0031215743100779275,0.00893379413263779
2020-04-02,0.001313851724910616,0.008653361998818226
2020-04-03,-0.0031854744035339166,0.008333402358265407
2020-04-06,0.006357700322987488,0.008098620444532353
2020-04-07,0.0078066311347355,0.007985856249648616
2020-04-08,0.0010324348931783904,0.007979189101605097
2020-04-09,0.004179112933150163,0.007702167993525856
2020-04-10,-0.0030374855349294067,0.007514913331398742
2020-04-13,0.016422703187186187,0.007336731864623231
2020-04-14,0.007349949696784869,0.008409962494031612
2020-04-15,0.002125273811283125,0.008331174413238222
2020-04-16,0.003564388158392566,0.00804232190292997
2020-04-17,0.013994098894273081,0.0078078348736468645
2020-04-20,-0.01637387882799524,0.008451823073763215
2020-04-21,-0.012091973645642835,0.009437595291138837
2020-04-22,-0.003997654861300461,0.009738891539328203
2020-04-23,0.0030552880210265444,0.009432906207178623
2020-04-24,-0.009437991698209228,0.009088680174355252
2020-04-27,-0.010889698913163633,0.009178496113200705
2020-04-28,0.009044283084001537,0.009391396654206342
2020-04-29,-0.0033720513756415843,0.009339104875657981
2020-04-30,0.003229468273250395,0.009038606885971611
2020-05-01,-0.001737646484519551,0.0087248365462967
2020-05-04,0.008179319537279146,0.008420870526662292
2020-05-05,0.005654847567564779,0.00839867312547522
2020-05-06,0.0009672055365134563,0.00822251394144808
2020-05-07,-0.005571606600325926,0.007928822387129449
2020-05-08,-0.0012098263531775627,0.007844026678862734
2020-05-11,0.0008220783386649339,0.0075901093257924115
2020-05-12,-0.0011681930537425016,0.007338738473077769
2020-05-13,0.004004221813595783,0.0071199721617273915
2020-05-14,0.0030303777011498607,0.006971869825728688
2020-05-15,0.0057415763444227195,0.006801359929091657
2020-05-18,0.003576945773574527,0.006769828432279599
2020-05-19,0.0009660376009058736,0.006633620951315547
2020-05-20,-0.00944703425568641,0.0064514966881178805
2020-05-21,-0.002026102981435793,0.006882957780185804
2020-05-22,0.009487903071640233,0.006719233045911101
2020-05-25,0.010414867749313281,0.007006844909283592
2020-05-26,0.0043391184704590765,0.007351915139838589
2020-05-27,0.00179377901399186,0.007198937216802677
2020-05-28,-0.008037993598038841,0.006983991443099259
2020-05-29,0.005246007575378657,0.00719237857763115
2020-06-01,-0.004566864538569993,0.007096424851713351
2020-06-02,-0.026775218359966827,0.007026889098924988
2020-06-03,0.012960962330044536,0.010293418105490589
2020-06-04,-7.92715265230758e-05,0.010477645596232984
2020-06-05,0.013319365850232683,0.010041404082913387
2020-06-08,-0.001240011009817244,0.010290466832213378
2020-06-09,0.009778244764001826,0.009876565593744523
2020-06-10,0.002057262936570412,0.009832535746532655
2020-06-11,-0.0061172037299136416,0.009444833969660213
2020-06-12,-0.00645590068002206,0.009262148274523433
2020-06-15,0.0025216288697814887,0.009114791052731717
2020-06-16,0.0040595579777847335,0.00878057133701635
2020-06-17,0.005170824009338987,0.008508949755625935
2020-06-18,0.0010437382877229264,0.008301043976722891
2020-06-19,0.02359609102036897,0.00800251523579815
2020-06-22,0.009404679818663398,0.010114869189611738
2020-06-23,-0.0026578853814071724,0.010021127015685114
2020-06-24,0.0008003034192162893,0.009652899419584412
2020-06-25,0.006856198212765351,0.009266489899397679
2020-06-26,-0.005189775777397484,0.009083675027634587
2020-06-29,-0.00046681361988724175,0.008879849136030956
2020-06-30,-0.0017309506225105342,0.0085464218768354
2020-07-01,0.005925809892431312,0.008254414907282771
2020-07-02,0.01014646486255715,0.008104133633801906
2020-07-03,-0.007630737535777834,0.0082797117405518
2020-07-06,-0.0041576822776410675,0.008305839830265494
2020-07-07,0.012830750177198105,0.008113186679312785
2020-07-08,0.02100604999254261,0.008567684067391739
2020-07-09,-0.0008985099002195684,0.010084866689972008
2020-07-10,-0.0008981899267348022,0.009679387838822103
2020-07-13,-0.0074020989304582185,0.009299348839924296
2020-07-14,0.0045473165966462906,0.009210078900991084
2020-07-15,0.0018774503966737619,0.008924878697041887
2020-07-16,0.010988443293241598,0.008593014799757104
2020-07-17,-0.011361151335008939,0.008789568159540248
2020-07-20,0.003095836797373836,0.009098670807730221
2020-07-21,-0.0004933040230703535,0.008777602116465857
2020-07-22,-0.006214134785521821,0.008451071012248514
2020-07-23,0.008997840989163642,0.008359719469103778
2020-07-24,0.006696796075160872,0.008406752212363004
2020-07-27,-0.008980904587629793,0.008287228548304527
2020-07-28,0.0027237266300561146,0.008426229610841931
2020-07-29,-0.004123798792507252,0.008142285165675795
2020-07-30,0.013451724900634277,0.007960997938019644
2020-07-31,-0.008816089986934582,0.008512315406772384
2020-08-03,-0.002182767494499731,0.008611429895058665
2020-08-04,-0.0042509139168576925,0.008325673045953861
2020-08-05,-0.003498565141684416,0.008135775509743478
2020-08-06,-0.005800405646190606,0.007927852211401966
2020-08-07,0.0029111334760722803,0.007857567404850689
2020-08-10,-0.0016631966979639879,0.007617894337725465
2020-08-11,0.009093156961762792,0.007389413801040061
2020-08-12,-0.00907261580800485,0.007553176842644463
2020-08-13,0.010034653800402799,0.007789494864703851
2020-08-14,0.007764753418809745,0.007992582628287663
2020-08-17,0.0026625593617019276,0.007982190848501042
2020-08-18,0.003028131343494604,0.007727740077612288
2020-08-19,0.0016743616730912456,0.007500499042305015
2020-08-20,0.006062070496261949,0.007262373394586281
2020-08-21,0.0031504106397097728,0.0072071347182209805
2020-08-24,0.00018554154386735567,0.00702214254246199
2020-08-25,0.005624950585363334,0.006810825796306917
2020-08-26,0.006223883821823746,0.006771249715161083
2020-08-27,-0.005141046369123766,0.006773910843450848
2020-08-28,0.004515588623557668,0.0067707454268054745
2020-08-31,-0.0022369111372195563,0.0066744805363891935
2020-09-01,0.005402367228702269,0.0065339938776691
2020-09-02,0.010419301917692823,0.006507413061246372
2020-09-03,0.011170705446508944,0.0069269897009783
2020-09-04,-0.004046386702502888,0.007368445159177474
2020-09-07,0.006244087174453296,0.007246941163092258
2020-09-08,0.002121105249485687,0.007204575185020028
2020-09-09,-0.005455127553718589,0.006994680251115024
2020-09-10,-0.00020534630460010363,0.006990713852553926
2020-09-11,-0.0010572688267880305,0.006784016010020426
2020-09-14,0.0006479136636582096,0.006604134522986565
2020-09-15,0.013575665425547792,0.006422996480933523
2020-09-16,-0.0019422288417047118,0.0072668588482469685
2020-09-17,0.021149121432159523,0.007071327478312052
2020-09-18,0.012672370531953962,0.009006342340183587
2020-09-21,0.03904135521385238,0.009319662572384244
2020-09-22,0.0024735969478224826,0.014106926821757368
2020-09-23,-0.0006246927908778678,0.013469092497713869
2020-09-24,0.0005696711031809873,0.012859860113962477
2020-09-25,0.0010226564183665556,0.012281644444479909
2020-09-28,0.002052815210198095,0.0117378347582974
2020-09-29,-0.0008365224486451771,0.01123352069201579
2020-09-30,0.010248103928152731,0.010757122840453708
2020-10-01,-0.015846954104953067,0.010665184716622356
2020-10-02,-0.010024833101963452,0.011213803155774714
2020-10-05,0.005693040971671514,0.011137154575597462
2020-10-06,0.005477349186963253,0.01076057641575734
2020-10-07,-0.0006303398726226607,0.0104015827984848
2020-10-08,0.0031326475957054313,0.009973757852513396
2020-10-09,4.231929022438562e-06,0.009595974562261472
2020-10-12,0.0035991566543908896,0.009213800404720541
2020-10-13,0.0033842455268304856,0.008897926042944052
2020-10-14,-0.007990366486673856,0.00859774905773919
2020-10-15,0.010795924772742707,0.008619516565336618
2020-10-16,-0.002211827904412554,0.00879471117161782
2020-10-19,-0.013426740411873929,0.008497091913096706
2020-10-20,-0.004794713450036613,0.009082777205328218
2020-10-21,-0.012479069320710454,0.008859451271207871
2020-10-22,-0.00025740788464411054,0.009279945494385228
2020-10-23,0.009167171732257881,0.008919167162755854
2020-10-26,-0.001886010697767912,0.008922218213896143
2020-10-27,0.005608897787211447,0.008608183538629455
2020-10-28,-0.00403789871804533,0.00841301422673657
2020-10-29,0.0033758653682451688,0.00820660280038968
2020-10-30,-0.01592506461251548,0.007954567536977049
2020-11-02,-0.0018504006376013921,0.008973864832518979
2020-11-03,-0.0036209300260735635,0.008655586385778133
2020-11-04,-0.01296516456012036,0.008413431122668359
2020-11-05,-0.011645815661416224,0.00895612044697847
2020-11-06,0.0031204019918348543,0.00927321687232621
2020-11-09,0.003016520008905919,0.00894106350346428
2020-11-10,-0.003577381854870517,0.008628730193493174
2020-11-11,0.00023705401245338207,0.008386864115992631
2020-11-12,-0.004606430790792244,0.008081526587068913
2020-11-13,-0.001857763341942651,0.007928809217873995
2020-11-16,0.00584888469268403,0.007682716830017098
2020-11-17,-0.0016384795352003146,0.007576976276698742
2020-11-18,-0.007653740057240859,0.00735087478642424
2020-11-19,-0.0005461406514402649,0.007480006836013133
2020-11-20,-0.0034023936699623543,0.007241754266828621
2020-11-23,-0.0035921933433571674,0.007100492833842343
2020-11-24,0.0009936915356233418,0.006979611904959699
2020-11-25,0.02524217630143903,0.006772221394495113
2020-11-26,0.020482376935433817,0.009604723182110503
2020-11-27,0.004977800901262723,0.010815233132191576
2020-11-30,0.0012245970067267568,0.010434385319998343
2020-12-01,-0.0013275716469643628,0.010001537910309085
2020-12-02,0.003098385178458194,0.00960702274194237
2020-12-03,0.00469529937519734,0.009252325427190107
2020-12-04,0.0009764049255477942,0.008969560534238466
2020-12-07,-0.0021929893719551583,0.008627043032921437
2020-12-08,0.007755877911450477,0.008340471190723432
2020-12-09,0.00027521515129823613,0.008295717862622185
2020-12-10,-0.006187011055198227,0.007996316878967616
2020-12-11,-0.007578109884948593,0.007945078011836235
2020-12-14,-0.011201456500268624,0.008002018926359248
2020-12-15,0.006730718307256835,0.008401369111415397
2020-12-16,0.011286998783076678,0.008284349745246824
2020-12-17,-0.0020999681084226934,0.008548459103902985
2020-12-18,-0.006428054474225248,0.008264945521851723
2020-12-21,0.005272949684365785,0.008204768560726486
2020-12-22,0.0014148424674234952,0.008025514831880643
2020-12-23,-0.009653480619646519,0.007748222662280601
2020-12-24,-0.017432275437820718,0.008017413078876117
2020-12-25,0.006163017740617647,0.009250748154599708
2020-12-28,0.0024314403300179487,0.009032402165110393
2020-12-29,-0.007723842149123356,0.00870197086440396
2020-12-30,-0.0017429025040333638,0.008692663205711913
2020-12-31,-0.0019896672719659863,0.0083909834452555
2021-01-01,0.0006434443597149959,0.008115640351241826
2021-01-04,-0.0003236034791340537,0.007828084221722504
2021-01-05,-0.0037436338873334907,0.007563417094105685
2021-01-06,0.013967647724837218,0.0074111689098985654
2021-01-07,0.002118288718453389,0.008120534771132221
2021-01-08,0.0005337065445094852,0.007845908815577235
2021-01-11,0.008446565287888189,0.007576446892746541
2021-01-12,0.0037726540855467453,0.007662514258174102
2021-01-13,-0.0027825527272272994,0.007463212007047699
2021-01-14,-0.0009491032918095544,0.007279532423754223
2021-01-15,-0.0017945749244234876,0.007061191479181598
2021-01-18,0.0006677672144349681,0.006877178819967063
2021-01-19,0.0037776670492681574,0.006675947972886124
2021-01-20,-0.0026134087907998273,0.00655521939418375
2021-01-21,-0.0001301442754887347,0.006438111238491058
2021-01-22,-0.0013946363483958242,0.006271851021181935
2021-01-25,0.0028251802761419826,0.006139191759517193
2021-01-26,-0.0033884023175787883,0.00602936356338181
2021-01-27,-0.0008561173913955746,0.005993953310475545
2021-01-28,0.004852534820292425,0.005872125084642212
2021-01-29,-0.002372170177824484,0.005877859513263695
2021-02-01,0.004733567004947179,0.005809841489604412
2021-02-02,-0.0016539423434331468,0.0058148671083461684
2021-02-03,-0.004630277324654352,0.005727352699848357
2021-02-04,-0.006118768780078228,0.005798956086041973
2021-02-05,0.005669864102001446,0.00598078176597257
2021-02-08,-0.002190898418367758,0.0060275181514139005
2021-02-09,0.003915179439610669,0.005939457239756808
2021-02-10,0.0009267499772395603,0.005889186117027443
2021-02-11,0.0027926000823740743,0.005764445424525746
2021-02-12,0.00754328821777219,0.005685633575787166
2021-02-15,0.0009056313082915666,0.005921352797781535
2021-02-16,-0.000924282714363902,0.005793905418703087
2021-02-17,0.0005326227457852272,0.005689876316830108
2021-02-18,0.009483258251415772,0.005580081396379909
2021-02-19,0.0010235028628595806,0.0060398254822579935
2021-02-22,0.00011796591143950816,0.005903682502499052
2021-02-23,0.016435368589707875,0.00577752510897771
2021-02-24,-0.0019073314446916992,0.007235792597467742
2021-02-25,-0.0014783486729112614,0.0070416365027584455
2021-02-26,0.0044499196084100325,0.006851225383171317
2021-03-01,-0.01449222825443685,0.006744887657992683
2021-03-02,-0.0002341238963432309,0.0078054795630825005
2021-03-03,-0.0015215352697821928,0.007541622843947004
2021-03-04,-0.003149752488986773,0.007315421792081906
2021-03-05,-0.0032182118106660095,0.007157479434474776
2021-03-08,0.0023258518060237225,0.007015167039704367
2021-03-09,0.0016911995975186166,0.006823343060469983
2021-03-10,0.0010956040765995457,0.006634434865703919
2021-03-11,0.0018914963186301252,0.006453102581380987
2021-03-12,-0.0015775732828424553,0.006295488908228197
2021-03-15,-0.003938548193250353,0.00616564411833089
2021-03-16,0.0008826555749628053,0.0061473333616798385
2021-03-17,0.002053073592095903,0.006001870603135639
2021-03-18,0.0016388145159971256,0.00588329573196033
2021-03-19,-3.6584754863778026e-05,0.005766767177793814
2021-03-22,-0.0026031438921859705,0.0056527052966278205
2021-03-23,-0.00036250419141314145,0.005614991506202007
2021-03-24,-0.005794552458397016,0.0055167771145538435
2021-03-25,-0.004154151712303883,0.005706229754454292
2021-03-26,-0.0004417756767088576,0.005747855466384731
2021-03-29,-0.010447899014265,0.005639593383411892
2021-03-30,0.0009902029692486932,0.00634137458311086
2021-03-31,-0.002147107520245417,0.006181500817687951
2021-04-01,-0.003174637018920743,0.006078686649356777
2021-04-02,-0.005479795035349937,0.006027903849650167
2021-04-05,0.004563904168651059,0.006128841508127637
2021-04-06,0.0012988823981355643,0.0060932465710761925
2021-04-07,-0.002885978495702634,0.005955329163465498
2021-04-08,0.00587087531695109,0.005902248633408225
2021-04-09,-0.005834333334293975,0.005971648781628998
2021-04-12,0.0019911025910704302,0.006107735468830802
2021-04-13,0.004428195333174786,0.005979285931987212
2021-04-14,0.0036096235194582227,0.005950725310150038
2021-04-15,0.001451154639382058,0.0058858813460513845
2021-04-16,-0.018736528743362558,0.005766421326061558
2021-04-19,-0.004182757940987936,0.007844104567522598
2021-04-20,-0.007698454586803214,0.0076896837759635375
2021-04-21,0.010984893060761683,0.00778429736879541
2021-04-22,-0.00716019230972958,0.00808272203981433
2021-04-23,0.004891045102778376,0.00809269051140432
2021-04-26,0.0018578510372606921,0.007904744012908126
2021-04-27,-0.016959322343858725,0.0076409410986996475
2021-04-28,0.004843649582509059,0.008884358036625878
2021-04-29,0.0006460526875110861,0.008634119485292836
2021-04-30,0.012232753949669625,0.008312335644611833
2021-05-03,0.009177215576677776,0.008671679923826468
2021-05-04,-0.01400782942114288,0.008700675551030317
2021-05-05,0.0031770623860260974,0.009325757272249012
2021-05-06,0.0004391616473937499,0.008991446317045376
2021-05-07,0.02609208542182237,0.008646490171710704
2021-05-10,0.014977020813743745,0.011030956439020556
2021-05-11,-0.0005595430614258033,0.011326099526974753
2021-05-12,-0.008334340321286902,0.010841692117255738
2021-05-13,0.0019314546200784404,0.010678562856574564
2021-05-14,0.0009265601880362804,0.010236818802732616
2021-05-17,-0.0009860044639775857,0.009814671139039935
2021-05-18,-0.007145338117811026,0.009427176106985062
2021-05-19,0.000835311973385388,0.009309166450963876
2021-05-20,0.012533453243922403,0.008944468499588775
2021-05-21,0.008920017350577928,0.009251350432451233
2021-05-24,0.0026225276691570327,0.009203285919514656
2021-05-25,-0.009809338867316369,0.008865147175383498
2021-05-26,0.018089490816680036,0.009013009953815751
2021-05-27,-0.017305091705063207,0.00999310405029535
2021-05-28,-0.010119807957495857,0.010827632195179298
2021-05-31,-0.00537874094892676,0.010795197207230739
2021-06-01,-0.009374385579438723,0.010471266498388301
2021-06-02,0.0009382893285042068,0.010415515307365087
2021-06-03,0.0010151837636487697,0.009982486213814637
2021-06-04,-0.014124481023089785,0.009576338603711
2021-06-07,0.0012755682873267819,0.010081947756421376
2021-06-08,0.005452258322451211,0.009671050821930035
2021-06-09,0.011834581640643087,0.00938819953983197
2021-06-10,0.01720327868067492,0.009570908045593343
2021-06-11,0.0046390390149005385,0.010332570552879191
2021-06-14,-0.013261287608750004,0.009972780170271131
2021-06-15,0.0027705133522861383,0.010327659600517278
2021-06-16,-0.0023687217899382293,0.0099200260086541
2021-06-17,-0.00872707590570516,0.009551156452900441
2021-06-18,0.017119053140707167,0.009534843732887033
2021-06-21,0.008052562294496106,0.01029161574744265
2021-06-22,0.00319896470231052,0.010094003913249099
2021-06-23,0.002493904550547202,0.009709931840016424
2021-06-24,0.010460051115258018,0.009336624182889858
2021-06-25,0.0016415130262169854,0.009401675673876201
2021-06-28,-0.012434228204605057,0.00903640410164363
2021-06-29,-0.008620736263510217,0.009427326233842008
2021-06-30,-0.007293714793161956,0.009414991148505556
2021-07-01,0.00014579068876048124,0.009307911243451256
2021-07-02,-0.0016998599155462592,0.008943351032094355
2021-07-05,-0.006259354296794983,0.008623939100363536
2021-07-06,-0.0009726972549851912,0.008519988420583047
2021-07-07,-0.006384957874250372,0.008216123745086217
2021-07-08,0.00956096679187771,0.008157599649990724
2021-07-09,0.0020076371702678936,0.008274048487944505
2021-07-12,-0.005750326975188956,0.007987222804563859
2021-07-13,0.0031276984452018827,0.007908317286282362
2021-07-14,0.0005158345993618396,0.007670705182704814
2021-07-15,0.00038462873263001696,0.0074132156490108935
2021-07-16,0.011745290438518125,0.0071736500106440075
2021-07-19,0.003808922860962983,0.007644060020134697
2021-07-20,0.000697599980378453,0.007447442908291663
2021-07-21,-0.0008321153016121519,0.0072056289763779155
2021-07-22,-0.011677414256083303,0.006990775532431183
2021-07-23,0.0008321686458216311,0.007605721644097653
2021-07-26,-0.0010925791900996838,0.00735330731273264
2021-07-27,0.004127651484814645,0.007132104897579513
2021-07-28,-0.008011584888591846,0.0069880624400968355
2021-07-29,-0.005379906746390918,0.007193433198777851
2021-07-30,0.0008609607993221401,0.007164970155866086
2021-08-02,-0.004660790704610743,0.006943597123746329
2021-08-03,-0.002023221426112106,0.006893684629496202
2021-08-04,1.9528422649608393e-05,0.0067290363874088445
2021-08-05,-0.020757460236530967,0.006539908704844157
2021-08-06,0.00270186926238353,0.008754640742917002
2021-08-09,0.0044337164875114556,0.008447912129258831
2021-08-10,-0.004604207704973761,0.008213916693127597
2021-08-11,0.0037946223216526586,0.008050206183764317
2021-08-12,-0.020646704727884074,0.007822633862094792
2021-08-13,-0.0023475764502065804,0.009635812895351282
2021-08-16,-0.005092812653538007,0.009285079238756013
2021-08-17,0.02672231714258574,0.009060562404905456
2021-08-18,0.0022161402681076577,0.01144085684247361
2021-08-19,0.001449597490714518,0.010956253728102655
2021-08-20,-0.014702884611697517,0.010493220907359985
2021-08-23,0.006737354443755712,0.010935590178445706
2021-08-24,0.01751637728589317,0.010617946436688664
2021-08-25,-0.0030241467895459053,0.011253056276142025
2021-08-26,-0.0069435767309923725,0.010814884042196608
2021-08-27,-0.004327966987272391,0.010568731803085771
2021-08-30,-0.012709579214098116,0.010217290440787927
2021-08-31,-0.009567619927719439,0.01048394773915615
2021-09-01,-0.0008846654041648214,0.010441762392352295
2021-09-02,-0.0015016378030125776,0.010014027438300122
2021-09-03,0.001845184463236519,0.009621496520452568
2021-09-06,0.020693095584626797,0.009244492277187722
2021-09-07,0.001818752826561807,0.010561035103619106
2021-09-08,-0.012717154416268915,0.010125267647588023
2021-09-09,-0.0066523722534140226,0.01040405661801411
2021-09-10,0.0014788584998623364,0.01017410777453588
2021-09-13,0.001162615042217125,0.009758989457116169
2021-09-14,-0.004579721315521932,0.009367454958377321
2021-09-15,-0.0023873413395649676,0.009112550501861404
2021-09-16,-0.009704092018223646,0.008797821218061318
2021-09-17,-0.001166482876508232,0.008943789570410464
2021-09-20,0.0011085012862528177,0.008614778459485788
2021-09-21,-0.0011858058616139504,0.008295938103713648
2021-09-22,0.006275522833805702,0.008010473483560591
2021-09-23,-0.012475369147434667,0.00790059807913613
2021-09-24,0.0027716704857157445,0.008464415004489119
2021-09-27,0.002199117328320939,0.008178907517208654
2021-09-28,0.005064584679900034,0.007901647634081075
2021-09-29,-0.007376981487555381,0.007736877048516371
2021-09-30,0.00035195357589693334,0.007799813254552744
2021-10-01,0.004899730190816409,0.007533600171551593
2021-10-04,0.002958779387424244,0.007391091154253239
2021-10-05,0.0017884518356574785,0.007186727578774238
2021-10-06,-0.0010755996124467123,0.006972586077847123
2021-10-07,-0.006681934461529673,0.006778927797431402
2021-10-08,-0.0015355019639310707,0.006890928129307832
2021-10-11,0.011060507541254119,0.0067132602284263295
2021-10-12,-3.761024061773677e-05,0.007175167048050134
2021-10-13,-0.0032529809187636415,0.0069539802942162115
2021-10-14,0.024988525093952097,0.00682999612014831
2021-10-15,0.006162871826707992,0.00958952507704561
2021-10-18,0.007172938974354391,0.00934497412885749
2021-10-19,0.009922784628857567,0.009173763485426843
2021-10-20,0.0021861291583628976,0.009211148269941296
2021-10-21,0.0052406022304567045,0.008864996882619462
2021-10-22,0.0030767903220259014,0.008632914775240192
2021-10-25,-0.00022920101711680055,0.008343002075631965
2021-10-26,5.614057811312821e-05,0.008042863544812163
2021-10-27,-0.0028278871251111205,0.007761098472209553
2021-10-28,-0.012308046131926792,0.007556267012434019
2021-10-29,0.004920979164269755,0.008155436083023633
2021-11-01,-0.0009219699003785425,0.007963895307921123
2021-11-02,0.0038681380721958345,0.007696949103364389
2021-11-03,-0.00010128077818063054,0.007498417918179386
2021-11-04,-0.011901837253478006,0.007254830613738895
2021-11-05,-0.004602821938113684,0.007853264027879055
2021-11-08,0.008473891125332825,0.007719422494007489
2021-11-09,-0.0007117729314168706,0.0077921223329195
2021-11-10,-0.005323100103662087,0.007534117393367967
2021-11-11,0.0072328915607379075,0.007469893706922897
2021-11-12,0.0017933667944621194,0.007473013254032548
2021-11-15,0.002489713434348807,0.007238449985919148
2021-11-16,-0.0007527796044614866,0.0070336590152532885
2021-11-17,-0.0030533755011519256,0.0068301302892080215
2021-11-18,0.0037773819543834757,0.006707885656969423
2021-11-19,0.0008190661692954262,0.0065844859773768185
2021-11-22,-0.008089070257570634,0.0064053145344530795
2021-11-23,0.00866362984306918,0.006695298282220669
2021-11-24,-0.02126853871960286,0.0069047740988600285
2021-11-25,0.000901574893339043,0.00910043169633218
2021-11-26,-0.001441119777276159,0.008749226957008457
2021-11-29,0.00521116856344828,0.008437743228488156
2021-11-30,0.011548062633233281,0.008237206349823091
2021-12-01,-0.005629775268377142,0.00853411897271399
2021-12-02,-0.008198807619538824,0.00839964282357636
2021-12-03,0.0037457697124690004,0.008458849799318569
2021-12-06,-0.009549472050884402,0.008199983391251418
2021-12-07,0.001462401780112327,0.008402089379150863
2021-12-08,0.0050587679606108795,0.008099981031868214
2021-12-09,0.012952673990928962,0.007919047459793238
2021-12-10,0.0077020645744740445,0.008416989281528203
2021-12-13,0.008094189565379733,0.008361262849570998
2021-12-14,0.009329479608449667,0.008338667879706463
2021-12-15,-0.00038095012218105815,0.008415273056753759
2021-12-16,-0.010377480002953323,0.00811154882911857
2021-12-17,-0.004251283713732408,0.008407322264765952
2021-12-20,-0.0038734939700477973,0.008211013131857523
2021-12-21,0.005045148494724644,0.008013043051604463
2021-12-22,-0.009760355940479973,0.007838408195501669
2021-12-23,-0.0009243858242524109,0.008106699146841726
2021-12-24,0.0038698271662284756,0.007830007915051583
2021-12-27,0.01724800809145322,0.007621455265578452
2021-12-28,0.0005120214671454005,0.008758857478644275
2021-12-29,0.008647445138500322,0.008428869287118898
2021-12-30,-0.00317199974948099,0.008441073551165896
2021-12-31,0.009622325279257219,0.008197880030799931
2022-01-03,-0.00801847002313503,0.008315170399907357
2022-01-04,0.0024189701866443414,0.008368572125778085
2022-01-05,-0.005341737253477748,0.008082344660313202
2022-01-06,0.006805097746454327,0.007970065069896079
2022-01-07,-0.0033257095070304233,0.007896206944092037
2022-01-10,-0.0022915881492961646,0.007699737654758714
2022-01-11,0.0046120167905637,0.00748203188368785
2022-01-12,-0.003501820139254703,0.0073304444315839155
2022-01-13,-0.004138478083616316,0.007186309147416442
2022-01-14,-0.011051284927259068,0.007085193967746558
2022-01-17,0.0023289525896047734,0.007606217909197107
2022-01-18,-0.011344618097027269,0.007371343242582961
2022-01-19,-0.003618843343642706,0.007882044741634635
2022-01-20,0.00158032962070816,0.0076987762675229604
2022-01-21,0.008228336077887408,0.007445630220658802
2022-01-24,-0.00304423172205675,0.007528070318954983
2022-01-25,0.0008711290647252607,0.007349121357984813
2022-01-26,-0.001439259029422675,0.007114748428691235
2022-01-27,0.0060141551988623886,0.006917986609546433
2022-01-28,0.008058663276150853,0.006892398527468408
2022-01-31,-0.009700189480040542,0.0070231982000426504
2022-02-01,-0.00833542256494419,0.007397046092574554
2022-02-02,0.0010205521035963894,0.0075822052964948945
2022-02-03,-0.003135087746870629,0.007332293734008506
2022-02-04,-0.00397587116749931,0.007172404568608653
2022-02-07,0.007875736710293539,0.0070641151167618
2022-02-08,0.0014881332970171285,0.007159865187707242
2022-02-09,-0.0028175005574284763,0.006943732076379515
2022-02-10,-0.0009804447995433775,0.006802524415948146
2022-02-11,-0.00232687827221991,0.0066198370018432625
2022-02-14,-0.005089290640573566,0.0064868572513314795
2022-02-15,0.0009942828753165614,0.006509270227023985
2022-02-16,0.0031252706256255256,0.006336646135334156
2022-02-17,-0.0009301560508554361,0.006220059444138982
2022-02-18,-8.27825143300499e-05,0.006081435130472425
2022-02-21,0.0021267789337883905,0.005942443837197829
2022-02-22,0.002068507955999784,0.005830359136312173
2022-02-23,-0.0009470851540961157,0.005726307385146532
2022-02-24,0.006896406147595799,0.005628415503294135
2022-02-25,0.0015873298125152788,0.005812424270332448
2022-02-28,0.0029715921611865224,0.005700914943955005
2022-03-01,-0.004202609602019932,0.0056337456015769505
2022-03-02,0.003342456382774122,0.005686329529536578
2022-03-03,0.003892004009260298,0.005634471921100466
2022-03-04,-0.002034641099284159,0.005611862591208881
2022-03-07,-0.0011196045037984899,0.005554966607327458
2022-03-08,0.0010862604256005326,0.005475558246203647
2022-03-09,-0.002993288600387043,0.005386191641572171
2022-03-10,-0.000240729028608633,0.005393162298634749
2022-03-11,0.003005376099327338,0.0053123887264562636
2022-03-14,0.005633275766034274,0.00528218509092668
2022-03-15,0.0012604695904554093,0.005405494705254984
2022-03-16,0.0033212005416592147,0.005323880241658925
2022-03-17,-0.002097704035991167,0.00530528647148053
2022-03-18,-0.00318884688058547,0.005279327929833047
2022-03-21,-0.0036238017648715253,0.005307803722474689
2022-03-22,0.00046751604032506616,0.005358727610203858
2022-03-23,0.005010013736665852,0.005276784044940245
2022-03-24,0.00039178198957150954,0.005356045442641008
2022-03-25,-0.0005050505168193976,0.005274413464670214
2022-03-28,0.005696485266158548,0.0052075237666259116
2022-03-29,-0.004091592325465873,0.005344787192366837
2022-03-30,0.003986928637093601,0.0054218716994394005
2022-03-31,0.0012069136138435853,0.005424916327306659
2022-04-01,0.00023691344923192905,0.005341041433189367
2022-04-04,0.004130548543409584,0.005261139457816774
2022-04-05,0.0011249157705357565,0.005288298419456035
2022-04-06,-0.004601543316786503,0.005215432075439217
2022-04-07,0.0011926723472211916,0.005344409985883579
2022-04-08,0.011623137517079914,0.0052673361280574545
2022-04-11,0.00369481355870141,0.006071925720498813
2022-04-12,-0.0011838131221674662,0.005999833368829381
2022-04-13,-0.007600047799545836,0.005884302723244049
2022-04-14,-0.0031015889050271936,0.006197691395454745
2022-04-15,0.0012232176703545965,0.0061325326074330505
2022-04-18,0.003940550703938506,0.005990743198218707
2022-04-19,0.022540636688435735,0.005936926375828916
2022-04-20,0.0029762269544504963,0.008519715873392805
2022-04-21,0.013154972598447244,0.008235140478546978
2022-04-22,0.010872162351320701,0.008709055709355562
2022-04-25,-0.001705059374147437,0.008880846038591437
2022-04-26,-0.00660710897742884,0.008565714603728632
2022-04-27,0.002419688365271273,0.00848971141126958
2022-04-28,-0.003427266284626204,0.008195272792015984
2022-04-29,-5.124748325846496e-05,0.007979982466123008
2022-05-02,0.002074521257896621,0.007703013569161844
2022-05-03,0.002989052013011723,0.00745661488997171
2022-05-04,-0.0005000278727061323,0.007248215328582012
2022-05-05,-0.003477422629592495,0.007025878405170221
2022-05-06,-0.0033076390064470723,0.006905958433828362
2022-05-09,-0.0006425704922643333,0.006788437587918295
2022-05-10,0.002834624250196307,0.006601441795770014
2022-05-11,0.0012613194442429808,0.0064542364409598185
2022-05-12,-0.002268002682384864,0.006287910608137404
2022-05-13,0.014292313438382491,0.006180370938892696
2022-05-16,0.003664656822106841,0.007183002105435119
2022-05-17,0.005438951529452675,0.007016920374790739
2022-05-18,0.0030652894637275764,0.00694729542832034
2022-05-19,0.0010976100393255256,0.00677974034857837
2022-05-20,0.002902431572502032,0.006587637079822751
2022-05-23,-0.004142358484422902,0.006443523900999703
2022-05-24,-0.00485682916921442,0.006410243335499086
2022-05-25,-0.0013010963420037596,0.00642477603953096
2022-05-26,-0.0016470845409395155,0.006277697689836009
2022-05-27,0.00361308180785659,0.006151206159652791
2022-05-30,-0.004328612066475014,0.00606868237462532
2022-05-31,-0.0012359987503886987,0.006083687594441373
2022-06-01,0.0025989751158123193,0.005962484767694754
2022-06-02,0.00594166442301669,0.005860764273321076
2022-06-03,-6.595853669494648e-05,0.005939919108549467
2022-06-06,-0.007096933915249338,0.005812056420899631
2022-06-07,0.007088562688723895,0.006084330057513466
2022-06-08,0.0034839536432923965,0.006228153633954866
2022-06-09,-0.004410420742461991,0.006133777487564749
2022-06-10,0.002236527243390295,0.00614734757352312
2022-06-13,-0.005296165090794823,0.006020974681901051
2022-06-14,0.005312116158278571,0.006108564879647592
2022-06-15,0.0041144004153577645,0.0061184659313948024
2022-06-16,-0.018341986532395445,0.00606111986742368
2022-06-17,-0.017443455028744448,0.007966498174324021
2022-06-20,-0.010253165158149762,0.009212816622230311
2022-06-21,0.009086401480604503,0.009361561620629033
2022-06-22,-0.04051435450666158,0.00931520561286981
2022-06-23,-0.015605664289881346,0.014651618753464957
2022-06-24,-0.037620255366952016,0.0146953847402736
2022-06-27,0.04667870268716184,0.017680814713624773
2022-06-28,-0.0047305980356084215,0.021306053003625997
2022-06-29,0.013210483412572522,0.020316048769354663
2022-06-30,0.004639324553062497,0.019656860505315184
2022-07-01,0.0006752604456906847,0.01873829418739403
2022-07-04,-0.014245174644909996,0.017832940291659653
2022-07-05,-0.008677530074652873,0.017481590245913562
2022-07-06,0.0087181177958893,0.016845876719099866
2022-07-07,0.10665441269991537,0.016211360306901106
2022-07-08,-0.023334907355782777,0.03376430259243138
2022-07-11,0.1301871572260369,0.03276390607498809
2022-07-12,-0.009518277431315928,0.04810017554137659
2022-07-13,-0.016951303064706942,0.04574159451763114
2022-07-14,-0.04470838494938932,0.04369700173245694
2022-07-15,-0.008481600092080068,0.04340494222947756
2022-07-18,-0.02951355493519422,0.04128006347096598
2022-07-19,0.037957800550125535,0.04009618877821327
2022-07-20,0.06360210540760552,0.03951178134238626
2022-07-21,0.02771945996082856,0.04154049632483336
2022-07-22,0.005052173608076466,0.04017864447025156
2022-07-25,0.010954243556033664,0.0381647600160781
2022-07-26,-0.044967627483281106,0.036354330045300795
2022-07-27,0.04311401718693484,0.03683555339145956
2022-07-28,0.019683220840065806,0.03699254723798067
2022-07-29,-0.0002859064411161928,0.035539321504253665
2022-08-01,-0.00234150514758861,0.03374593972019702
2022-08-02,-0.027015628488344875,0.03205550709253491
2022-08-03,0.017473593358867664,0.031422424577875745
2022-08-04,0.0881212017742678,0.030227142098419365
2022-08-05,0.0018172593088140998,0.0379276957845265
2022-08-08,0.01570814834622584,0.03601108038560024
2022-08-09,0.003634299558675849,0.03446187954209711
2022-08-10,0.024899751698603728,0.032735988363183595
2022-08-11,0.012818595117127102,0.03184506667192461
2022-08-12,-0.01981892308327467,0.030444002152446515
2022-08-15,0.0871789241939217,0.029481896668523105
2022-08-16,-0.0015675261599212495,0.03721992584637128
2022-08-17,-0.03262739905500182,0.03534306954923689
2022-08-18,-0.00437466490722122,0.03484269326699535
2022-08-19,0.013308703531298144,0.03311363669735999
2022-08-22,-0.04987833549038276,0.03165417306903604
2022-08-23,0.0033242595481034684,0.033268996683978355
2022-08-24,-0.008793327971603508,0.03160350679406181
2022-08-25,0.0039644345351619835,0.030129931183079443
2022-08-26,0.01769944331826604,0.028635496543962122
2022-08-29,0.00042374608203321715,0.02763436563635937
2022-08-30,0.006774403033487699,0.026254386545573678
2022-08-31,-0.03161969684180185,0.02501025754105885
2022-09-01,-0.017834995618616834,0.025445936376164713
2022-09-02,0.004421151201900276,0.024731354095573015
2022-09-05,-0.05419707437117117,0.02353095667414327
2022-09-06,0.017842496545030385,0.027197002139603577
2022-09-07,-0.07972576304229842,0.02630152481808978
2022-09-08,0.010411083821779835,0.03375628876873841
2022-09-09,-0.024041918410561622,0.03217758062528003
2022-09-12,0.05046811961956667,0.0313375411630908
2022-09-13,0.05655847401771608,0.03294817712406553
2022-09-14,-0.0031719957673957237,0.03507746197994535
2022-09-15,-0.00013703450898979222,0.033323628093176204
2022-09-16,0.0008974717176180106,0.03164569852918942
2022-09-19,0.014684332147329145,0.03005524663950725
2022-09-20,-0.005853127316699212,0.0288284874348744
2022-09-21,0.003991247992993584,0.02744453492301546
2022-09-22,-0.005992546356967216,0.026093243424887603
2022-09-23,-0.004791638579883552,0.024862499267836805
2022-09-26,-0.002860932219690733,0.02367635102729464
2022-09-27,0.016411324240504604,0.02252590303188169
2022-09-28,0.001508427198745246,0.02188443044240541
2022-09-29,-0.025573411406190696,0.020811458868682083
2022-09-30,0.014791065807154984,0.02112323272624433
2022-10-03,0.0021792508764144052,0.020491721003340017
2022-10-04,0.02100430396752864,0.01949731154265451
2022-10-05,0.01956475672413499,0.01943617143749305
2022-10-06,0.02113588299528589,0.019263059986640095
2022-10-07,0.007867541315240296,0.019236062627357386
2022-10-10,0.0016037241915938577,0.018421887744359853
2022-10-11,-0.024898806180309506,0.01753644233664585
2022-10-12,0.002692492629415675,0.018176415413239454
2022-10-13,-0.011057469163418621,0.017312666792310978
2022-10-14,0.0073179978048021,0.016805998803775344
2022-10-17,-0.001835159961688578,0.016121918115985807
2022-10-18,-0.01394779374288986,0.015374031908657862
2022-10-19,0.006092363765084463,0.015212622092806818
2022-10-20,-0.008314569847321325,0.014587098630062837
2022-10-21,-0.002184859899683183,0.014132262137617159
2022-10-24,0.012465878683408546,0.013502793326870145
2022-10-25,-0.01496825879425382,0.013324693808063138
2022-10-26,0.0013333243318003054,0.013451173962924327
2022-10-27,0.011555817683967576,0.012841192594074962
2022-10-28,0.02562472621581029,0.012656424964704824
2022-10-31,0.015587562725181574,0.014023791676719858
2022-11-01,0.0012423202679472396,0.014043177119574349
2022-11-02,0.029631717722128408,0.013399023262946418
2022-11-03,-0.001679678210179831,0.015214236758911797
2022-11-04,-0.005221845816857369,0.014515708040209244
2022-11-07,0.0112183857908445,0.013937516402927992
2022-11-08,0.01220127417633305,0.01363890137256694
2022-11-09,0.010026600254313723,0.013430236519641975
2022-11-10,-0.006382244423913629,0.013099412836788208
2022-11-11,-0.0037035243385381386,0.01265797685519253
2022-11-14,0.004629946158484572,0.012149712326187207
2022-11-15,0.003938696980486046,0.011671267072171443
2022-11-16,-0.009256273874887993,0.011204579354748055
2022-11-17,-0.0011849963103943459,0.011072629726442922
2022-11-18,0.0036270998862998277,0.010609898828843757
2022-11-21,0.004732728200710157,0.010202708372700939
2022-11-22,-0.00031857723310515086,0.009854897836417718
2022-11-23,0.008197365204071792,0.009458367497857768
2022-11-24,0.009640901983774125,0.009341017002386164
2022-11-25,0.0020600890316631888,0.009338823582290112
2022-11-28,0.009407172865645661,0.008982592806866032
2022-11-29,0.009038404664075088,0.008998071707718538
2022-11-30,0.000264767023129925,0.008983379839911048
2022-12-01,0.0015478917528503056,0.008639179867185357
2022-12-02,0.0016960630711763435,0.008322243211411095
2022-12-05,-0.014709856545653382,0.008027963889586749
2022-12-06,0.0025456556676208804,0.008860618639937413
2022-12-07,-3.7771575292068894e-05,0.008543669175653001
2022-12-08,-0.0032025754545728356,0.008229094151003395
2022-12-09,0.0007419741733427862,0.008002681843683083
2022-12-12,0.0022718866898349156,0.00772290807546863
2022-12-13,-0.008358608900448556,0.007478645921773129
2022-12-14,-0.008498333781127241,0.007656051624239284
2022-12-15,-0.0016307768157872932,0.00782503767995026
2022-12-16,-0.003338187378132714,0.007580983446128406
2022-12-19,0.0037594071635662168,0.0074096365361195834
2022-12-20,0.006109377433860594,0.007229269744745381
2022-12-21,-0.007156445533396363,0.007180063798720886
2022-12-22,0.006384604743782971,0.00728612909539772
2022-12-23,0.0182852376920152,0.007249082377416146
2022-12-26,-0.005506376569060814,0.008637097322829414
2022-12-27,-0.004109375788486216,0.008486791496600666
2022-12-28,-0.009642687084406572,0.008277848423887372
2022-12-29,0.00042728005655595224,0.008479411841592802
2022-12-30,-0.009592064029026478,0.00816766831578167
2023-01-02,-0.011691094281740706,0.008377810313813449
2023-01-03,-0.0027395811883767743,0.008778311766605148
2023-01-04,-0.004428128013128292,0.008496615362992097
2023-01-05,0.002442000972583303,0.008301574610944142
2023-01-06,-0.00015909789074937733,0.008020363853415025
2023-01-09,-0.009130231312798439,0.007741341324952473
2023-01-10,0.007473863281516951,0.007959575200317886
2023-01-11,-0.0033992520429940607,0.00793159096008532
2023-01-12,0.0014481030422948678,0.0077353380638392226
2023-01-13,0.0006428018383815669,0.007478223145640723
2023-01-16,-0.0024018957932648672,0.007234159983273841
2023-01-17,0.006548367276262526,0.007055029662080663
2023-01-18,-0.009188152140744735,0.00705143381988651
2023-01-19,0.002047337651912844,0.007366089218628341
2023-01-20,0.001810958070348085,0.0071431704196270995
2023-01-23,-0.001806462137223192,0.006932523650477429
2023-01-24,0.004942391764906849,0.00675865941997535
2023-01-25,0.0023947013421016967,0.006685081675427186
2023-01-26,0.0033130266435780183,0.006519852510638571
2023-01-27,0.0033106585289681663,0.006394581971968962
2023-01-30,0.005247949862464445,0.006279617412384638
2023-01-31,-0.001601969988802722,0.006268466925257722
2023-02-01,-0.00275418593218519,0.006141479631200545
2023-02-02,0.003201452811763661,0.0060657376254586405
2023-02-03,-0.00044323274448737366,0.005974753838473099
2023-02-06,-0.0012164995177700445,0.005847998813964995
2023-02-07,0.0036305335215684248,0.005745858574911392
2023-02-08,0.0018427595916320606,0.005700650918708107
2023-02-09,0.0008515007778168128,0.00560284919241491
2023-02-10,-0.0046116533128405,0.00550114637047538
2023-02-13,0.013175309415084954,0.005597023335462241
2023-02-14,-0.003524304222482673,0.006561027411723661
2023-02-15,0.000235910457404583,0.00648366983934698
2023-02-16,-0.0011650536876313781,0.006311874253342868
2023-02-17,0.004690853259634033,0.00617070281520889
2023-02-20,-0.009548237266909466,0.006137986314237516
2023-02-21,0.00513370428940977,0.006632100283330991
2023-02-22,0.008505019374867587,0.0065805756576973315
2023-02-23,0.0013339415628573338,0.006789698461888513
2023-02-24,-0.0029448568636490694,0.006598912135000358
2023-02-27,0.006662846792735908,0.006491566862768333
2023-02-28,0.005433485330393128,0.006554757871017932
2023-03-01,0.0012682284795689147,0.006528055443493163
2023-03-02,0.010348517826130414,0.006356191555147965
2023-03-03,0.0030173464129003187,0.006791208894364063
2023-03-06,0.007363088895939151,0.006634412487869892
2023-03-07,-0.0013904782020125845,0.006736619722736963
2023-03-08,-0.0012910391360510989,0.006567324674970361
2023-03-09,-0.0020755422010867147,0.00640885354355804
2023-03-10,0.01826334118461758,0.006284642931691909
2023-03-13,0.0011072150892162316,0.007924012008084609
2023-03-14,0.0012211984151681544,0.007651174190084023
2023-03-15,0.005924158077170283,0.0073978395502085886
2023-03-16,-0.0018686619054681802,0.007321813045773424
2023-03-17,5.155496790424296e-05,0.007120175305940535
2023-03-20,-0.0032203684654638345,0.006902412258358507
2023-03-21,0.0023529783115214865,0.0067813167458399565
2023-03-22,-0.005749371036916381,0.00660774647035629
2023-03-23,-0.0027571364230048996,0.006664867076200346
2023-03-24,-0.0038517824751965403,0.006544243489000285
2023-03-27,-5.8243708986327144e-05,0.00648532585271585
2023-03-28,-0.0023567118679794045,0.006314937621022391
2023-03-29,0.004876185815912362,0.006208337753166776
2023-03-30,-0.01058792817133205,0.006182329017068544
2023-03-31,-0.002273503238275237,0.006799591528788214
2023-04-03,0.0034263049327620297,0.0066502921800135565
2023-04-04,-0.0011002553005151413,0.006518343985734038
2023-04-05,-0.005367690169902666,0.00635962206792713
2023-04-06,0.005047666077617722,0.006415192639085513
2023-04-07,0.005424072863382132,0.006379163603263398
2023-04-10,0.003444911807163899,0.006368993243409206
2023-04-11,-5.993314269514094e-06,0.006261107560591079
2023-04-12,0.0002746337275738587,0.006107520236191488
2023-04-13,0.0008545076578503811,0.005964535714410591
2023-04-14,0.0014199963076523773,0.00583336709919661
2023-04-17,0.0035228527863907398,0.005717785060587539
2023-04-18,-0.007517475019500376,0.005670517658611554
2023-04-19,-0.002640601230308174,0.00600680330292477
2023-04-20,0.007366732453483606,0.00593823100047903
2023-04-21,0.004230235571653397,0.006124417510307667
2023-04-24,-0.006030570393063961,0.006072134175898052
2023-04-25,0.001250206166264244,0.006212535720444535
2023-04-26,0.015389539464289009,0.006064739467889073
2023-04-27,-0.007989032515246602,0.007269032203032526
2023-04-28,0.0033891278781022632,0.007437744288118853
2023-05-01,-0.0011181944743568148,0.007242637701665214
2023-05-02,-0.002046925412601701,0.007029915010750219
2023-05-03,0.0026698325265661856,0.006855412524211992
2023-05-04,0.0028092600406939934,0.0066838362221764485
2023-05-05,-0.0022068362171772907,0.006529388526901568
2023-05-08,0.017591389650772313,0.006399670309183143
2023-05-09,0.0021175520908359494,0.00788856451296295
2023-05-10,-0.003888304956750991,0.007629929426212668
2023-05-11,0.0040618687632433615,0.0074789583750387995
2023-05-12,0.005171537285483717,0.007304538949511613
2023-05-15,0.00842747064276833,0.007194895495225219
2023-05-16,0.021426882020056832,0.007322393893519198
2023-05-17,-0.008151981473975889,0.00923528334081704
2023-05-18,0.017350452355382608,0.009205973887684954
2023-05-19,-0.006329198718650708,0.010049377058561643
2023-05-22,-0.002083261841373273,0.009829649930172294
2023-05-23,-0.002706658823050881,0.009460109688267371
2023-05-24,0.004791936060631446,0.009130548759370445
2023-05-25,0.0013393403295673236,0.008860241858685402
2023-05-26,0.0026456585448435773,0.00852700748152996
2023-05-29,-0.0015935612950777169,0.008234511459603779
2023-05-30,-0.002084917157102219,0.007960973620871455
2023-05-31,0.0025701924832729067,0.007718415292643727
2023-06-01,0.0005418069573567857,0.00748060137423248
2023-06-02,-0.007099274626253286,0.007236269553705601
2023-06-05,-0.0022161125734506274,0.007331245142273948
2023-06-06,-0.0013684506368108198,0.007138810909628882
2023-06-07,-0.0006504152029151277,0.006938706486490737
2023-06-08,0.0028780987695664526,0.006740694277760239
2023-06-09,-0.0014912920307251862,0.006583744505388385
2023-06-12,0.012256332770420169,0.006428712317185996
2023-06-13,-0.00031679843714318317,0.007088893895956791
2023-06-14,0.0005501350495707585,0.006876085207170842
2023-06-15,-0.0035794118887871435,0.00667478045185772
2023-06-16,0.0001699655782935986,0.006590049527971848
2023-06-19,-0.006792897029332492,0.0064105063232611096
2023-06-20,-0.0015852946772441936,0.006575715927178526
2023-06-21,0.00012916752069355416,0.0064236992668344805
2023-06-22,0.0022369480515549676,0.006256878005992569
2023-06-23,0.0016738296591063476,0.006121685162305412
2023-06-26,0.00137927645060155,0.005986464431468631
2023-06-27,-0.007677056179680111,0.005857971570129181
2023-06-28,0.0032205124401836088,0.006183315263355828
2023-06-29,0.0042205551618540935,0.006082938756589592
2023-06-30,-0.003954211388401926,0.0060340145824956115
2023-07-03,-0.00019454936383665538,0.006029560407774208
2023-07-04,-0.005567456802915741,0.005895645066097765
2023-07-05,0.001359840000618788,0.00601896089331726
2023-07-06,-0.004441809315035031,0.005887635110796812
2023-07-07,0.004383706683780422,0.005928873486809447
2023-07-10,-0.008061237059694389,0.005902799416275642
2023-07-11,-0.0010389345487256721,0.00626277248934435
2023-07-12,0.0013897547529545258,0.006122871294709739
2023-07-13,0.007371563097739793,0.005983638582338916
2023-07-14,-0.003939568612681965,0.006164495759439447
2023-07-17,0.0072434270778803395,0.006146355727475355
2023-07-18,-0.00406666696024505,0.00629585772998226
2023-07-19,-0.016437831843528507,0.006272351861193944
2023-07-20,0.010255632926768635,0.007769129287657189
2023-07-21,0.005325361986813637,0.007996075462603365
2023-07-24,-0.0009392915889705326,0.007836212732410072
2023-07-25,-0.010774996103661555,0.007578346245129848
2023-07-26,0.0021122924621479458,0.007991135188505633
2023-07-27,-0.0062229396601898666,0.0077253075278305655
2023-07-28,-0.0009236995264124536,0.007702478313735414
2023-07-31,0.015282839871888764,0.007453690936947177
2023-08-01,-0.010712894358214414,0.008335727088827223
2023-08-02,0.007385230967566742,0.008636795208903897
2023-08-03,-0.005270906863022428,0.008539749455963565
2023-08-04,-0.013652001761286343,0.008384441422975137
2023-08-07,-0.005456115580345268,0.009016169058191364
2023-08-08,-0.0038344385642584545,0.008831772135976627
2023-08-09,-0.005863617701702533,0.008585054907746269
2023-08-10,0.010312028862247156,0.008460053274796219
2023-08-11,0.005486142082899003,0.008609141891189673
2023-08-14,0.009644180925607699,0.008408003373098855
2023-08-15,-0.0030263471919875565,0.008503784582987586
2023-08-16,0.00355485674157592,0.008250922795175501
2023-08-17,-0.007366153343322378,0.008001032824059414
2023-08-18,-0.004361636762173325,0.00803523385472766
2023-08-21,0.004052474763188132,0.007873965059023984
2023-08-22,-0.008133593921409141,0.0076687025846035135
2023-08-23,0.008972336475609997,0.007803282316946989
2023-08-24,-0.0048643355380258504,0.007908510115986193
2023-08-25,0.0010578732846602352,0.007784097037572985
2023-08-28,-0.011762872372184013,0.007520495185122871
2023-08-29,0.0015912022310359986,0.008058058460437513
2023-08-30,-0.006428291546240767,0.007780381309509654
2023-08-31,0.014065188542811123,0.007766659377699485
2023-09-01,-0.005212434041847434,0.008426745831959556
2023-09-04,-0.01993043145627426,0.008277656250376648
2023-09-05,-0.012292566003737319,0.009851895049107114
2023-09-06,0.0026204622892855222,0.010121552847738198
2023-09-07,-0.0034928692382998794,0.009724245866401365
2023-09-08,-0.0323504370824411,0.009401079846673708
2023-09-11,0.004115394511820388,0.012956634183914231
2023-09-12,0.015788441268562367,0.012415015853243418
2023-09-13,0.0038067326719800334,0.012626094870799891
2023-09-14,0.003798524193295598,0.012097570127712036
2023-09-15,0.005165183908875546,0.011601142342188552
2023-09-18,-0.0045242645497440195,0.01117447844651546
2023-09-19,-0.00939401617180865,0.010788954093782208
2023-09-20,-0.0008897831011537535,0.010704798077245864
2023-09-21,0.004943659937127722,0.010260991738258358
2023-09-22,-0.009622198519805975,0.00991659444558929
2023-09-25,-0.0007036216300008403,0.009934871568793031
2023-09-26,0.0020078224777956817,0.00953663474092551
2023-09-27,0.007339205673406636,0.00916703573973661
2023-09-28,-0.018148933338693926,0.009020702221429333
2023-09-29,0.0038438214255724803,0.010151767278883716
2023-10-02,0.016160543702382287,0.009779930078187782
2023-10-03,-0.016625153165794264,0.010377983398770491
2023-10-04,0.012796570562251816,0.011063180155759618
2023-10-05,-0.001889231093448177,0.011146793774458603
2023-10-06,0.0056557827070811435,0.01069030328487972
2023-10-09,-0.00794927104698665,0.010343156844805655
2023-10-10,0.002976964515334174,0.010197745763778425
2023-10-11,0.0071434847389643084,0.00980231835094192
2023-10-12,0.01760988874493548,0.00959206816625276
2023-10-13,-0.011985099636305322,0.010403213828647435
2023-10-16,0.00011182791142756113,0.010577069027021749
2023-10-17,0.004927221100618329,0.010134051731058621
2023-10-18,0.013810645295515834,0.00979781235648529
2023-10-19,-0.004972342051690285,0.010127747850842717
2023-10-20,0.001971552801065855,0.0098341177072313
2023-10-23,0.0018027229335418461,0.009445216852111873
2023-10-24,-0.0011502256978441828,0.009078913823162019
2023-10-25,0.0009590494375705304,0.008740816219087792
2023-10-26,0.005946699379932261,0.008412998244928622
2023-10-27,0.004193093003269301,0.008250697440403642
2023-10-30,-0.005486881592774485,0.008022326489381906
2023-10-31,-0.004972932555662158,0.007923974392215495
2023-11-01,-0.0014287145118118344,0.007804272702330716
2023-11-02,0.004629010240859785,0.0075573540571125695
2023-11-03,-0.01116864966626952,0.007400414742136432
2023-11-06,0.0021032851241511393,0.007885563728916136
2023-11-07,0.0076070379692592515,0.007626896200005867
2023-11-08,0.0008029676099105464,0.007641556790132293
2023-11-09,0.0023492202636975056,0.007386568507023248
2023-11-10,0.0006651146606287102,0.0071679023517865
2023-11-13,-0.0003374381170988131,0.006945726941103009
2023-11-14,-0.00035764191833325006,0.006743509077203452
2023-11-15,-0.003974568148221218,0.006556391322953458
2023-11-16,0.005640909441394991,0.006503028622939893
2023-11-17,-0.004212256159654945,0.006494209662034935
2023-11-20,0.004150106830782957,0.0064601634553746075
2023-11-21,0.005779048394327127,0.006373868768121297
2023-11-22,-0.00015208519109706584,0.006386943785714785
2023-11-23,-0.00617036710859669,0.006224770119242034
2023-11-24,-0.005525370289621939,0.006358654773043078
2023-11-27,0.0053140344602569025,0.006426013417402261
2023-11-28,0.0028171832301683917,0.006404551336302471
2023-11-29,0.006529171773988797,0.00627263876587631
2023-11-30,-0.007512187162639893,0.006349761441257294
2023-12-01,0.0023029865389080414,0.006589623265037528
2023-12-04,-0.0050749637895575374,0.0064296875611782375
2023-12-05,-0.00012620310889718562,0.00645702807964495
2023-12-06,-0.006462739627277324,0.0062892973284682935
2023-12-07,-0.00023416928085942014,0.006440350475453274
2023-12-08,-0.00028514010153617673,0.006274824554092386
2023-12-11,-0.005954737844235378,0.006122531867168995
2023-12-12,0.0015178712500920752,0.0062505958171260945
2023-12-13,0.003101294563147795,0.006102936851443568
2023-12-14,-0.0005176848869924155,0.00600521382331871
2023-12-15,0.0054549001235082335,0.005877005050171161
2023-12-18,0.0002785561992089744,0.005920249347998693
2023-12-19,0.0022021328335177595,0.005792092894350345
2023-12-20,-0.003488929543929093,0.005694320554881022
2023-12-21,-0.005492464342617525,0.005696988909597849
2023-12-22,-0.006597216421639254,0.005838054871639715
2023-12-25,0.002993439964715397,0.006058401991506957
2023-12-26,-0.002390754540893576,0.0059608045304503235
2023-12-27,0.001228413812708142,0.0058861352796609374
2023-12-28,7.045564796663887e-05,0.005764059039602713
2023-12-29,-0.0016199547545414348,0.005649486668614439
2024-01-01,0.0044456030010729015,0.005575353469500501
2024-01-02,-0.0005778865834866552,0.005587623137099548
2024-01-03,-0.0036839503519792943,0.0054947544302702015
2024-01-04,-0.0007775418008142691,0.005529333492194409
2024-01-05,-0.00412354709079958,0.005444882462031551
2024-01-08,0.003542263905016403,0.00551291624631394
2024-01-09,0.0016288272222284895,0.0054857497717637664
2024-01-10,-0.00022658732596225013,0.005402411088983985
2024-01-11,-0.0018922214176089166,0.005320683729401639
2024-01-12,-0.007691154449254833,0.005285501459498119
2024-01-15,0.004847538018391981,0.005701795682716529
2024-01-16,0.0024490023803887236,0.005724640910346208
2024-01-17,0.002386611673341546,0.0056389937949486504
2024-01-18,0.012915983790906485,0.00555906198976064
2024-01-19,0.009275746307331897,0.00649194774047709
2024-01-22,-0.00495764718244255,0.006789104858420511
2024-01-23,-0.006587796395081587,0.006772416357712211
2024-01-24,0.002111454579677211,0.006877354841000838
2024-01-25,0.003616763518393687,0.006691483506452281
2024-01-26,-0.006682135325727125,0.006563192329330126
2024-01-29,-0.0005529604727969053,0.006700342500467019
2024-01-30,-0.0030171343669750826,0.006518729072586924
2024-01-31,0.00599618773732148,0.00642137559889153
2024-02-01,-0.01330731185786464,0.0064441682547359234
2024-02-02,0.005737658456180796,0.007390935184740695
2024-02-05,-0.006228740929429098,0.007304654399957766
2024-02-06,0.006007273793937302,0.007324223827285051
2024-02-07,-0.0028800276509893486,0.007259905948169312
2024-02-08,0.011628984193507037,0.007095743646183531
2024-02-09,-0.0022524071492020965,0.007564586124664383
2024-02-12,0.001699975028158636,0.007355727463882598
2024-02-13,-0.012932469271001414,0.007128200970517133
2024-02-14,-0.0007433646649314277,0.007884454491325639
2024-02-15,0.0024331331041739504,0.007620487964586424
2024-02-16,0.006080479940125207,0.0073867187183784214
2024-02-19,-0.011061164762908086,0.007321105967746207
2024-02-20,-0.010281997666196021,0.007805868035387276
2024-02-21,-0.004316856875161484,0.008132560242703478
2024-02-22,0.0003444391123936867,0.007961209160896626
2024-02-23,0.004477823328786408,0.007684055056307845
2024-02-26,0.002771976293656487,0.007510398003590498
2024-02-27,-0.0017244146588679763,0.007292353560916907
2024-02-28,0.009634654596631188,0.007089176260867173
2024-02-29,0.020540232826163483,0.00734207948880008
2024-03-01,-0.009744499927839314,0.009090896140426432
2024-03-04,-0.006896593498704921,0.009207384844467955
2024-03-05,0.0009045376649056584,0.009092585426463205
2024-03-06,4.971473902051364e-05,0.008741892862622154
2024-03-07,-0.003646909558283423,0.00841396709553277
2024-03-08,0.00016605144103250372,0.008190916112804718
2024-03-11,-0.00500131125813642,0.007898792174852207
2024-03-12,-0.0033657972310418625,0.007782864516620323
2024-03-13,0.0030364627936424068,0.007596790976075582
2024-03-14,0.006556996477053521,0.007379349652987562
2024-03-15,5.8412182012247216e-05,0.007344678187421556
2024-03-18,0.003624960591026221,0.007110940014736941
2024-03-19,0.0019117048516564803,0.006949111554688532
2024-03-20,0.016623894570431078,0.006754300045645761
2024-03-21,-0.0014615928103689719,0.00799105188854505
2024-03-22,0.003690355492210049,0.007731691080557525
2024-03-25,0.004558413013205025,0.007524321346273662
2024-03-26,-0.03253284818988549,0.007366921191695395
2024-03-27,0.0015674205002548997,0.011753208065165329
2024-03-28,0.002345949234297314,0.011243454129523977
2024-03-29,0.0029761361330183384,0.010772480539434129
2024-04-01,-0.0095821062900035,0.010340802835717228
2024-04-02,-0.004282189798748901,0.010313626536669531
2024-04-03,-0.002395695799687017,0.009978143627238745
2024-04-04,0.02083177618165413,0.009606134475134661
2024-04-05,-0.002985441579182285,0.010868326799236572
2024-04-08,-0.02167100494605678,0.010453723686498266
2024-04-09,-0.005213276135490911,0.011818484752612551
2024-04-10,-0.004513631470847967,0.011415789311256204
2024-04-11,0.026935014885226965,0.011013588928279939
2024-04-12,-0.005202253691294276,0.012925711892642164
2024-04-15,0.005641236819799583,0.012448609597510171
2024-04-16,-0.0023874249180882022,0.011982724152006552
2024-04-17,-0.010389900233554844,0.011484515144549236
2024-04-18,-0.01665069974403526,0.01141016535649615
2024-04-19,-0.004679200197484332,0.011945894954047206
2024-04-22,-0.005518082586869618,0.011514334318694554
2024-04-23,0.011319261350947664,0.011145370822193003
2024-04-24,-0.003957346986116838,0.011097831994681702
2024-04-25,-0.0033456074834637586,0.01069743534013337
2024-04-26,0.0005891583791293188,0.010304111137019569
2024-04-29,-0.009572472337632925,0.009877138838194547
2024-04-30,-0.006789363293604966,0.009895375707140405
2024-05-01,0.013147681983925852,0.00971480312332733
2024-05-02,-0.004261487586721119,0.009986829753121419
2024-05-03,0.005347645901976486,0.00967351191600693
2024-05-06,-0.012731998501422575,0.009386113315611058
2024-05-07,0.0005614188699760403,0.009761970784809492
2024-05-08,-0.006595107901307582,0.009368391965824965
2024-05-09,0.0030789973644487086,0.009220484570416902
2024-05-10,0.008254272291953836,0.00889087736584153
2024-05-13,0.008347762958126644,0.008829112605647917
2024-05-14,-0.013100437041761849,0.008779800518157884
2024-05-15,0.000889266535583293,0.00928300374032754
2024-05-16,0.011095531982704913,0.008920138164484876
2024-05-17,-0.005680522512556442,0.009088080227741801
2024-05-20,-0.0007797884837337113,0.008910094875226733
2024-05-21,-0.002470979117232142,0.008577985795163999
2024-05-22,0.0018978099075958991,0.008302396860246693
2024-05-23,0.00461148874613394,0.008012061162120058
2024-05-24,-0.0031461323937743263,0.00781832199616799
2024-05-27,-0.0016053684977176568,0.00762083233425472
2024-05-28,0.0030054031946083223,0.007390803950926758
2024-05-29,-0.009872036251849141,0.0071877498808970396
2024-05-30,0.010646013812353026,0.007556699305654268
2024-05-31,0.005335287087041169,0.007850392452540496
2024-06-03,0.006347098096371186,0.007702999129569137
2024-06-04,-0.0003342782900172275,0.007624805605588618
2024-06-05,-0.008948885218582739,0.007374250883440946
2024-06-06,-0.006579971375986336,0.00762129470842407
2024-06-07,6.088559769981867e-05,0.007634513691399756
2024-06-10,0.0085256266749257,0.007380558589322213
2024-06-11,-0.001988609296354217,0.007495214157273855
2024-06-12,-0.009699483419781833,0.007283945760056882
2024-06-13,0.0001633877807649177,0.007620540414848408
2024-06-14,0.0008193662208601099,0.007367118650856331
2024-06-17,-0.006458172659222376,0.00713127990453732
2024-06-18,-1.556693266517692e-05,0.007186301629462544
2024-06-19,-0.0026036017182827303,0.006964187155700157
2024-06-20,0.002608564050047239,0.006813259128766154
2024-06-21,0.003050889286444329,0.0066433525684247655
2024-06-24,-0.005779261333602391,0.006499329419693393
2024-06-25,0.0031634732902020915,0.006570501080342106
2024-06-26,0.010904995657930088,0.0064359819141688625
2024-06-27,0.005116564259728118,0.0069239289172319885
2024-06-28,0.0018177522575865011,0.006844832045487247
2024-07-01,-0.004959269820684826,0.006656235485529802
2024-07-02,0.0015849795397375709,0.006652759871883756
2024-07-03,0.0013092339287723732,0.0064751422354867244
2024-07-04,-1.5669856113896086e-05,0.00630770235798454
2024-07-05,0.009817161502292851,0.00615058301019275
2024-07-08,-0.004324871689857188,0.006556787636146925
2024-07-09,0.011566754051386036,0.006523393951070492
2024-07-10,-0.003716125713950203,0.007077926631117782
2024-07-11,-0.000796954824151243,0.0069648688529508045
2024-07-12,0.0008483298056408952,0.006767054430858005
2024-07-15,-0.0021714672335724013,0.006574452813387232
2024-07-16,0.0016798313805617296,0.0064398777775912675
2024-07-17,-0.0031149799869671663,0.006279823514893322
2024-07-18,0.00040366110024263476,0.006207899118452253
2024-07-19,-0.0023103794898749726,0.006056810448832021
2024-07-22,-0.00090005234349919,0.005970621086783306
2024-07-23,-0.0054376985148728695,0.005851520851104466
2024-07-24,-0.0026180467279475483,0.005969653904214312
2024-07-25,-0.0006823111269740724,0.005903462390352311
2024-07-26,-0.004861842675187328,0.00578598393905057
2024-07-29,0.003467629061934307,0.005867691000600903
2024-07-30,0.003860464237606005,0.005804426215451319
2024-07-31,-0.0057932245012143994,0.005764169056588728
2024-08-01,0.0021642623565052235,0.005922115702302371
2024-08-02,0.0034710032077864676,0.0058125631598816285
2024-08-05,-0.002559682118051656,0.005754428750423972
2024-08-06,0.004343743798410684,0.005705351662467214
2024-08-07,-0.004068234951060406,0.005698937018795812
2024-08-08,0.007187001089893669,0.0057358169841120596
2024-08-09,-0.0006210363084073963,0.005931855992335338
2024-08-12,0.0016321841488926194,0.00581108954971489
2024-08-13,0.003644521111817812,0.005700388833674887
2024-08-14,-0.0011034040069888777,0.005660038039747634
2024-08-15,-0.0023604403525757456,0.005571184784497948
2024-08-16,-0.00012445373004579222,0.005530719612633676
2024-08-19,-0.009463161231680136,0.005437018382081412
2024-08-20,0.0018186392680709575,0.00604534684998788
2024-08-21,0.0006174019924818963,0.005918673959979248
2024-08-22,-0.0031533928854732864,0.005790400155283734
2024-08-23,-0.004899399112993846,0.0057657300429805975
2024-08-26,-0.0010054553395502698,0.005852483190765099
2024-08-27,-0.002089104355765153,0.005745234130191708
2024-08-28,0.0011213520332046035,0.00567831142143957
2024-08-29,-0.0021880719076164535,0.005572233376923419
2024-08-30,-0.006725609323580552,0.005524750200022691
2024-09-02,0.0010242575801894095,0.005800632095138153
2024-09-03,0.0006715796709010744,0.005683712441148217
2024-09-04,-0.00456991927589828,0.005574628558834575
2024-09-05,-0.0026885558390113253,0.00565907781614696
2024-09-06,-0.009244771779895435,0.005624588573697229
2024-09-09,0.006329604547262963,0.006170027805805142
2024-09-10,-0.011371146226292093,0.006243481556484753
2024-09-11,-0.005960098652060795,0.006953911472662667
2024-09-12,-0.0009941521335754893,0.006989980419158206
2024-09-13,-0.0005384715412910847,0.0067935589260751305
2024-09-16,0.0015319913150493797,0.006604806768196575
2024-09-17,-0.0017948074233318833,0.006430110861147011
2024-09-18,-0.010242724238454485,0.006295473326668218
2024-09-19,-0.01605936040717419,0.0068485163277304155
2024-09-20,0.002981372286232945,0.008133200579700843
2024-09-23,0.006665822584724177,0.007875698900828568
2024-09-24,0.006846205222642773,0.0078016254274711665
2024-09-25,0.001402436109605918,0.007746016333428434
2024-09-26,0.011932103399623301,0.007487712828929787
2024-09-27,0.010303134041135194,0.007931878599603126
2024-09-30,0.0040052128194869654,0.008143177713229333
2024-10-01,-0.009512577315558763,0.007916004692716087
2024-10-02,-0.0024445339086850365,0.008149659724528144
2024-10-03,0.006420201079484527,0.007903725745380352
2024-10-04,-0.004228892161548859,0.007811907261232161
2024-10-07,0.00235117489057107,0.007662395137183102
2024-10-08,0.0025053495726653566,0.007423962364703433
2024-10-09,0.004137808022483138,0.007205928783020744
2024-10-10,0.009037907390630534,0.00705631351628069
2024-10-11,-0.0016243764996925498,0.007255623571059877
2024-10-14,-0.0032860253493044124,0.007052708990552737
2024-10-15,-0.010323159568980576,0.006921947177675304
2024-10-16,0.000533757790715803,0.007381956387159414
2024-10-17,0.035437471104669056,0.007144511407983475
2024-10-18,0.001244786157045949,0.012066059419217703
2024-10-21,-0.006701651322376269,0.011535821922639982
2024-10-22,0.011261250528457944,0.011221264243805231
2024-10-23,0.0034438289026425878,0.011161964663143783
2024-10-24,-0.012538701699953409,0.010715586774217554
2024-10-25,0.009415962817091965,0.01090605516609177
2024-10-28,0.001735105731930478,0.010742783009710035
2024-10-29,0.0036099837132199724,0.010295080718861167
2024-10-30,0.01060535186949028,0.009907753438736741
2024-10-31,-0.004192705297712403,0.009925556472813835
2024-11-01,0.0006118346908932387,0.009613881776182252
2024-11-04,0.009768098444192158,0.009229574805245108
2024-11-05,-0.008780071359882355,0.009248694928407613
2024-11-06,0.005451548376315906,0.009266827938752189
2024-11-07,0.005047280956001396,0.009013773712914811
2024-11-08,-0.005253681322088068,0.008762278586092529
2024-11-11,-0.0025715629370657665,0.00858767496583084
2024-11-12,0.0068722616745838065,0.008314331307867786
2024-11-13,-0.001378473814967697,0.008213632089108993
2024-11-14,-0.004857865163249658,0.007937233144843259
2024-11-15,-0.001966960397702189,0.007810008996450882
2024-11-18,-0.008487744078162654,0.0075751889719323715
2024-11-19,0.008873216283664739,0.007752902853357642
2024-11-20,0.0010263458075522509,0.007855292003667542
2024-11-21,0.004154350841767642,0.007586647112481582
2024-11-22,0.0055774459727647024,0.007407417591466735
2024-11-25,0.01880902094179258,0.007310628457625331
2024-11-26,0.0035716844682453313,0.008770312390596878
2024-11-27,0.003240109923921753,0.008484182996823453
2024-11-28,0.004537289362743516,0.00820876855580929
2024-11-29,0.003182505463490128,0.007996841221034763
2024-12-02,0.00913812573574618,0.007754365828868859
2024-12-03,-0.011692674698177304,0.007879501746002786
2024-12-04,-0.001722113115992303,0.008352891612632161
2024-12-05,-0.01181412375139526,0.008073954508118302
2024-12-06,-0.007001595301706102,0.008532343099080205
2024-12-09,-0.0026318935512729775,0.00848661920024846
2024-12-10,-0.00455673792134414,0.008222234214758397
2024-12-11,0.0016002268840021655,0.008055449696107726
2024-12-12,-0.0024746723889501254,0.007778051347321663
2024-12-13,0.010539513167786379,0.007560169875812427
2024-12-16,0.003996739677369362,0.007842442072959161
2024-12-17,0.0033585492465271777,0.007637518115896756
2024-12-18,0.006897925134720357,0.007426453997512656
2024-12-19,0.008646925973033119,0.007410241073123968
2024-12-20,0.00022304204579574107,0.007531951786252926
2024-12-23,-0.0009107767584882638,0.007284463219487524
2024-12-24,-0.0020310371916508847,0.007065145946223839
2024-12-25,-0.0046853121121772315,0.006887463281828835
2024-12-26,0.0046994305282961665,0.006844299259145654
2024-12-27,-0.003897553992409632,0.006750615264909298
2024-12-30,0.009269228256045906,0.00667538795117081
2024-12-31,-0.0025683439485238583,0.006946702311550676
2025-01-01,0.01817885025150805,0.006795894677795455
2025-01-02,-0.004304954161687318,0.008280646455545571
2025-01-03,0.0064571370035801795,0.008096863708204479
2025-01-06,-0.004162000381281469,0.007990136433169889
2025-01-07,-0.001862131797715245,0.007822837848441412
2025-01-08,-0.0011828968221034078,0.0075844239157030835
2025-01-09,-0.00113838586001704,0.007348313334152788
2025-01-10,-0.005420431743040853,0.007128301524858723
2025-01-13,0.005356731354140297,0.0071088350190655954
2025-01-14,-0.00862779183249017,0.007026308344441423
2025-01-15,-0.0019409444289081143,0.007286798662995458
2025-01-16,0.008248435630184688,0.007089735400981518
2025-01-17,-0.0029350464054126685,0.007213943001406841
2025-01-20,-0.006740060414447462,0.007055553824426482
2025-01-21,-0.002255357736896517,0.007141164735309582
2025-01-22,-0.0008701660943238707,0.006964479169313976
2025-01-23,0.006715296439444204,0.0067678476268242214
2025-01-24,-0.0004026784846746217,0.006805422700783004
2025-01-27,0.003143778289407585,0.006614195839135317
2025-01-28,0.003394414053644167,0.006475491721103107
2025-01-29,0.006820938719245384,0.006356807716470746
2025-01-30,-0.0007993706286134458,0.006447049341610491
2025-01-31,-0.008371392944777322,0.006288328061916339
2025-02-03,0.0036727089929654145,0.006624567295703746
2025-02-04,0.003207217301818124,0.006503974881416776
2025-02-05,0.0021613721908849545,0.006376350239269437
2025-02-06,0.0026311768082859935,0.006229997651763596
2025-02-07,-0.0017667081625016442,0.006106958067150618
2025-02-10,-0.0048873612102876916,0.005998039714945088
2025-02-11,-0.0029240951806257533,0.006058112349953713
2025-02-12,-0.005038531517509288,0.00599738334148104
2025-02-13,0.0024058631260949898,0.006068424240265537
2025-02-14,0.0008838844971476236,0.005952628043502366
2025-02-17,-0.005643827095283178,0.005822558883037058
2025-02-18,-0.007145745557729689,0.005960847394618423
2025-02-19,0.0067904465326565164,0.0062173246261088685
2025-02-20,-0.0008890375315490707,0.006321011814748857
2025-02-21,8.869213658686315e-05,0.006173655752234597
2025-02-24,-0.0006525821555503632,0.0060262888036560144
2025-02-25,-0.0010182986515792577,0.005898374074317964
2025-02-26,-0.0015036669686200738,0.005787586155916702
2025-02-27,-0.0025154091866890346,0.005698044635366937
2025-02-28,-0.001572864188195629,0.005652287749665973
2025-03-03,-0.006123091035887377,0.005576491943860221
2025-03-04,-0.0020862806196206224,0.005787638806069042
2025-03-05,0.0026002934680392927,0.005716834303182022
2025-03-06,0.008741278455811475,0.005636210927315078
2025-03-07,0.0017307598893112482,0.006001973000802744
2025-03-10,-0.005156486325327909,0.005877286236396826
2025-03-11,0.0019540374816741863,0.005970587170285294
2025-03-12,-0.005649708280154124,0.005852542869729951
2025-03-13,0.00274166130533685,0.005987699490814806
2025-03-14,0.006935693191468565,0.0058880637144736354
2025-03-17,-0.0034123810340472758,0.006042831838096121
2025-03-18,0.0076751188271221606,0.006007393194190235
2025-03-19,0.00030429627268110764,0.0062127676687052024
2025-03-20,-0.0007179972116206882,0.006061493041379222
2025-03-21,0.0008703056204301117,0.005931796479838223
2025-03-24,-0.0006299503721218741,0.0058033230679155525
2025-03-25,0.0028866285434941993,0.005693228064553305
2025-03-26,-0.002280203691936086,0.00562381017459563
2025-03-27,-0.002923898900433508,0.005575202184440417
2025-03-28,0.0030222466727184566,0.005559895516291782
2025-03-31,0.0002903608319720116,0.005507279963749479
2025-04-01,8.974839076556878e-05,0.0054130061172759205
2025-04-02,0.0010451972510477137,0.00532766705169629
2025-04-03,0.0009561959228515983,0.005250658225000101
2025-04-04,0.005347147130343486,0.005179683368101491
2025-04-07,0.002431215437038402,0.005293939425292308
2025-04-08,0.0049770238969509255,0.005246101659321735
2025-04-09,-0.0021326293370532304,0.005326624052423261
2025-04-10,-0.0059887724870478914,0.0053000085277642404
2025-04-11,-0.003573842697436647,0.00553619136465042
2025-04-14,0.0018572427175301835,0.005559871301505415
2025-04-15,-0.006202852084371036,0.00547433289304882
2025-04-16,0.000680536340299832,0.005706640574516781
2025-04-17,-0.006420400661715536,0.005595692937578205
2025-04-18,0.0015830494189383703,0.005831977120324648
2025-04-21,-0.017720924037564315,0.005718793675444165
2025-04-22,-0.003590641302552588,0.007615399320763507
2025-04-23,-0.00355220011591803,0.007452083187573035
2025-04-24,-0.00472382913644679,0.007300261331857477
2025-04-25,-0.003604256860079295,0.007221322955651229
2025-04-28,0.0003515692487396681,0.007090863745462502
2025-04-29,0.0019800471031242986,0.006874160045131086
2025-04-30,0.00035567530529043254,0.006686098402481547
2025-05-01,-0.003571628216688876,0.006498860441054255
2025-05-02,-0.009152437144145733,0.006429457273819064
2025-05-05,0.002654674614722464,0.006830643613746301
2025-05-06,-0.007113211337357213,0.006660580513426602
2025-05-07,0.0017201955127248724,0.0068237730360582415
2025-05-08,-0.003007887260193628,0.0066352543862322165
2025-05-09,0.009266675189716769,0.006527508141353083
2025-05-12,-0.0028627267567561112,0.0068187897601002
2025-05-13,0.00034132696898789565,0.006689614257373208
2025-05-14,0.002474307202699493,0.006502142661589904
2025-05-15,0.004793314287585632,0.006353101949988776
2025-05-16,-0.004246164873337786,0.006308749301883458
2025-05-19,0.006017103010670129,0.006294630446579525
2025-05-20,0.001716851464988686,0.006332077799864195
2025-05-21,0.012080836445192554,0.0061809502939440715
2025-05-22,0.00019825761231959685,0.006863890566159296
2025-05-23,-8.177135377857459e-05,0.006664006168309823
2025-05-26,-0.004705945483437486,0.0064803670438325035
2025-05-27,-0.00010962243493815177,0.006477946494888116
2025-05-28,-0.01350221026304325,0.006308497671603303
2025-05-29,0.0072940847069798195,0.007314532108440004
2025-05-30,-0.0020259735659076262,0.007337909029778793
2025-06-02,-0.0004931606876619286,0.007139388029294343
2025-06-03,0.009277770698108123,0.006924787703725624
2025-06-04,0.004934226726092963,0.007163892583071573
2025-06-05,0.008641407189490826,0.007054233521813754
2025-06-06,0.001940259844429685,0.00721724257623784
2025-06-09,0.004630832840638947,0.007003262042605026
2025-06-10,-0.003028470820394467,0.006892475151223774
2025-06-11,0.0011283558886871718,0.006763992966114282
2025-06-12,0.011235380465071141,0.006573281315363505
2025-06-13,0.02407158636653376,0.00707863659359645
2025-06-16,0.003460549830853513,0.0095679653599174
2025-06-17,0.013806472283275374,0.009224562506688254
2025-06-18,-0.006601311503803348,0.00963059055644382
2025-06-19,-0.009170810047461122,0.009460852869863392
2025-06-20,-0.01042294673836244,0.009488884480306848
2025-06-23,-0.0035771243254393626,0.009621844784056515
2025-06-24,0.0013522396048529872,0.009308691785897476
2025-06-25,0.002549283918840482,0.00894676888467999
2025-06-26,-0.0016196741889692905,0.008624162063336454
2025-06-27,0.0027533480204610756,0.00832454176868692
2025-06-30,-0.006538812672612736,0.008048254610588378
2025-07-01,0.0008676195083195408,0.00801626800677111
